Size,Name,Manufacturer,Type,Damage Sustained (60s),Damage Burst,Damage Alpha,Damage Maximum,Damage Alpha Physical,Damage Alpha Energy,Damage Alpha Distortion,Damage RPM,Ammo Speed,Ammo Lifetime,Ammo Range,Ammo Quantity,Ammo Spread,Ammo Explosion Radius,Ammo Pellet Per Shot,Ammo Penetration Base Distance,Ammo Penetration Near Radius,Ammo Penetration Far Radius,Barrel Spin Time Up,Barrel Spin Time Down,Heat Per Shot,Heat Cooling Delay,Heat Cooling sec.,Overheat Max Round,Overheat Max Time,Overheat Cooldown,Capacitor Max Ammo,Capacitor Max Regen sec.,Capacitor Cooldown,Charge Action Charge Time,Charge Action Overcharge,Charge Action Overcharged,Charge Action Cooldown,Charge Modifiers Damage,Charge Modifiers Fire Rate,Charge Modifiers Ammo Speed,Laser Beam Max Energy Draw Per sec.,Laser Beam Full Dmg Range,Laser Beam Zero Dmg Range,Laser Beam Heat Per sec.,Laser Beam Charge Up Time,Laser Beam Charge Down Time,Distortion Resistance Shutdown Dmg,Distortion Resistance Decay Delay,Distortion Resistance Decay Rate,Distortion Resistance Shutdown Time,EM Emit Active,EM Emit Decay,IR Emit Active,Power Segment Usage Min,Power Segment Usage Max,Health,Damage Multipliers Physical,Damage Multipliers Energy,Damage Multipliers Distortion,Damage Multipliers Thermal,Damage Multipliers Biochemical,Damage Multipliers Stun,Lifetime,Self Repair Use,Self Repair Time to Repair,Self Repair Health Ratio,Mass,K µSCU
1,9-Series Longsword Cannon,KnightBridge Arms,Ballistic Cannon,149.3,202.5,48.6,24 057,48.6,0,0,250,1 200,2.08,2 496,495,0.5 - 0.5,,1,1.98,0.1,0.2,,,2.4,0.798,32.1,42,10.1,3.94,,,,,,,,,,,,,,,,,500 000,0,500 000,1s,38,0.15,0,0.1,0.1,850,0.6,1,1,1,1,1,,1,21.2,20%,76.8,84
2,10-Series Greatsword Cannon,KnightBridge Arms,Ballistic Cannon,217.8,304.1,73,35 911.1,73,0,0,250,1 196,2.26,2 703,492,0.5 - 0.5,,1,2.64,0.13,0.26,,,2.4,0.838,30.6,42,10.1,4.26,,,,,,,,,,,,,,,,,500 000,0,500 000,1s,38,0.15,0,0.1,0.1,850,0.6,1,1,1,1,1,,1,34.9,20%,192,252
3,11-Series Broadsword Cannon,KnightBridge Arms,Ballistic Cannon,315.6,455.3,109.3,53 428.1,109.3,0,0,250,1 184,2.53,2 996,489,0.5 - 0.5,,1,4.95,0.25,0.5,,,2.4,0.88,29.1,42,10.1,4.6,,,,,,,,,,,,,,,,,500 000,0,500 000,1s,38,0.15,0,0.1,0.1,2 850,0.6,1,1,1,1,1,,1,57.6,20%,480,756
5,Absolution Distortion Scattergun,Preacher Armament,Distortion ScatterGun,720,720,720,∞,0,0,720,60,750.6,2,1 501,∞,4 - 4,20 - 25,8,1.68,0.08,0.17,,,,,,,,,75,15,0.401,,,,,,,,,,,,,,500 000,0,500 000,1s,578,0.15,0,0,1.4,2 640,0.6,1,1,1,1,1,,1,87.1,20%,1 880,4 200
4,AD4B Ballistic Gatling,Behring,Ballistic Gatling,1 108.5,1 266,84.4,440 568,84.4,0,0,900,1 296,2.16,2 799,5 220,0.756 - 0.756,,1,2.2,0.11,0.22,0.198,0.397,0.508,0.485,31.7,197,13.1,2.23,,,,,,,,,,,,,,,,,500 000,0,500 000,1s,36,0.15,0,0.1,0.1,1 650,0.6,1,1,1,1,1,,1,37,20%,375,2 100
5,AD5B Ballistic Gatling,Behring,Ballistic Gatling,1 592.6,1 897.5,126.5,633 006,126.5,0,0,900,1 251,3.2,4 003,5 004,0.792 - 0.792,,1,3.3,0.17,0.33,0.228,0.456,0.573,0.509,30.2,175,11.7,2.41,,,,,,,,,,,,,,,,,500 000,0,500 000,1s,36,0.15,0,0.1,0.1,1 650,0.6,1,1,1,1,1,,1,61,20%,938,4 200
6,AD6B Ballistic Gatling,Behring,Ballistic Gatling,2 352.9,2 848.5,189.9,898 986.6,189.9,0,0,900,1 215,4.94,6 002,4 734,0.828 - 0.828,,1,5.5,0.28,0.55,0.262,0.524,0.654,0.534,28.8,153,10.2,2.61,,,,,,,,,,,,,,,,,500 000,0,500 000,1s,36,0.15,0,0.1,0.1,1 650,0.6,1,1,1,1,1,,1,101,20%,2 340,7 560
1,APAR BallisticScatterGun S6,Apocalypse Arms,Ballistic ScatterGun,355,355,355,582 555,355,0,0,60,900,1.39,1 251,1 641,4 - 4,,1,0.528,0.03,0.05,,,0,0.2,32.4,,,0.986,,,,,,,,,,,,,,,,,500 000,0,500 000,1s,41,0.15,0,0.1,0.1,1 550,0.6,1,1,1,1,1,,1,16.2,20%,60,7 560
1,Ardor-1 Salvaged Repeater,Hurston Dynamics,Laser Repeater,150.6,210,36,∞,0,36,0,350,1 500,1.07,1 605,∞,0.3 - 0.3,,1,0.3,0.02,0.03,,,,,,,,,75,15,0.66,,,,,,,,,,,,,,500 000,0,500 000,1s,167,0.15,0,0,0.45,524,0.6,1,1,1,1,1,,1,9.99,20%,24,84
2,Ardor-2 Salvaged Repeater,Hurston Dynamics,Laser Repeater,246.2,344.2,59,∞,0,59,0,350,1 495,1.16,1 734,∞,0.3 - 0.3,,1,0.4,0.02,0.04,,,,,,,,,75,15,0.693,,,,,,,,,,,,,,500 000,0,500 000,1s,223,0.15,0,0,0.6,850,0.6,1,1,1,1,1,,1,16.5,20%,60,252
3,Ardor-3 Salvaged Repeater,Hurston Dynamics,Laser Repeater,383,536.7,92,∞,0,92,0,350,1 480,1.3,1 924,∞,0.3 - 0.3,,1,0.75,0.04,0.08,,,,,,,,,75,15,0.727,,,,,,,,,,,,,,500 000,0,500 000,1s,278,0.15,0,0,0.75,1 024,0.6,1,1,1,1,1,,1,27.2,20%,150,756
1,Attrition-1 Repeater,Hurston Dynamics,Laser Repeater,142.2,198.3,34,∞,0,34,0,350,1 500,1.07,1 605,∞,0.5 - 0.5,,1,0.3,0.02,0.03,,,,,,,,,75,15,0.66,,,,,,,,,,,,,,500 000,0,500 000,1s,167,0.15,0,0,0.45,524,0.6,1,1,1,1,1,,1,9.99,20%,24,84
2,Attrition-2 Repeater,Hurston Dynamics,Laser Repeater,229.5,320.8,55,∞,0,55,0,350,1 495,1.16,1 734,∞,0.5 - 0.5,,1,0.4,0.02,0.04,,,,,,,,,75,15,0.693,,,,,,,,,,,,,,500 000,0,500 000,1s,223,0.15,0,0,0.6,850,0.6,1,1,1,1,1,,1,16.5,20%,60,252
3,Attrition-3 Repeater,Hurston Dynamics,Laser Repeater,358,501.7,86,∞,0,86,0,350,1 480,1.3,1 924,∞,0.5 - 0.5,,1,0.75,0.04,0.08,,,,,,,,,75,15,0.727,,,,,,,,,,,,,,500 000,0,500 000,1s,278,0.15,0,0,0.75,1 024,0.6,1,1,1,1,1,,1,27.2,20%,150,756
4,Attrition-4 Repeater,Hurston Dynamics,Laser Repeater,415.2,583.3,100,∞,0,100,0,350,1 440,1.56,2 246,∞,0.5 - 0.5,,1,1,0.05,0.1,,,,,,,,,75,15,0.764,,,,,,,,,,,,,,500 000,0,500 000,1s,334,0.15,0,0,0.9,1 650,0.6,1,1,1,1,1,,1,44.9,20%,375,2 100
4,Attrition-4 Repeater (Point Defense Turret),Hurston Dynamics,Laser Repeater,622.8,875,150,∞,0,150,0,350,1 440,1.56,2 246,∞,0.5 - 0.5,,1,1,0.05,0.1,,,,,,,,,75,15,0.764,,,,,,,,,,,,,,500 000,0,500 000,1s,334,0.15,0,0,0.9,1 650,0.6,1,1,1,1,1,,1,44.9,20%,375,2 100
5,Attrition-5 Repeater,Hurston Dynamics,Laser Repeater,621.2,875,150,∞,0,150,0,350,1 390,2.3,3 197,∞,0.5 - 0.5,,1,1.5,0.08,0.15,,,,,,,,,75,15,0.802,,,,,,,,,,,,,,500 000,0,500 000,1s,390,0.15,0,0,1.05,2 640,0.6,1,1,1,1,1,,1,74.1,20%,938,4 200
6,Attrition-6 Repeater,Hurston Dynamics,Laser Repeater,2 086.8,2 947.9,505.4,∞,0,505.4,0,350,1 350,3.56,4 806,∞,0.5 - 0.5,,1,2.5,0.13,0.25,,,,,,,,,75,15,0.842,,,,,,,,,,,,,,500 000,0,500 000,1s,446,0.15,0,0,1.2,4 224,0.6,1,1,1,1,1,,1,122,20%,2 340,7 560
2,ATVS Repeater,Behring,Distortion Repeater,142.5,225,27,∞,0,0,27,500,1 345.5,0.96,1 292,∞,0.55 - 0.55,18 - 28,1,0.56,0.03,0.06,,,,,,,,,75,15,0.5,,,,,,,,,,,,,,500 000,0,500 000,1s,243,0.15,0,0,0.6,850,0.6,1,1,1,1,1,,1,16.5,20%,90,252
4,Axiom L-22 Repeater,Kruger Intergalactic,Laser Repeater,506.5,779.2,85,∞,0,85,0,550,1 440,1.56,2 246,∞,0.55 - 0.55,,1,1,0.05,0.1,,,,,,,,,75,15,0.25,,,,,,,,,,,,,,500 000,0,500 000,1s,0,0.15,0,0,1.2,1 650,0.6,1,1,1,1,1,,1,12.5,20%,280,2 100
4,Breakneck S4 Gatling,Grey's Market,Ballistic Gatling,667.3,953.3,52,546 000,52,0,0,1 100,1 296,2.16,2 799,10 500,0.62 - 0.62,,1,2.2,0.11,0.22,1,1.25,0.5,0.5,20,200,10.9,6,,,,,,,,,,,,,,,,,500 000,0,500 000,1s,0,0.15,0,0.1,0.1,1 800,0.6,1,1,1,1,1,,1,10.3,20%,350,756
1,BRRA LaserCannon AP AutomatedTurret (Point Defense Turret),Broad & Rabiee,Laser Cannon,14.6,16,8,∞,0,8,0,120,1 200,1.67,2 004,∞,0.4 - 0.4,,1,0.9,0.05,0.09,,,,,,,,,75,15,0.25,,,,,,,,,,,,,,500 000,0,500 000,1s,0,0.15,0,0,1,100,0.6,1,1,1,1,1,,1,17.6,20%,,0.001
2,BRVS Repeater,Behring,Ballistic Repeater,413.8,450,54,142 398,54,0,0,500,1 495,1.44,2 153,2 637,0.57 - 0.57,,1,0.88,0.04,0.09,,,0.727,0.346,37.3,138,16.6,1.61,,,,,,,,,,,,,,,,,500 000,0,500 000,1s,41,0.15,0,0.1,0.1,850,0.6,1,1,1,1,1,,1,16.5,20%,90,252
7,C-07T Cannon,Behring,Ballistic Cannon,2 683.3,2 683.3,4 600,3 680 000,4 600,0,0,35,1 048,8.68,9 097,800,0.4 - 0.4,,1,23.1,1.16,2.31,,,5,0.6,5,∞,∞,10,,,,,,,,,,,,,,,,,500 000,0,500 000,1s,0,0.15,0,0.1,0.1,6 750,0.6,1,1,1,1,1,,1,285,20%,115,84
4,C-788 Cannon,Behring,Ballistic Cannon,251.3,270.8,325,87 750,325,0,0,50,1 152,3.04,3 502,270,0.2 - 0.2,,1,6.6,0.33,0.66,,,12,0.84,25.4,36,43.2,4.32,,,,,,,,,,,,,,,,,500 000,0,500 000,1s,50,0.15,0,0.1,0.1,1 650,0.6,1,1,1,1,1,,1,63.4,20%,2 250,2 100
1,CF-117 Bulldog Repeater,Klaus & Werner,Laser Repeater,114.4,218.8,17.5,∞,0,17.5,0,750,1 500,1.07,1 605,∞,0.6 - 0.6,,1,0.3,0.02,0.03,,,,,,,,,75,15,0.726,,,,,,,,,,,,,,500 000,0,500 000,1s,152,0.15,0,0,0.45,525,0.6,1,1,1,1,1,,1,12.5,20%,24,84
1,CF-117 Bulldog Repeater (ATLS),Klaus & Werner,Laser Repeater,52.7,141.3,11.3,∞,0,11.3,0,750,1 500,1.07,1 605,∞,0.6 - 0.6,,1,0.3,0.02,0.03,,,,,,,,,70,7.43,0.726,,,,,,,,,,,,,,500 000,0,500 000,1s,152,0.15,0,0,0.45,525,0.6,1,1,1,1,1,,1,12.5,20%,24,84
2,CF-227 Badger Repeater,Klaus & Werner,Laser Repeater,170.5,328,26.2,∞,0,26.2,0,750,1 495,1.16,1 734,∞,0.6 - 0.6,,1,0.4,0.02,0.04,,,,,,,,,75,15,0.762,,,,,,,,,,,,,,500 000,0,500 000,1s,203,0.15,0,0,0.6,850,0.6,1,1,1,1,1,,1,20.6,20%,60,252
2,CF-227 Badger Repeater (Point Defense Cannon),Klaus & Werner,Laser Repeater,172.4,328,26.2,∞,0,26.2,0,750,1 495,1.16,1 734,∞,0.6 - 0.6,,1,0.4,0.02,0.04,,,,,,,,,75,15,0.693,,,,,,,,,,,,,,500 000,0,500 000,1s,169,0.15,0,0,0.502,850,0.6,1,1,1,1,1,,1,20.6,20%,60,252
3,CF-337 Panther Repeater,Klaus & Werner,Laser Repeater,284.6,545.6,43.7,∞,0,43.7,0,750,1 480,1.3,1 924,∞,0.6 - 0.6,,1,0.75,0.04,0.08,,,,,,,,,75,15,0.74,,,,,,,,,,,,,,500 000,0,500 000,1s,0,0.15,0,0,1,1 500,0.6,1,1,1,1,1,,1,34,20%,200,756
4,CF-447 Rhino Repeater,Klaus & Werner,Laser Repeater,419.8,817.9,65.4,∞,0,65.4,0,750,1 440,1.56,2 246,∞,0.6 - 0.6,,1,1,0.05,0.1,,,,,,,,,75,15,0.84,,,,,,,,,,,,,,500 000,0,500 000,1s,304,0.15,0,0,0.9,1 650,0.6,1,1,1,1,1,,1,56.1,20%,375,2 100
5,CF-557 Galdereen Repeater,Klaus & Werner,Laser Repeater,625.8,1 227.4,98.2,∞,0,98.2,0,750,1 390,2.3,3 197,∞,0.6 - 0.6,,1,1.5,0.08,0.15,,,,,,,,,75,15,0.882,,,,,,,,,,,,,,500 000,0,500 000,1s,354,0.15,0,0,1.05,2 640,0.6,1,1,1,1,1,,1,92.6,20%,938,4 200
5,CF-557 Galdereen Repeater (Idris),Klaus & Werner,Laser Repeater,4 779.7,9 375,750,∞,0,750,0,750,1 390,2.3,3 197,∞,0.6 - 0.6,,1,1.5,0.08,0.15,,,,,,,,,75,15,0.882,,,,,,,,,,,,,,500 000,0,500 000,1s,354,0.15,0,0,1.05,78 000,0.6,1,1,1,1,1,,1,92.6,20%,938,4 200
5,CF-557 Galdereen Repeater (Point Defense Turret),Klaus & Werner,Laser Repeater,625.8,1 227.4,98.2,∞,0,98.2,0,750,1 390,2.3,3 197,∞,0.6 - 0.6,,1,1.5,0.08,0.15,,,,,,,,,75,15,0.882,,,,,,,,,,,,,,,,,,354,0.15,0,0,1.05,,,,,,,,,,,,938,4 200
6,CF-667 Mammoth Repeater,Klaus & Werner,Laser Repeater,932.2,1 841.6,147.3,∞,0,147.3,0,750,1 350,3.56,4 806,∞,0.6 - 0.6,,1,2.5,0.13,0.25,,,,,,,,,75,15,0.926,,,,,,,,,,,,,,500 000,0,500 000,1s,405,0.15,0,0,1.2,4 224,0.6,1,1,1,1,1,,1,153,20%,2 340,7 560
6,Condemnation Distortion Scattergun,Preacher Armament,Distortion ScatterGun,1 040,1 040,1 040,∞,0,0,1 040,60,729,3.09,2 253,∞,4 - 4,20 - 25,8,2.8,0.14,0.28,,,,,,,,,75,15,0.421,,,,,,,,,,,,,,500 000,0,500 000,1s,660,0.15,0,0,1.6,4 224,0.6,1,1,1,1,1,,1,144,20%,4 690,7 560
7,Conqueror-7 (Idris),Behring,Ballistic Cannon,3 333.3,3 333.3,4 000,3 200 000,4 000,0,0,50,1 048,8.68,9 097,800,0.4 - 0.4,,1,23.1,1.16,2.31,,,5,0.6,5,50,60,10,,,,,,,,,,,,,,,,,500 000,0,500 000,1s,0,0.15,0,0.1,0.1,6 750,0.6,1,1,1,1,1,,1,285,20%,115,84
2,CVSA Cannon,Behring,Ballistic Cannon,270,405,162,52 974,162,0,0,150,1 196,2.26,2 703,327,0.45 - 0.45,,1,2.64,0.13,0.26,,,4,0.4,25,25,10,5,,,,,,,,,,,,,,,,,500 000,0,500 000,1s,50,0.15,0,0.1,0.1,550,0.6,1,1,1,1,1,,1,23.3,20%,360,252
1,Deadbolt I Cannon,Esperia,Ballistic Cannon,278.1,337.5,202.5,80 190,202.5,0,0,100,1 200,2.08,2 496,396,0.4 - 0.4,,1,1.98,0.1,0.2,,,6,0.605,22.3,17,10.2,2.64,,,,,,,,,,,,,,,,,500 000,0,500 000,1s,41,0.15,0,0.1,0.1,550,0.6,1,1,1,1,1,,1,17.6,20%,96,84
2,Deadbolt II Cannon,Esperia,Ballistic Cannon,409.5,505.5,303.3,119 196.9,303.3,0,0,100,1 196,2.26,2 703,393,0.4 - 0.4,,1,2.64,0.13,0.26,,,6,0.635,21.2,17,10.2,2.85,,,,,,,,,,,,,,,,,500 000,0,500 000,1s,41,0.15,0,0.1,0.1,550,0.6,1,1,1,1,1,,1,29.1,20%,240,252
3,Deadbolt III Cannon,Esperia,Ballistic Cannon,603.2,759,455.4,176 239.8,455.4,0,0,100,1 184,2.53,2 996,387,0.4 - 0.4,,1,4.95,0.25,0.5,,,6,0.667,20.2,17,10.2,3.08,,,,,,,,,,,,,,,,,500 000,0,500 000,1s,41,0.15,0,0.1,0.1,550,0.6,1,1,1,1,1,,1,48,20%,600,756
4,Deadbolt IV Cannon,Esperia,Ballistic Cannon,886.5,1 138.5,683.1,260 261.1,683.1,0,0,100,1 152,3.04,3 502,381,0.4 - 0.4,,1,6.6,0.33,0.66,,,6,0.7,19.2,17,10.2,3.32,,,,,,,,,,,,,,,,,500 000,0,500 000,1s,41,0.15,0,0.1,0.1,550,0.6,1,1,1,1,1,,1,79.2,20%,1 500,2 100
5,Deadbolt V Cannon,Esperia,Ballistic Cannon,1 298.5,1 707,1 024.2,377 929.8,1 024.2,0,0,100,1 112,4.5,5 004,369,0.4 - 0.4,,1,9.9,0.5,0.99,,,6,0.735,18.3,17,10.2,3.59,,,,,,,,,,,,,,,,,500 000,0,500 000,1s,41,0.15,0,0.1,0.1,550,0.6,1,1,1,1,1,,1,131,20%,3 750,4 200
6,Deadbolt VI Cannon,Esperia,Ballistic Cannon,1 899.3,2 562,1 537.2,544 168.8,1 537.2,0,0,100,1 080,6.94,7 495,354,0.4 - 0.4,,1,16.5,0.83,1.65,,,6,0.772,17.5,17,10.2,3.88,,,,,,,,,,,,,,,,,500 000,0,500 000,1s,41,0.15,0,0.1,0.1,550,0.6,1,1,1,1,1,,1,216,20%,9 380,7 560
10,Destroyer Mass Driver Cannon,Klaus & Werner,Ballistic Cannon,9 610.7,9 610.7,288 320,432 480 000,288 320,0,0,2,939.4,12.77,11 996,1 500,0.2 - 0.2,,1,50.4,2.52,5.04,,,50,1,2,∞,∞,5,,,,10,5,25,20,2,1,1,,,,,,,500 000,0,500 000,1s,0,0.15,0,0,4.8,727 680,0.6,1,1,1,1,1,,1,1860,20%,700,120 000
1,Dominance-1 Scattergun,Hurston Dynamics,Laser ScatterGun,420,420,504,∞,0,504,0,50,900,1.11,999,∞,4 - 4,,8,0.24,0.01,0.02,,,,,,,,,75,15,0.33,,,,,,,,,,,,,,500 000,0,500 000,1s,248,0.15,0,0,0.6,1 550,0.6,1,1,1,1,1,,1,11.8,20%,48,84
2,Dominance-2 Scattergun,Hurston Dynamics,Laser ScatterGun,660,660,792,∞,0,792,0,50,897,1.2,1 076,∞,4 - 4,,8,0.32,0.02,0.03,,,,,,,,,75,15,0.346,,,,,,,,,,,,,,500 000,0,500 000,1s,330,0.15,0,0,0.8,1 550,0.6,1,1,1,1,1,,1,19.4,20%,120,252
3,Dominance-3 Scattergun,Hurston Dynamics,Laser ScatterGun,930,930,1 116,∞,0,1 116,0,50,888,1.35,1 199,∞,4 - 4,,8,0.6,0.03,0.06,,,,,,,,,75,15,0.364,,,,,,,,,,,,,,500 000,0,500 000,1s,413,0.15,0,0,1,1 550,0.6,1,1,1,1,1,,1,32,20%,300,756
6,Draugar Gatling,Apocalypse Arms,Ballistic Gatling,1 732.5,2 848,142.4,471 201.6,142.4,0,0,1 200,1 215,4.94,6 002,3 309,0.575 - 0.575,,1,5.5,0.28,0.55,0.494,0.989,0.686,0.833,28.8,146,7.3,4.91,,,,,,,,,,,,,,,,,500 000,0,500 000,1s,33,0.15,0,0.1,0.1,4 224,0.6,1,1,1,1,1,,1,138,20%,1 950,7 560
1,DR Model-XJ1 Repeater,PH Associated Science and Development,Distortion Repeater,106.8,149.9,25.7,∞,0,0,25.7,350,1 350,0.89,1 202,∞,0.5 - 0.5,15 - 25,1,0.42,0.02,0.04,,,,,,,,,75,15,0.75,,,,,,,,,,,,,,500 000,0,500 000,1s,167,0.15,0,0,0.45,525,0.6,1,1,1,1,1,,1,9.99,20%,24,84
2,DR Model-XJ2 Repeater,PH Associated Science and Development,Distortion Repeater,160,224.6,38.5,∞,0,0,38.5,350,1 345.5,0.96,1 292,∞,0.5 - 0.5,18 - 28,1,0.56,0.03,0.06,,,,,,,,,75,15,0.75,,,,,,,,,,,,,,500 000,0,500 000,1s,223,0.15,0,0,0.6,850,0.6,1,1,1,1,1,,1,16.5,20%,60,252
3,DR Model-XJ3 Repeater,PH Associated Science and Development,Distortion Repeater,240.6,337.8,57.9,∞,0,0,57.9,350,1 332,1.08,1 439,∞,0.5 - 0.5,20 - 30,1,1.05,0.05,0.11,,,,,,,,,75,15,0.75,,,,,,,,,,,,,,500 000,0,500 000,1s,278,0.15,0,0,0.75,1 024,0.6,1,1,1,1,1,,1,27.2,20%,150,756
5,Echion Repeater,Roberts Space Industries,Laser Repeater,1 245.7,1 266.7,95,∞,0,95,0,800,1 390,2.3,3 197,∞,0.6 - 0.6,,1,1.5,0.08,0.15,,,,,,,,,225,2787,0.25,,,,,,,,,,,,,,500 000,0,500 000,1s,0,0.15,0,0,1.2,1 550,0.6,1,1,1,1,1,,1,12.5,20%,280,2 100
2,EVSD Cannon,Behring,Distortion Cannon,104.1,202.5,81,∞,0,0,81,150,1 076.4,1.51,1 625,∞,0.45 - 0.45,18 - 28,1,1.68,0.08,0.17,,,,,,,,,25,3,1.39,,,,,,,,,,,,,,500 000,0,500 000,1s,594,0.15,0,0,1.2,550,0.6,1,1,1,1,1,,1,23.3,20%,360,252
10,Exodus-10 Laser Beam,Hurston Dynamics,Laser Beam,14 500,15 000,,∞,,,,,,,5000,∞,,,,29.4,1.47,2.94,,,,,,,,,60,15,5,,,,,,,,1,4000,5000,50000,2,1,500 000,0,500 000,1s,0,0.15,0,0,1,750 000,0.6,1,1,1,1,1,100,1,1490,20%,,120 000
10,Exodus-10 Laser Beam,Hurston Dynamics,Laser Beam,193 333.3,200 000,,∞,,,,,,,10000,∞,,,,0,0.5,5,,,,,,,,,60,15,5,,,,,,,,1,9500,10000,50000,2,1,500 000,0,500 000,1s,0,0.15,0,0,1,750 000,0.6,1,1,1,1,1,100,1,1490,20%,,120 000
1,FL-11 Cannon,Kroneg,Laser Cannon,82.1,205.2,49.3,∞,0,49.3,0,250,1 200,1.67,2 004,∞,0.5 - 0.5,,1,0.9,0.05,0.09,,,,,,,,,25,3,1.6,,,,,,,,,,,,,,500 000,0,500 000,1s,408,0.15,0,0,0.9,550,0.6,1,1,1,1,1,,1,19.4,20%,120,84
2,FL-22 Cannon,Kroneg,Laser Cannon,123.4,308.5,74,∞,0,74,0,250,1 196,1.81,2 165,∞,0.5 - 0.5,,1,1.2,0.06,0.12,,,,,,,,,25,3,1.68,,,,,,,,,,,,,,500 000,0,500 000,1s,545,0.15,0,0,1.2,850,0.6,1,1,1,1,1,,1,32,20%,300,252
3,FL-33 Cannon,Kroneg,Laser Cannon,184.7,461.7,110.8,∞,0,110.8,0,250,1 184,2.03,2 404,∞,0.5 - 0.5,,1,2.25,0.11,0.23,,,,,,,,,25,3,1.76,,,,,,,,,,,,,,500 000,0,500 000,1s,681,0.15,0,0,1.5,1 024,0.6,1,1,1,1,1,,1,52.8,20%,750,756
10,GVSR Repeater,Behring,Laser Repeater,100 333.3,145 833.3,25 000,∞,0,25 000,0,350,1 220,5.25,6 405,∞,0.5 - 0.5,,1,6,0.3,0.6,,,,,,,,,75,15,1.24,,,,,,,,,,,,,,500 000,0,500 000,1s,729,0.15,0,0,1.8,20 000,0.6,1,1,1,1,1,,1,906,20%,137 000,120 000
2,GVSR Repeater,Behring,Laser Repeater,414.1,581.7,99.7,∞,0,99.7,0,350,1 495,1.16,1 734,∞,0.5 - 0.5,,1,0.4,0.02,0.04,,,,,,,,,75,15,0.762,,,,,,,,,,,,,,500 000,0,500 000,1s,289,0.15,0,0,0.713,850,0.6,1,1,1,1,1,,1,16.5,20%,90,252
1,Havoc Scattergun,Apocalypse Arms,Ballistic ScatterGun,374.4,374.4,374.4,763 776,374.4,0,0,60,900,1.39,1 251,2 040,4 - 4,,8,0.528,0.03,0.05,,,0,0.165,26.7,,,0.746,,,,,,,,,,,,,,,,,500 000,0,500 000,1s,41,0.15,0,0.1,0.1,1 550,0.6,1,1,1,1,1,,1,16.2,20%,60,84
1,Havoc Scattergun Sharkmouth Edition,Apocalypse Arms,Ballistic ScatterGun,374.4,374.4,374.4,763 776,374.4,0,0,60,900,1.39,1 251,2 040,4 - 4,,8,0.528,0.03,0.05,,,0,0.165,26.7,,,0.746,,,,,,,,,,,,,,,,,500 000,0,500 000,1s,41,0.15,0,0.1,0.1,1 550,0.6,1,1,1,1,1,,1,16.2,20%,60,84
2,Hellion Scattergun,Apocalypse Arms,Ballistic ScatterGun,560,560,560,1 130 640,560,0,0,60,897,1.51,1 354,2 019,4 - 4,,8,0.704,0.04,0.07,,,0,0.173,25.4,,,0.805,,,,,,,,,,,,,,,,,500 000,0,500 000,1s,41,0.15,0,0.1,0.1,1 550,0.6,1,1,1,1,1,,1,26.7,20%,150,252
2,Hellion Scattergun Sharkmouth Edition,Apocalypse Arms,Ballistic ScatterGun,560,560,560,1 130 640,560,0,0,60,897,1.51,1 354,2 019,4 - 4,,8,0.704,0.04,0.07,,,0,0.173,25.4,,,0.805,,,,,,,,,,,,,,,,,500 000,0,500 000,1s,41,0.15,0,0.1,0.1,1 550,0.6,1,1,1,1,1,,1,26.7,20%,150,252
1,Jericho,Hurston Dynamics,Rocket POD,150,150,150,1 800,150,0,0,60,700,3,2 100,12,0 - 2,0.5 - 4,1,0,0.5,5,,,,,,,,,,,,,,,,,,,,,,,,,500 000,0,500 000,1s,,,,,,500,1,1,1,1,1,1,1 440,,,,,84
2,Jericho X,Hurston Dynamics,Rocket POD,150,150,150,3 600,150,0,0,60,700,3,2 100,24,0 - 2,0.5 - 4,1,0,0.5,5,,,,,,,,,,,,,,,,,,,,,,,,,500 000,0,500 000,1s,,,,,,750,1,1,1,1,1,1,1 440,,,,,252
3,Jericho XL,FireStorm Kinetics,Rocket POD,150,150,150,2 700,150,0,0,60,700,3,2 100,18,0 - 2,0.5 - 4,1,0,0.5,5,,,,,,,,,,,,,,,,,,,,,,,,,500 000,0,500 000,1s,,,,,,1 000,1,1,1,1,1,1,1 440,,,,280,756
3,Jericho XL,Hurston Dynamics,Rocket POD,150,150,150,5 400,150,0,0,60,700,3,2 100,36,0 - 2,0.5 - 4,1,0,0.5,5,,,,,,,,,,,,,,,,,,,,,,,,,500 000,0,500 000,1s,,,,,,1 000,1,1,1,1,1,1,1 440,,,,280,756
5,Leonids Cannon,Roberts Space Industries,Ballistic Cannon,1 360,1 811.2,1 600,1 152 000,1 600,0,0,67.9,1 112,4.5,5 004,720,0.2 - 0.2,,1,9.9,0.5,0.99,,,6,1.2,12,17,15,6.5,,,,,,,,,,,,,,,,,500 000,0,500 000,1s,0,0.15,0,0.1,0.1,2 500,0.6,1,1,1,1,1,,1,105,20%,510,4 200
1,Liberator,Thermyte Concern,Rocket POD,150,150,150,1 200,150,0,0,60,700,3,2 100,8,0 - 2,0.5 - 4,1,0,0.5,5,,,,,,,,,,,,,,,,,,,,,,,,,500 000,0,500 000,1s,,,,,,500,1,1,1,1,1,1,1 440,,,,,84
2,Liberator Prime,Thermyte Concern,Rocket POD,150,150,150,2 400,150,0,0,60,700,3,2 100,16,0 - 2,0.5 - 4,1,0,0.5,5,,,,,,,,,,,,,,,,,,,,,,,,,500 000,0,500 000,1s,,,,,,750,1,1,1,1,1,1,1 440,,,,,252
3,Liberator Ultra,Thermyte Concern,Rocket POD,150,150,150,3 600,150,0,0,60,700,3,2 100,24,0 - 2,0.5 - 4,1,0,0.5,5,,,,,,,,,,,,,,,,,,,,,,,,,500 000,0,500 000,1s,,,,,,1 000,1,1,1,1,1,1,1 440,,,,,756
1,Lightstrike I Cannon,Esperia,Laser Cannon,82.1,205.2,49.3,∞,0,49.3,0,250,1 200,1.67,2 004,∞,0.5 - 0.5,,1,0.9,0.05,0.09,,,,,,,,,25,3,1.21,,,,,,,,,,,,,,500 000,0,500 000,1s,371,0.15,0,0,0.9,550,0.6,1,1,1,1,1,,1,17.6,20%,96,84
2,Lightstrike II Cannon,Esperia,Laser Cannon,123.4,308.5,74,∞,0,74,0,250,1 196,1.81,2 165,∞,0.5 - 0.5,,1,1.2,0.06,0.12,,,,,,,,,25,3,1.27,,,,,,,,,,,,,,500 000,0,500 000,1s,495,0.15,0,0,1.2,550,0.6,1,1,1,1,1,,1,29.1,20%,240,252
3,Lightstrike III Cannon,Esperia,Laser Cannon,184.7,461.7,110.8,∞,0,110.8,0,250,1 184,2.03,2 404,∞,0.5 - 0.5,,1,2.25,0.11,0.23,,,,,,,,,25,3,1.33,,,,,,,,,,,,,,500 000,0,500 000,1s,619,0.15,0,0,1.5,550,0.6,1,1,1,1,1,,1,48,20%,600,756
4,Lightstrike IV Cannon,Esperia,Laser Cannon,277,692.5,166.2,∞,0,166.2,0,250,1 152,2.43,2 799,∞,0.5 - 0.5,,1,3,0.15,0.3,,,,,,,,,25,3,1.4,,,,,,,,,,,,,,500 000,0,500 000,1s,743,0.15,0,0,1.8,550,0.6,1,1,1,1,1,,1,79.2,20%,1 500,2 100
5,Lightstrike V Cannon,Esperia,Laser Cannon,414.5,1 036.1,248.7,∞,0,248.7,0,250,1 112,3.6,4 003,∞,0.5 - 0.5,,1,4.5,0.23,0.45,,,,,,,,,25,3,1.47,,,,,,,,,,,,,,500 000,0,500 000,1s,866,0.15,0,0,2.1,550,0.6,1,1,1,1,1,,1,131,20%,3 750,4 200
6,Lightstrike VI Cannon,Esperia,Laser Cannon,623.6,1 558.9,374.1,∞,0,374.1,0,250,1 080,5.56,6 005,∞,0.5 - 0.5,,1,7.5,0.38,0.75,,,,,,,,,25,3,1.54,,,,,,,,,,,,,,500 000,0,500 000,1s,990,0.15,0,0,2.4,550,0.6,1,1,1,1,1,,1,216,20%,9 380,7 560
1,"M2C ""Swarm"" (Point Defense Cannon)",Behring,Laser Repeater,75,166.7,10,∞,0,10,0,1 000,1 500,1.07,1 605,∞,0.1 - 0.1,,1,0.3,0.02,0.03,,,,,,,,,75,15,0.605,,,,,,,,,,,,,,500 000,0,500 000,1s,143,0.15,0,0,0.352,800,0.6,1,1,1,1,1,,1,9.99,20%,36,0.001
1,M3A Cannon,Behring,Laser Cannon,211.8,303.8,182.3,∞,0,182.3,0,100,1 200,1.67,2 004,∞,0.4 - 0.4,,1,0.9,0.05,0.09,,,,,,,,,25,3,0.75,,,,,,,,,,,,,,500 000,0,500 000,1s,348,0.15,0,0,0.704,550,0.6,1,1,1,1,1,,1,14.1,20%,144,84
1,M3A Cannon Defense Division,Behring,Laser Cannon,211.8,303.8,182.3,∞,0,182.3,0,100,1 200,1.67,2 004,∞,0.4 - 0.4,,1,0.9,0.05,0.09,,,,,,,,,25,3,0.75,,,,,,,,,,,,,,500 000,0,500 000,1s,348,0.15,0,0,0.704,550,0.6,1,1,1,1,1,,1,14.1,20%,144,84
2,M4A Cannon,Behring,Laser Cannon,317.7,455.6,273.4,∞,0,273.4,0,100,1 196,1.81,2 165,∞,0.4 - 0.4,,1,1.2,0.06,0.12,,,,,,,,,25,3,0.75,,,,,,,,,,,,,,500 000,0,500 000,1s,495,0.15,0,0,1,850,0.6,1,1,1,1,1,,1,23.3,20%,360,252
2,M4A Cannon Defense Division,Behring,Laser Cannon,317.7,455.6,273.4,∞,0,273.4,0,100,1 196,1.81,2 165,∞,0.4 - 0.4,,1,1.2,0.06,0.12,,,,,,,,,25,3,0.75,,,,,,,,,,,,,,500 000,0,500 000,1s,495,0.15,0,0,1,850,0.6,1,1,1,1,1,,1,23.3,20%,360,252
3,M5A Cannon,Behring,Laser Cannon,463.4,683.6,410.2,∞,0,410.2,0,100,1 184,2.03,2 404,∞,0.4 - 0.4,,1,2.25,0.11,0.23,,,,,,,,,25,3,1.33,,,,,,,,,,,,,,500 000,0,500 000,1s,644,0.15,0,0,1.3,1 024,0.6,1,1,1,1,1,,1,38.4,20%,900,756
3,M5A Cannon Defense Division,Behring,Laser Cannon,463.4,683.6,410.2,∞,0,410.2,0,100,1 184,2.03,2 404,∞,0.4 - 0.4,,1,2.25,0.11,0.23,,,,,,,,,25,3,1.33,,,,,,,,,,,,,,500 000,0,500 000,1s,644,0.15,0,0,1.3,1 024,0.6,1,1,1,1,1,,1,38.4,20%,900,756
4,M6A Cannon,Behring,Laser Cannon,692.8,1 025.5,615.3,∞,0,615.3,0,100,1 152,2.43,2 799,∞,0.4 - 0.4,,1,3,0.15,0.3,,,,,,,,,25,3,1.4,,,,,,,,,,,,,,500 000,0,500 000,1s,792,0.15,0,0,1.6,2 000,0.6,1,1,1,1,1,,1,63.4,20%,2 250,2 100
5,M7A Cannon,Behring,Laser Cannon,1 034.3,1 536.3,921.8,∞,0,921.8,0,100,1 112,3.6,4 003,∞,0.4 - 0.4,,1,4.5,0.23,0.45,,,,,,,,,25,3,1.47,,,,,,,,,,,,,,500 000,0,500 000,1s,941,0.15,0,0,1.9,2 500,0.6,1,1,1,1,1,,1,105,20%,5 630,4 200
6,M8A Cannon,Behring,Laser Cannon,1 546.9,2 305.8,1 383.5,∞,0,1 383.5,0,100,1 080,5.56,6 005,∞,0.4 - 0.4,,1,7.5,0.38,0.75,,,,,,,,,25,3,1.54,,,,,,,,,,,,,,500 000,0,500 000,1s,1 090,0.15,0,0,2.2,4 224,0.6,1,1,1,1,1,,1,172,20%,14 100,7 560
6,M8A Cannon (Point Defense Turret),Behring,Laser Cannon,1 006.3,1 500,900,∞,0,900,0,100,1 080,5.56,6 005,∞,0.4 - 0.4,,1,7.5,0.38,0.75,,,,,,,,,25,3,1.54,,,,,,,,,,,,,,500 000,0,500 000,1s,1 090,0.15,0,0,2.2,4 224,0.6,1,1,1,1,1,,1,172,20%,14 100,7 560
7,M9A Cannon,Behring,Laser Cannon,2 311.7,3 459.5,2 075.7,∞,0,2 075.7,0,100,1 048,6.95,7 284,∞,0.4 - 0.4,,1,10.5,0.53,1.05,,,,,,,,,25,3,1.62,,,,,,,,,,,,,,500 000,0,500 000,1s,1 240,0.15,0,0,2.5,6 750,0.6,1,1,1,1,1,,1,285,20%,35 200,14 200
8,M9A Cannon,Behring,Laser Cannon,3 453.8,5 189.4,3 113.6,∞,0,3 113.6,0,100,1 016,7.64,7 762,∞,0.4 - 0.4,,1,13.5,0.68,1.35,,,,,,,,,25,3,1.7,,,,,,,,,,,,,,500 000,0,500 000,1s,1 390,0.15,0,0,2.8,10 810,0.6,1,1,1,1,1,,1,470,20%,87 900,54 600
9,M9A Cannon,Behring,Laser Cannon,5 157.4,7 784.1,4 670.5,∞,0,4 670.5,0,100,992,7.98,7 916,∞,0.4 - 0.4,,1,15,0.75,1.5,,,,,,,,,25,3,1.79,,,,,,,,,,,,,,500 000,0,500 000,1s,1 530,0.15,0,0,3.1,17 300,0.6,1,1,1,1,1,,1,775,20%,220 000,120 000
12,M9A Cannon,Behring,Ballistic Cannon,33 333.3,33 333.3,200 000,4 200 000,200 000,0,0,10,924,12.99,12 003,21,0.2 - 0.2,,1,63,3.15,6.3,,,0,1.41,17.2,,,8.69,,,,,,,,,,,,,,,,,500 000,0,500 000,1s,3 020,0.15,0,0,5.6,708 660,,,,,,,,1,4060,20%,6 870 000,120 000
7,M9A Cannon (Idris),Behring,Laser Cannon,7 517.5,11 250,6 750,∞,0,6 750,0,100,1 048,6.95,7 284,∞,0.4 - 0.4,,1,10.5,0.53,1.05,,,,,,,,,25,3,1.62,,,,,,,,,,,,,,500 000,0,500 000,1s,1 240,0.15,0,0,2.5,100 000,0.6,1,1,1,1,1,,1,285,20%,35 200,14 200
7,M9A Cannon (Javelin),Behring,Ballistic Cannon,461.3,3 843.9,2 306.3,636 549.8,2 306.3,0,0,100,1 048,8.68,9 097,276,0.4 - 0.4,,1,23.1,1.16,2.31,,,50 000,0.884,23.9,1,0.6,4.73,,,,,,,,,,,,,,,,,500 000,0,500 000,1s,50,0.15,0,0.1,0.1,6 750,0.6,1,1,1,1,1,,1,285,20%,35 200,14 200
7,M9A Cannon (Point Defense Turret),Behring,Laser Cannon,11 700,14 040,14 040,∞,0,14 040,0,60,1 048,6.95,7 284,∞,0.4 - 0.4,,1,10.5,0.53,1.05,,,,,,,,,25,3,1.62,,,,,,,,,,,,,,500 000,0,500 000,1s,1 240,0.15,0,0,2.5,6 750,0.6,1,1,1,1,1,,1,285,20%,35 200,14 200
3,Mantis GT-220 Gatling,Gallenson Tactical Systems,Ballistic Gatling,374.4,506.7,19,81 966,19,0,0,1 600,1 332,1.8,2 398,4 314,0.6 - 0.6,,1,1.65,0.08,0.17,0.217,0.435,0.512,0.545,40,196,7.4,2.61,,,,,,,,,,,,,,,,,500 000,0,500 000,1s,36,0.15,0,0.1,0.1,1 500,0.6,1,1,1,1,1,,1,22.4,20%,150,756
6,Maris Cannon,Roberts Space Industries,Ballistic Cannon,2 493.3,2 833.3,3 400,9 180 000,3 400,0,0,50,1 112,4.5,5 004,2 700,0.3 - 0.3,,1,9.9,0.5,0.99,,,6.667,1,10,22,26.4,4,,,,,,,,,,,,,,,,,500 000,0,500 000,1s,0,0.15,0,0.1,0.1,5 600,0.6,1,1,1,1,1,,1,172,20%,600,7 560
1,"MRX ""Torrent"" (Point Defense Cannon)",Behring,Ballistic Gatling,288,360,18,270 000,18,0,0,1 200,1 350,1.48,1 998,15 000,0.15 - 0.15,,1,0.66,0.03,0.07,0.1,0.2,0.33,0.3,33,304,15.2,4,,,,,,,,,,,,,,,,,500 000,0,500 000,1s,0,0.15,0,0.1,0.1,850,0.6,1,1,1,1,1,,1,10.3,20%,115,84
2,MVSA Cannon,Behring,Laser Cannon,305.5,455,273,∞,0,273,0,100,1 196,1.81,2 165,∞,0.4 - 0.4,,1,1.2,0.06,0.12,,,,,,,,,25,3,1.52,,,,,,,,,,,,,,500 000,0,500 000,1s,708,0.15,0,0,1.43,850,0.6,1,1,1,1,1,,1,23.3,20%,360,252
1,NDB-26 Repeater,MaxOx,Neutron Repeater,195.7,316.5,38,∞,0,38,0,500,1 275,1.57,2 002,∞,0.55 - 0.55,,1,0.6,0.03,0.06,,,,,,,,,75,15,0.726,,,,,,,,,,,,,,500 000,0,500 000,1s,138,0.15,0,0,0.45,525,0.6,1,1,1,1,1,,1,12.5,20%,16,84
2,NDB-28 Repeater,MaxOx,Neutron Repeater,292.4,474.8,57,∞,0,57,0,500,1 270.8,1.7,2 160,∞,0.55 - 0.55,,1,0.8,0.04,0.08,,,,,,,,,75,15,0.762,,,,,,,,,,,,,,500 000,0,500 000,1s,184,0.15,0,0,0.6,850,0.6,1,1,1,1,1,,1,20.6,20%,40,252
3,NDB-30 Repeater,MaxOx,Neutron Repeater,437,712.5,85.5,∞,0,85.5,0,500,1 258,1.91,2 403,∞,0.55 - 0.55,,1,1.5,0.08,0.15,,,,,,,,,75,15,0.8,,,,,,,,,,,,,,500 000,0,500 000,1s,230,0.15,0,0,0.75,1 024,0.6,1,1,1,1,1,,1,34,20%,100,756
1,NN-13 Cannon,MaxOx,Neutron Cannon,141.3,253,101.2,∞,0,101.2,0,150,765,1.63,1 247,∞,0.45 - 0.45,,1,0.28,0.05,0.07,,,,,,,,,25,3,0.5,,,,,,,,,,,,,,500 000,0,500 000,1s,205,0.15,0,0,0.6,550,0.6,1,1,1,1,1,,1,14.7,20%,32,84
2,NN-14 Cannon,MaxOx,Neutron Cannon,215.6,382,152.8,∞,0,152.8,0,150,762.5,1.77,1 350,∞,0.45 - 0.45,,1,0.34,0.06,0.08,,,,,,,,,25,3,0.381,,,,,,,,,,,,,,500 000,0,500 000,1s,273,0.15,0,0,0.8,850,0.6,1,1,1,1,1,,1,24.2,20%,80,252
3,NN-15 Cannon,MaxOx,Neutron Cannon,310.8,551.8,220.7,∞,0,220.7,0,150,754.8,1.99,1 502,∞,0.45 - 0.45,,1,0.6,0.09,0.12,,,,,,,,,25,3,0.4,,,,,,,,,,,,,,500 000,0,500 000,1s,341,0.15,0,0,1,850,0.6,1,1,1,1,1,,1,40,20%,200,756
5,NV57 Ballistic Gatling,Behring,Ballistic Gatling,2 437.5,3 250,162.5,1 560 000,162.5,0,0,1 200,1 251,3.2,4 003,9 600,0.6 - 0.6,,1,3.3,0.17,0.33,0.95,1.75,0.35,0.5,25,286,14.3,5,,,,,,,,,,,,,,,,,500 000,0,500 000,1s,0,0.15,0,0.1,0.1,4 224,0.6,1,1,1,1,1,,1,61,20%,380,7 560
1,Omnisky III Cannon,Amon & Reese Co.,Laser Cannon,135.7,243,97.2,∞,0,97.2,0,150,1 200,1.67,2 004,∞,0.45 - 0.45,,1,0.9,0.05,0.09,,,,,,,,,25,3,0.5,,,,,,,,,,,,,,500 000,0,500 000,1s,446,0.15,0,0,0.9,550,0.6,1,1,1,1,1,,1,14.1,20%,144,84
3,Omnisky IX Cannon,Amon & Reese Co.,Laser Cannon,305.3,546.8,218.7,∞,0,218.7,0,150,1 184,2.03,2 404,∞,0.45 - 0.45,,1,2.25,0.11,0.23,,,,,,,,,25,3,0.5,,,,,,,,,,,,,,500 000,0,500 000,1s,743,0.15,0,0,1.5,1 024,0.6,1,1,1,1,1,,1,38.4,20%,900,756
2,Omnisky VI Cannon,Amon & Reese Co.,Laser Cannon,203.5,364.5,145.8,∞,0,145.8,0,150,1 196,1.81,2 165,∞,0.45 - 0.45,,1,1.2,0.06,0.12,,,,,,,,,25,3,0.5,,,,,,,,,,,,,,500 000,0,500 000,1s,594,0.15,0,0,1.2,850,0.6,1,1,1,1,1,,1,23.3,20%,360,252
4,Omnisky XII Cannon,Amon & Reese Co.,Laser Cannon,457.7,819.7,327.9,∞,0,327.9,0,150,1 152,2.43,2 799,∞,0.45 - 0.45,,1,3,0.15,0.3,,,,,,,,,25,3,0.5,,,,,,,,,,,,,,500 000,0,500 000,1s,0,0.15,0,0,1.3,1 650,0.6,1,1,1,1,1,,1,63.4,20%,280,2 100
5,Omnisky XV Cannon,Amon & Reese Co.,Laser Cannon,687,1 230.4,492.2,∞,0,492.2,0,150,1 112,3.6,4 003,∞,0.45 - 0.45,,1,4.5,0.23,0.45,,,,,,,,,25,3,0.5,,,,,,,,,,,,,,500 000,0,500 000,1s,1 040,0.15,0,0,2.1,2 500,0.6,1,1,1,1,1,,1,105,20%,5 630,4 200
6,Omnisky XVIII Cannon,Amon & Reese Co.,Laser Cannon,1 030.7,1 846,738.4,∞,0,738.4,0,150,1 080,5.56,6 005,∞,0.45 - 0.45,,1,7.5,0.38,0.75,,,,,,,,,25,3,0.5,,,,,,,,,,,,,,500 000,0,500 000,1s,1 190,0.15,0,0,2.4,4 224,0.6,1,1,1,1,1,,1,172,20%,14 100,7 560
3,Predator Scattergun,Apocalypse Arms,Ballistic ScatterGun,840,840,840,1 663 200,840,0,0,60,888,1.69,1 501,1 980,4 - 4,,8,1.32,0.07,0.13,,,0,0.182,24.2,,,0.87,,,,,,,,,,,,,,,,,500 000,0,500 000,1s,41,0.15,0,0.1,0.1,1 550,0.6,1,1,1,1,1,,1,44,20%,375,756
3,Predator Scattergun Sharkmouth Edition,Apocalypse Arms,Ballistic ScatterGun,840,840,840,1 663 200,840,0,0,60,888,1.69,1 501,1 980,4 - 4,,8,1.32,0.07,0.13,,,0,0.182,24.2,,,0.87,,,,,,,,,,,,,,,,,500 000,0,500 000,1s,41,0.15,0,0.1,0.1,1 550,0.6,1,1,1,1,1,,1,44,20%,375,756
3,PyroBurst Scattergun,Amon & Reese Co.,Laser ScatterGun,462,462,396,∞,0,396,0,70,843.6,1.6,1 350,∞,4 - 4,,8,0.6,0.03,0.06,,,,,,,,,75,15,0.364,,,,,,,,,,,,,,500 000,0,500 000,1s,450,0.15,0,0,1,1 550,0.6,1,1,1,1,1,,1,32,20%,450,756
3,Quarreler Cannon,Kruger Intergalactic,Laser Cannon,273.4,546.8,218.7,∞,0,218.7,0,150,1 184,2.03,2 404,∞,0.45 - 0.45,,1,2.25,0.11,0.23,,,,,,,,,25,3,1.76,,,,,,,,,,,,,,500 000,0,500 000,1s,649,0.15,0,0,1.73,2 850,0.6,1,1,1,1,1,,1,48,20%,400,756
3,Reign-3 Repeater (Tumbril Storm),Hurston Dynamics,Laser Repeater,1 449.6,2 041.7,350,∞,0,350,0,350,1 480,1.3,1 924,∞,0.5 - 0.5,,1,0.75,0.04,0.08,,,,,,,,,75,15,0.8,,,,,,,,,,,,,,500 000,0,500 000,1s,320,0.15,0,0,0.863,1 024,0.6,1,1,1,1,1,,1,27.2,20%,150,756
4,Relentless L-21 Gatling,Kruger Intergalactic,Ballistic Gatling,588,997.5,63,264 600,63,0,0,950,1 296,2.16,2 799,4 200,0.6 - 0.6,,1,2.2,0.11,0.22,1.15,1.95,0.9,0.5,20,112,7.1,6,,,,,,,,,,,,,,,,,500 000,0,500 000,1s,0,0.15,0,0.1,0.1,2 000,0.6,1,1,1,1,1,,1,46.2,20%,380,7 560
3,Revenant Gatling,Anvil Aerospace,Ballistic Gatling,829.8,1 054,52.7,187 980.9,52.7,0,0,1 200,1 345.5,1.61,2 166,3 567,0.518 - 0.518,,1,0.88,0.04,0.09,0.25,0.5,0.435,0.629,31.8,231,11.6,3.19,,,,,,,,,,,,,,,,,500 000,0,500 000,1s,30,0.15,0,0.1,0.1,1 650,0.6,1,1,1,1,1,,1,17,20%,40,2 100
4,Revenant Gatling,Apocalypse Arms,Ballistic Gatling,910.7,1 266,63.3,231 678,63.3,0,0,1 200,1 296,2.16,2 799,3 660,0.525 - 0.525,,1,2.2,0.11,0.22,0.374,0.748,0.531,0.756,31.7,189,9.5,4.21,,,,,,,,,,,,,,,,,500 000,0,500 000,1s,33,0.15,0,0.1,0.1,1 650,0.6,1,1,1,1,1,,1,50.8,20%,313,2 100
6,Revenant Gatling (Bengal),Behring,Ballistic Gatling,1 361,2 848.5,189.9,721 809.9,189.9,0,0,900,1 215,4.94,6 002,3 801,0.69 - 0.69,,1,5.5,0.28,0.55,0.331,0.661,2.37,0.631,34.6,43,2.9,3.29,,,,,,,,,,,,,,,,,500 000,0,500 000,1s,36,0.15,0,0.1,0.1,16 500,,,,,,,,1,101,20%,2 340,0.001
8,RSI Medusa Cannon,Roberts Space Industries,Ballistic Cannon,3 450,4 500,5 400,4 860 000,5 400,0,0,50,1 016,9.55,9 703,900,0.25 - 0.25,,1,29.7,1.49,2.97,,,6.3,1.2,5.8,16,19.2,7,,,,,,,,,,,,,,,,,500 000,0,500 000,1s,0,0.15,0,0.1,0.1,30 000,0.6,1,1,1,1,1,,1,470,20%,1 400,7 560
4,Salvation Distortion Scattergun,Preacher Armament,Distortion ScatterGun,480,480,480,∞,0,0,480,60,777.6,1.35,1 050,∞,4 - 4,20 - 25,8,1.12,0.06,0.11,,,,,,,,,75,15,0.382,,,,,,,,,,,,,,500 000,0,500 000,1s,495,0.15,0,0,1.2,1 650,0.6,1,1,1,1,1,,1,52.8,20%,750,2 100
2,Scorpion GT-215 Gatling,Gallenson Tactical Systems,Ballistic Gatling,284,338.7,12.7,56 007,12.7,0,0,1 600,1 345.5,1.61,2 166,4 410,0.57 - 0.57,,1,0.88,0.04,0.09,0.189,0.378,0.348,0.519,42,288,10.8,2.42,,,,,,,,,,,,,,,,,500 000,0,500 000,1s,36,0.15,0,0.1,0.1,850,0.6,1,1,1,1,1,,1,13.6,20%,60,252
7,SF7B Gatling,Behring,Ballistic Gatling,3 486.5,4 380,292,874 248,292,0,0,900,1 179,6.17,7 274,2 994,0.655 - 0.655,,1,7.7,0.39,0.77,0.437,0.875,0.528,0.729,14.4,190,12.7,4.08,,,,,,,,,,,,,,,,,500 000,0,500 000,1s,36,0.15,0,0.1,0.1,6 750,0.6,1,1,1,1,1,,1,166,20%,5 860,14 200
7,SF7B Gatling (Wikelo),Behring,Ballistic Gatling,3 486.5,4 380,292,874 248,292,0,0,900,1 179,6.17,7 274,2 994,0.655 - 0.655,,1,7.7,0.39,0.77,0.437,0.875,0.528,0.729,14.4,190,12.7,4.08,,,,,,,,,,,,,,,,,500 000,0,500 000,1s,36,0.15,0,0.1,0.1,6 750,0.6,1,1,1,1,1,,1,166,20%,5 860,14 200
7,SF7E Cannon,Behring,Laser Cannon,3 912.5,4 720.8,5 150,∞,0,5 150,0,55,1 048,6.95,7 284,∞,0.4 - 0.4,,1,10.5,0.53,1.05,,,,,,,,,25,3,1.94,,,,,,,,,,,,,,500 000,0,500 000,1s,1 450,0.15,0,0,2.93,6 750,0.6,1,1,1,1,1,,1,285,20%,35 200,14 200
7,SF7E Cannon (Wikelo),Behring,Laser Cannon,3 912.5,4 720.8,5 150,∞,0,5 150,0,55,1 048,6.95,7 284,∞,0.4 - 0.4,,1,10.5,0.53,1.05,,,,,,,,,25,3,1.94,,,,,,,,,,,,,,500 000,0,500 000,1s,1 450,0.15,0,0,2.93,6 750,0.6,1,1,1,1,1,,1,285,20%,35 200,14 200
1,Singe Cannon (S1),Banu,Tachyon Cannon,101.3,121.5,202.5,∞,0,202.5,0,36,1 050,2.86,3 003,∞,0.1 - 0.1,,1,1.05,0.05,0.11,,,,,,,,,25,3,1.65,1,0,0,0,1,1,1,,,,,,,500 000,0,500 000,1s,594,0.15,0,0,1.2,550,0.6,1,1,1,1,1,,1,16.5,20%,192,84
2,Singe Cannon (S2),Banu,Tachyon Cannon,195.3,195.3,472.5,∞,0,472.5,0,24.8,1 046.5,3.1,3 244,∞,0.1 - 0.1,,1,1.4,0.07,0.14,,,,,,,,,25,3,1.73,1.75,0,0,0,1,1,1,,,,,,,500 000,0,500 000,1s,792,0.15,0,0,1.6,850,0.6,1,1,1,1,1,,1,27.2,20%,480,252
3,Singe Cannon (S3),Banu,Tachyon Cannon,318.9,318.9,1 012.5,∞,0,1 012.5,0,18.9,1 036,3.47,3 595,∞,0.1 - 0.1,,1,2.625,0.13,0.26,,,,,,,,,25,3,1.82,2.5,0,0,0,1,1,1,,,,,,,500 000,0,500 000,1s,990,0.15,0,0,2,1 024,0.6,1,1,1,1,1,,1,44.8,20%,1 200,756
5,Slayer Cannon,Hurston Dynamics,Ballistic Cannon,2 666.7,5 333.3,32 000,11 616 000,32 000,0,0,10,973,6.17,6 003,363,0.4 - 0.4,2.5 - 5,1,11.55,0.58,1.16,,,91 125,1.21,24.2,1,6,6.71,,,,,,,,,,,,,,,,,500 000,0,500 000,1s,50,0.15,0,0.1,0.1,20 000,0.6,1,1,1,1,1,,1,122,20%,7 500,4 200
5,Slayer Cannon (Point Defense Turret) (Bengal),Roberts Space Industries,Ballistic Cannon,1 850,3 083.3,18 500,5 716 500,18 500,0,0,10,1 112,4.5,5 004,309,0.4 - 0.4,,1,9.9,0.5,0.99,,,91 125,0.802,26.4,1,6,4.06,,,,,,,,,,,,,,,,,500 000,0,500 000,1s,50,0.15,0,0.1,0.1,20 000,0.6,1,1,1,1,1,,1,105,20%,5 630,4 200
3,Sledge III Mass Driver Cannon,Klaus & Werner,Ballistic Cannon,249.4,249.4,1 125,114 750,1 125,0,0,13.3,1 139.6,3.16,3 601,102,0.2 - 0.2,,1,6.3,0.32,0.63,,,0,1,22.2,,,5,,,,2.5,0,0,0,1,1,1,,,,,,,500 000,0,500 000,1s,900,0.15,0,0,2,3 050,0.6,1,1,1,1,1,,1,56,20%,1 200,756
2,Sledge II Mass Driver Cannon,Klaus & Werner,Ballistic Cannon,149.6,149.6,525,55 125,525,0,0,17.1,1 151.2,2.81,3 235,105,0.2 - 0.2,,1,3.36,0.17,0.34,,,0,0.952,23.3,,,4.63,,,,1.5,0,0,0,1,1,1,,,,,,,500 000,0,500 000,1s,720,0.15,0,0,1.6,2 050,0.6,1,1,1,1,1,,1,33.9,20%,480,252
1,Sledge I Mass Driver Cannon,Klaus & Werner,Ballistic Cannon,75,75,225,23 625,225,0,0,20,1 155,2.6,3 003,105,0.2 - 0.2,,1,2.52,0.13,0.25,,,0,0.907,24.5,,,4.29,,,,1,0,0,0,1,1,1,,,,,,,500 000,0,500 000,1s,540,0.15,0,0,1.2,1 050,0.6,1,1,1,1,1,,1,20.6,20%,192,84
2,Strife Mass Driver Cannon,Apocalypse Arms,Ballistic Cannon,149.6,149.6,525,44 100,525,0,0,17.1,1 151.2,2.81,3 235,84,0.1 - 0.1,,1,3.36,0.17,0.34,,,0,1.24,28,,,6.71,,,,1.5,0,0,1,1,1,1,,,,,,,500 000,0,500 000,1s,792,0.15,0,0,1.6,1 050,0.6,1,1,1,1,1,,1,37.3,20%,600,252
1,Suckerpunch Cannon,Joker Engineering,Distortion Cannon,90.3,135,81,∞,0,0,81,100,1 080,1.39,1 501,∞,0.4 - 0.4,15 - 25,1,1.26,0.06,0.13,,,,,,,,,25,3,1.6,,,,,,,,,,,,,,500 000,0,500 000,1s,408,0.15,0,0,0.9,550,0.6,1,1,1,1,1,,1,14.1,20%,96,84
2,Suckerpunch-L Cannon,Joker Engineering,Distortion Cannon,134.9,202.5,121.5,∞,0,0,121.5,100,1 076.4,1.51,1 625,∞,0.4 - 0.4,18 - 28,1,1.68,0.08,0.17,,,,,,,,,25,3,1.68,,,,,,,,,,,,,,500 000,0,500 000,1s,545,0.15,0,0,1.2,850,0.6,1,1,1,1,1,,1,23.3,20%,240,252
3,Suckerpunch-XL Cannon,Joker Engineering,Distortion Cannon,201.9,304.2,182.5,∞,0,0,182.5,100,1 065.6,1.69,1 801,∞,0.4 - 0.4,20 - 30,1,3.15,0.16,0.32,,,,,,,,,25,3,1.76,,,,,,,,,,,,,,500 000,0,500 000,1s,681,0.15,0,0,1.5,1 024,0.6,1,1,1,1,1,,1,38.4,20%,600,756
10,Supremacy-10T Laser Beam,Hurston Dynamics,Laser Beam,9 000,18 000,,∞,,,,,,,2500,100,,,,29.4,1.47,2.94,,,0,0.7,5.5,,,3.5,60,15,5,,,,,,,,1,1000,2500,7,1.5,1,500 000,0,500 000,1s,0,0.15,0,0,2,750 000,0.6,1,1,1,1,1,100,1,1490,20%,170 000,120 000
1,SW16BR1 “Buzzsaw” Repeater,Behring,Ballistic Repeater,277.7,300,36,95 904,36,0,0,500,1 500,1.33,1 995,2 664,0.54 - 0.54,,1,0.66,0.03,0.07,,,0.667,0.33,39.2,150,18,1.49,,,,,,,,,,,,,,,,,500 000,0,500 000,1s,41,0.15,0,0.1,0.1,525,0.6,1,1,1,1,1,,1,9.99,20%,36,84
2,SW16BR2 “Sawbuck” Repeater,Behring,Ballistic Repeater,413.8,450,54,142 398,54,0,0,500,1 495,1.44,2 153,2 637,0.57 - 0.57,,1,0.88,0.04,0.09,,,0.727,0.346,37.3,138,16.6,1.61,,,,,,,,,,,,,,,,,500 000,0,500 000,1s,41,0.15,0,0.1,0.1,850,0.6,1,1,1,1,1,,1,16.5,20%,90,252
3,SW16BR3 “Shredder” Repeater,Behring,Ballistic Repeater,616.3,675,81,209 709,81,0,0,500,1 480,1.62,2 398,2 589,0.6 - 0.6,,1,1.65,0.08,0.17,,,0.8,0.364,35.6,125,15,1.74,,,,,,,,,,,,,,,,,500 000,0,500 000,1s,41,0.15,0,0.1,0.1,1 024,0.6,1,1,1,1,1,,1,27.2,20%,225,756
1,Tarantula GT-870 Mark 1 Cannon,Gallenson Tactical Systems,Ballistic Cannon,162.3,202.5,60.8,20 047.5,60.8,0,0,200,1 200,2.08,2 496,330,0.5 - 0.5,,1,1.98,0.1,0.2,,,3,0.66,32.1,34,10.2,2.98,,,,,,,,,,,,,,,,,500 000,0,500 000,1s,50,0.15,0,0.1,0.1,550,0.6,1,1,1,1,1,,1,14.1,20%,144,84
2,Tarantula GT-870 Mark 2 Cannon,Gallenson Tactical Systems,Ballistic Cannon,238.9,304.2,91.3,29 842,91.3,0,0,200,1 196,2.26,2 703,327,0.5 - 0.5,,1,2.64,0.13,0.26,,,3,0.693,30.6,34,10.2,3.22,,,,,,,,,,,,,,,,,500 000,0,500 000,1s,50,0.15,0,0.1,0.1,850,0.6,1,1,1,1,1,,1,23.3,20%,360,252
3,Tarantula GT-870 Mark 3 Cannon,Gallenson Tactical Systems,Ballistic Cannon,349.7,455.4,136.6,44 264.9,136.6,0,0,200,1 184,2.53,2 996,324,0.5 - 0.5,,1,4.95,0.25,0.5,,,3,0.727,29.1,34,10.2,3.48,,,,,,,,,,,,,,,,,500 000,0,500 000,1s,50,0.15,0,0.1,0.1,1 024,0.6,1,1,1,1,1,,1,38.4,20%,900,756
7,Tarantula GT-870 Mark 3 Cannon (Bengal),Gallenson Tactical Systems,Ballistic Cannon,512.5,4 271,2 562.6,707 277.6,2 562.6,0,0,100,1 048,8.68,9 097,276,0.4 - 0.4,,1,23.1,1.16,2.31,,,6 200,0.884,23.9,1,0.6,4.73,,,,,,,,,,,,,,,,,500 000,0,500 000,1s,50,0.15,0,0.1,0.1,10 240,,,,,,,,1,285,20%,35 200,0.001
8,Tarantula GT-870 Mark 3 Cannon (Bengal),Gallenson Tactical Systems,Ballistic Cannon,704.8,6 407,3 844.2,980 271,3 844.2,0,0,100,1 016,9.55,9 703,255,0.4 - 0.4,,1,29.7,1.49,2.97,,,6 200,0.928,22.8,1,0.6,5.11,,,,,,,,,,,,,,,,,500 000,0,500 000,1s,50,0.15,0,0.1,0.1,10 240,,,,,,,,1,470,20%,87 900,0.001
2,Thlilye Laser Gatling,Aopoa,Laser Gatling,128.3,313.5,17.1,∞,0,17.1,0,1 100,1 345.5,1.28,1 722,∞,0.518 - 0.518,,1,0.4,0.02,0.04,0.167,0.334,,,,,,,75,15,0.952,,,,,,,,,,,,,,540,0,24,10.8s,111,0.15,0,0,0.335,850,0.6,1,1,1,1,1,,1,13.6,20%,40,252
2,Tigerstrike T-19P,Kruger Intergalactic,Ballistic Gatling,387.5,450,22.5,104 085,22.5,0,0,1 200,1 345.5,1.61,2 166,4 626,0.627 - 0.627,,1,0.88,0.04,0.09,0.217,0.435,0.335,0.571,31.8,299,15,2.78,,,,,,,,,,,,,,,,,500 000,0,500 000,1s,27,0.15,0,0.1,0.1,850,0.6,1,1,1,1,1,,1,17,20%,26.7,252
4,TMSB-5 Gatling,Behring,Ballistic Gatling,586.7,922.3,52.7,276 675,52.7,0,0,1 050,1 345.5,1.61,2 166,5 250,0.7 - 0.7,,1,0.88,0.04,0.09,1.25,1.25,0.6,0.5,20,167,9.5,6,,,,,,,,,,,,,,,,,500 000,0,500 000,1s,0,0.15,0,0.1,0.1,1 500,0.6,1,1,1,1,1,,1,13.6,20%,200,756
3,Tormenter S3 Repeater,Grey's Market,Laser Repeater,277.7,493.8,39.5,∞,0,39.5,0,750,1 480,1.3,1 924,∞,0.62 - 0.62,,1,0.75,0.04,0.08,,,,,,,,,75,15,0.25,,,,,,,,,,,,,,500 000,0,500 000,1s,0,0.15,0,0,1,1 200,0.6,1,1,1,1,1,,1,12.5,20%,200,756
10,Vanduul Mauler 'ANNIHILATOR' Cannon,-,Tachyon Beam,14 500,15 000,,∞,,,,,,,5000,∞,,,,0,0.5,5,,,,,,,,,225,537,3,,,,,,,,1,4000,5000,50000,2,1,500 000,0,500 000,1s,0,0.15,0,0,0.25,1 670,0.6,1,1,1,1,1,,1,17.6,20%,,0.001
7,Vanduul Mauler 'ERADICATOR' Cannon,-,Tachyon Cannon,125,125,125,∞,0,125,0,60,917,11.91,10 921,∞,0.45 - 0.45,,1,12.25,0.61,1.23,,,,,,,,,225,537,3,,,,,,,,,,,,,,500 000,0,500 000,1s,1 780,0.15,0,0,3.6,400,0.6,1,1,1,1,1,,1,457,20%,,0.001
9,Vanduul Mauler 'IGNITER' Beam,-,Laser Beam,14 500,15 000,,∞,,,,,,,5000,∞,,,,24.5,1.23,2.45,,,,,,,,,225,45,3,,,,,,,,1,4000,5000,50000,2,1,500 000,0,500 000,1s,0,0.15,0,0,1,466,0.6,1,1,1,1,1,100,1,1240,20%,,0.001
8,Vanduul Mauler 'RAGE' Cannon,-,Plasma Cannon,4 671.3,4 671.3,4 671.3,∞,0,4 671.3,0,60,965.2,9.04,8 725,∞,0.45 - 0.45,,1,10.5,0.53,1.05,,,,,,,,,225,537,3,,,,,,,,,,,,,,500 000,0,500 000,1s,0,0.15,0,0,0.25,2 780,0.6,1,1,1,1,1,,1,17.6,20%,,0.001
6,Vanduul Mauler 'STRIKER' Repeater,-,Laser Repeater,717.8,800,64,∞,0,64,0,750,1 350,3.56,4 806,∞,0.6 - 0.6,,1,2.5,0.13,0.25,,,,,,,,,225,2787,3,,,,,,,,,,,,,,500 000,0,500 000,1s,446,0.15,0,0,1.2,10 200,0.6,1,1,1,1,1,,1,168,20%,,0.001
1,VNCL Gen2 LaserCannon S1,-,Laser Cannon,85,85,85,∞,0,85,0,60,1 200,1.67,2 004,∞,0.45 - 0.45,,1,0.9,0.05,0.09,,,,,,,,,225,537,3,,,,,,,,,,,,,,500 000,0,500 000,1s,0,0.15,0,0,0.25,400,0.6,1,1,1,1,1,,1,17.6,20%,120,0.001
1,VNCL Gen2 PlasmaCannon S2,-,Plasma Cannon,326.9,915.4,156.9,∞,0,156.9,0,350,1 136.2,2.14,2 431,∞,0.5 - 0.5,,1,1.2,0.06,0.12,,,,,,,,,25,3,1,,,,,,,,,,,,,,500 000,0,500 000,1s,545,0.15,0,0,0.25,800,0.6,1,1,1,1,1,,1,32,20%,,0.001
1,VNCL Gen2 PlasmaCannon S4,-,Plasma Cannon,192.3,309.1,185.5,∞,0,185.5,0,100,1 094.4,2.88,3 152,∞,0.45 - 0.45,,1,3,0.15,0.3,,,,,,,,,25,3,3,,,,,,,,,,,,,,500 000,0,500 000,1s,817,0.15,0,0,0.25,800,0.6,1,1,1,1,1,,1,87.1,20%,,0.001
5,'WAR' Cannon,Vanduul,Neutron Cannon,667.2,945,567,∞,0,567,0,100,708.9,3.53,2 502,∞,0.45 - 0.45,,1,2.4,0.12,0.24,,,,,,,,,25,3,0.485,,,,,,,,,,,,,,500 000,0,500 000,1s,578,0.15,0,0,1.4,2 640,0.6,1,1,1,1,1,,1,120,20%,2 340,4 200
3,'WARLORD' Cannon,Vanduul,Plasma Cannon,546,877.5,526.5,∞,0,526.5,0,100,1 124.8,2.4,2 700,∞,0.5 - 0.5,,1,2.25,0.11,0.23,,,,,,,,,25,3,3,,,,,,,,,,,,,,500 000,0,500 000,1s,681,0.15,0,0,1.5,1 024,0.6,1,1,1,1,1,,1,52.8,20%,750,756
2,'WASP' Repeater,Vanduul,Laser Cannon,162.4,519.8,89.1,∞,0,89.1,0,350,1 196,1.81,2 165,∞,0.5 - 0.5,,1,1.2,0.06,0.12,,,,,,,,,25,3,1.98,,,,,,,,,,,,,,500 000,0,500 000,1s,545,0.15,0,0,1.2,850,0.6,1,1,1,1,1,,1,32,20%,300,252
1,'WEAK' Repeater,Vanduul,Laser Cannon,139.7,425.3,72.9,∞,0,72.9,0,350,1 200,1.67,2 004,∞,0.5 - 0.5,,1,0.9,0.05,0.09,,,,,,,,,25,3,1.74,,,,,,,,,,,,,,500 000,0,500 000,1s,513,0.15,0,0,1.13,550,0.6,1,1,1,1,1,,1,19.4,20%,120,84
2,'WHIP' Cannon,Vanduul,Plasma Cannon,317.4,455.2,273.1,∞,0,273.1,0,100,1 136.2,2.14,2 431,∞,0.4 - 0.4,,1,1.2,0.06,0.12,,,,,,,,,25,3,0.75,,,,,,,,,,,,,,500 000,0,500 000,1s,545,0.15,0,0,1.2,850,0.6,1,1,1,1,1,,1,32,20%,300,252
5,'WRATH' Cannon,Vanduul,Plasma Cannon,657,810,972,∞,0,972,0,50,1 056.4,4.26,4 500,∞,0.45 - 0.45,,1,4.5,0.23,0.45,,,,,,,,,25,3,3,,,,,,,,,,,,,,500 000,0,500 000,1s,953,0.15,0,0,2.1,5 500,0.6,1,1,1,1,1,,1,144,20%,340,4 200
5,'WRATH' Cannon,Vanduul,Plasma Cannon,657,810,972,∞,0,972,0,50,1 056.4,4.26,4 500,∞,0.45 - 0.45,,1,4.5,0.23,0.45,,,,,,,,,25,3,3,,,,,,,,,,,,,,500 000,0,500 000,1s,953,0.15,0,0,2.1,1 050,0.6,1,1,1,1,1,,1,144,20%,4 690,4 200
1,Yebira I,FireStorm Kinetics,Rocket POD,150,150,150,900,150,0,0,60,700,3,2 100,6,0 - 2,0.5 - 4,1,0,0.5,5,,,,,,,,,,,,,,,,,,,,,,,,,500 000,0,500 000,1s,,,,,,500,1,1,1,1,1,1,1 440,,,,,84
2,Yebira II,FireStorm Kinetics,Rocket POD,150,150,150,1 800,150,0,0,60,700,3,2 100,12,0 - 2,0.5 - 4,1,0,0.5,5,,,,,,,,,,,,,,,,,,,,,,,,,500 000,0,500 000,1s,,,,,,750,1,1,1,1,1,1,1 440,,,,,252
1,YellowJacket GT-210 Gatling,Gallenson Tactical Systems,Ballistic Gatling,171.5,201.6,7.6,33 566.4,7.6,0,0,1 600,1 350,1.48,1 998,4 440,0.54 - 0.54,,1,0.66,0.03,0.07,0.164,0.329,0.32,0.495,44.1,313,11.7,2.24,,,,,,,,,,,,,,,,,500 000,0,500 000,1s,36,0.15,0,0.1,0.1,550,0.6,1,1,1,1,1,,1,8.23,20%,24,84
1,YellowJacket GT-210 Gatling (Cutlass Steel),Gallenson Tactical Systems,Ballistic Gatling,171.5,201.6,7.6,33 566.4,7.6,0,0,1 600,1 350,1.48,1 998,4 440,0.54 - 0.54,,1,0.66,0.03,0.07,0.164,0.329,0.32,0.495,44.1,313,11.7,2.24,,,,,,,,,,,,,,,,,,,,,36,0.15,0,0.1,0.1,,,,,,,,,,,,24,84
1,YellowJacket GT-210 Gatling (Ground),Gallenson Tactical Systems,Ballistic Gatling,171.5,201.6,7.6,33 566.4,7.6,0,0,1 600,1 350,1.48,1 998,4 440,0.54 - 0.54,,1,0.66,0.03,0.07,0.164,0.329,0.32,0.495,44.1,313,11.7,2.24,,,,,,,,,,,,,,,,,,,,,36,0.15,0,0.1,0.1,,,,,,,,,,,,24,84
1,YellowJacket GT-210 Gatling (Ground),Gallenson Tactical Systems,Ballistic Gatling,56.7,66.7,2.5,11 100,2.5,0,0,1 600,1 350,1.48,1 998,4 440,0.54 - 0.54,,1,0.66,0.03,0.07,0.164,0.329,0.32,0.495,44.1,313,11.7,2.24,,,,,,,,,,,,,,,,,,,,,36,0.15,0,0.1,0.1,,,,,,,,,,,,24,84
3,Yeng’tu Repeater,Aopoa,Laser Repeater,240.5,455.6,36.5,∞,0,36.5,0,750,1 480,1.3,1 924,∞,0.6 - 0.6,,1,0.75,0.04,0.08,,,,,,,,,75,15,0.667,,,,,,,,,,,,,,500 000,0,500 000,1s,242,0.15,0,0,0.652,1 024,0.6,1,1,1,1,1,,1,27.2,20%,150,756
