id,name,source,blueprints
5d78a8d6-6911-4eda-97b6-9e315025147d,BP_MISSIONREWARD_ASD2A,,"[{""weight"":1,""name"":""Fresnel Energy LMG""},{""weight"":1,""name"":""Zenith Laser Sniper Rifle""},{""weight"":1,""name"":""Geist Armor Arms Forest""},{""weight"":1,""name"":""Geist Armor Core Forest""},{""weight"":1,""name"":""Geist Armor Legs Forest""},{""weight"":1,""name"":""Geist Armor Helmet Forest""},{""weight"":1,""name"":""Corbel Arms Mire""},{""weight"":1,""name"":""Corbel Core Mire""},{""weight"":1,""name"":""Corbel Legs Mire""},{""weight"":1,""name"":""Corbel Helmet Mire""},{""weight"":1,""name"":""Fresnel Energy LMG Battery (165 Cap)""}]"
3ebf3bfa-dde3-4782-90f6-b003b5af1877,BP_MISSIONREWARD_ASD2B,,"[{""weight"":1,""name"":""Fresnel \""Rockfall\"" Energy LMG""},{""weight"":1,""name"":""Zenith \""Landslide\"" Laser Sniper Rifle""},{""weight"":1,""name"":""Geist Armor Arms""},{""weight"":1,""name"":""Geist Armor Core""},{""weight"":1,""name"":""Geist Armor Legs""},{""weight"":1,""name"":""Geist Armor Helmet""},{""weight"":1,""name"":""Corbel Arms Patina""},{""weight"":1,""name"":""Corbel Core Patina""},{""weight"":1,""name"":""Corbel Legs Patina""},{""weight"":1,""name"":""Corbel Helmet Patina""},{""weight"":1,""name"":""Fresnel Energy LMG Battery (165 Cap)""}]"
a79a915d-5186-4f87-8140-69bca9fc335e,BP_MISSIONREWARD_ASD2C,,"[{""weight"":1,""name"":""Zenith \""Thunderstrike\"" Laser Sniper Rifle""},{""weight"":1,""name"":""Geist Armor Helmet Desert""},{""weight"":1,""name"":""Geist Armor Arms Desert""},{""weight"":1,""name"":""Geist Armor Core Desert""},{""weight"":1,""name"":""Geist Armor Legs Desert""},{""weight"":1,""name"":""Geist Armor Arms Whiteout""},{""weight"":1,""name"":""Geist Armor Core Whiteout""},{""weight"":1,""name"":""Geist Armor Legs Whiteout""},{""weight"":1,""name"":""Geist Armor Helmet Whiteout""},{""weight"":1,""name"":""Corbel Arms Halcyon""},{""weight"":1,""name"":""Corbel Core Halcyon""},{""weight"":1,""name"":""Corbel Legs Halcyon""},{""weight"":1,""name"":""Corbel Helmet Halcyon""},{""weight"":1,""name"":""Zenith Laser Sniper Rifle Battery (22 Cap)""}]"
e0c72a9a-38be-4850-bc0d-dc4f3ee687c2,BP_MISSIONREWARD_ASD2D,,"[{""weight"":1,""name"":""Fresnel \""Icebox\"" Energy LMG""},{""weight"":1,""name"":""Geist Armor Arms Rogue""},{""weight"":1,""name"":""Geist Armor Core Rogue""},{""weight"":1,""name"":""Geist Armor Legs Rogue""},{""weight"":1,""name"":""Geist Armor Helmet Rogue""},{""weight"":1,""name"":""Geist Armor Arms Whiteout""},{""weight"":1,""name"":""Geist Armor Core Whiteout""},{""weight"":1,""name"":""Geist Armor Legs Whiteout""},{""weight"":1,""name"":""Geist Armor Helmet Whiteout""},{""weight"":1,""name"":""Corbel Arms Smolder""},{""weight"":1,""name"":""Corbel Core Smolder""},{""weight"":1,""name"":""Corbel Legs Smolder""},{""weight"":1,""name"":""Corbel Helmet Smolder""},{""weight"":1,""name"":""Fresnel Energy LMG Battery (165 Cap)""}]"
903fb48b-ea72-48c0-b6d1-ece7c7f1e2f3,BP_MISSIONREWARD_ASD3,,"[{""weight"":1,""name"":""Zenith \""Darkwave\"" Laser Sniper Rifle""},{""weight"":1,""name"":""Fresnel \""Molten\"" Energy LMG""},{""weight"":1,""name"":""Geist Armor Arms ASD Edition""},{""weight"":1,""name"":""Geist Armor Core ASD Edition""},{""weight"":1,""name"":""Geist Armor Legs ASD Edition""},{""weight"":1,""name"":""Geist Armor Helmet ASD Edition""},{""weight"":1,""name"":""Zenith Laser Sniper Rifle Battery (22 Cap)""}]"
f14e629c-3346-4ca8-9204-df523ae54822,BP_MISSIONREWARD_BHG_ASDFacilityDelving_EngineeringWing_EliminateSpecific,,"[{""weight"":1,""name"":""Palatino Arms Sunstone""},{""weight"":1,""name"":""Palatino Core Sunstone""},{""weight"":1,""name"":""Palatino Legs Sunstone""},{""weight"":1,""name"":""Palatino Helmet Sunstone""}]"
6d549de3-21d6-4c46-ba89-2970a4cf7286,BP_MISSIONREWARD_BHG_ASDFacilityDelving_ResearchWing_EliminateSpecific,,"[{""weight"":1,""name"":""Palatino Arms Metropolis""},{""weight"":1,""name"":""Palatino Core Metropolis""},{""weight"":1,""name"":""Palatino Legs Metropolis""},{""weight"":1,""name"":""Palatino Helmet Metropolis""},{""weight"":1,""name"":""Palatino Arms Daystar""},{""weight"":1,""name"":""Palatino Core Daystar""},{""weight"":1,""name"":""Palatino Legs Sunstone""},{""weight"":1,""name"":""Palatino Helmet Daystar""}]"
4937f5e9-f42e-4d8a-a6c4-96517028c548,BP_MISSIONREWARD_BitZeros_BlackBoxRecovery,,"[{""weight"":1,""name"":""Lumin V SMG""},{""weight"":1,""name"":""Arrowhead Sniper Rifle""},{""weight"":1,""name"":""Aves Arms""},{""weight"":1,""name"":""Aves Core""},{""weight"":1,""name"":""Aves Legs""},{""weight"":1,""name"":""Aves Helmet""},{""weight"":1,""name"":""Aves Shrike Core""},{""weight"":1,""name"":""Aves Shrike Arms""},{""weight"":1,""name"":""Aves Shrike Legs""},{""weight"":1,""name"":""Aves Shrike Helmet""},{""weight"":1,""name"":""Lumin V SMG Battery (45 cap)""},{""weight"":1,""name"":""Arrowhead Sniper Rifle Battery (16 cap)""}]"
fa0be2ae-124b-4505-a45d-80175c8f0b37,BP_MISSIONREWARD_BitZeros_RecoverItem_PyroNyx,,"[{""weight"":1,""name"":""Custodian SMG""},{""weight"":1,""name"":""Custodian \""Midnight\"" SMG""},{""weight"":1,""name"":""Custodian \""Scorched\"" SMG""},{""weight"":1,""name"":""Arden-SL Arms""},{""weight"":1,""name"":""Arden-SL Core""},{""weight"":1,""name"":""Arden-SL Legs""},{""weight"":1,""name"":""Arden-SL Helmet""},{""weight"":1,""name"":""Custodian SMG Magazine (60 cap)""}]"
636a76a2-0fbb-4f7f-aa69-7187f84aa961,BP_MISSIONREWARD_BitZeros_RecoverItem_Stanton,,"[{""weight"":1,""name"":""Lumin V SMG""},{""weight"":1,""name"":""Inquisitor Core Black""},{""weight"":1,""name"":""Inquisitor Arms Black""},{""weight"":1,""name"":""Inquisitor Legs Black""},{""weight"":1,""name"":""Morningstar Helmet Icefall""},{""weight"":1,""name"":""Inquisitor Core Grey""},{""weight"":1,""name"":""Inquisitor Arms Grey""},{""weight"":1,""name"":""Inquisitor Legs Grey""},{""weight"":1,""name"":""Lumin V SMG Battery (45 cap)""}]"
0f03e098-cc68-4a14-abe8-7b17a8bec97e,BP_MISSIONREWARD_BountyHuntersGuild_PAF_EliminateSpecific,,"[{""weight"":1,""name"":""P8-AR Rifle""},{""weight"":1,""name"":""Palatino Arms""},{""weight"":1,""name"":""Palatino Core""},{""weight"":1,""name"":""Palatino Legs""},{""weight"":1,""name"":""Palatino Helmet""},{""weight"":1,""name"":""Palatino Arms Moonfall""},{""weight"":1,""name"":""Palatino Core Moonfall""},{""weight"":1,""name"":""Palatino Legs Moonfall""},{""weight"":1,""name"":""Palatino Helmet Moonfall""},{""weight"":1,""name"":""P8-AR Rifle Magazine (15 Cap)""}]"
bd54c374-923e-4095-96c1-3a76e857c35a,BP_MISSIONREWARD_CFP_ChainElim_1and2,,"[{""weight"":1,""name"":""Karna \""Brimstone\"" Rifle""},{""weight"":1,""name"":""Artimex Core Lodestone""},{""weight"":1,""name"":""Artimex Arms Lodestone""},{""weight"":1,""name"":""Artimex Legs Lodestone""},{""weight"":1,""name"":""Artimex Helmet Lodestone""},{""weight"":1,""name"":""Karna Rifle Battery (35 cap)""}]"
6a166ec8-afd6-4e50-82aa-8b7533f82b41,BP_MISSIONREWARD_CFP_ChainElim_3,,"[{""weight"":1,""name"":""Karna \""Fate\"" Rifle""},{""weight"":1,""name"":""Artimex Core (Modified)""},{""weight"":1,""name"":""Artimex Arms (Modified)""},{""weight"":1,""name"":""Karna Rifle Battery (35 cap)""}]"
633d4069-c160-43d2-892d-2d8222261c20,BP_MISSIONREWARD_CFP_Outpost_RegionAB,,"[{""weight"":1,""name"":""Karna Rifle""},{""weight"":1,""name"":""Artimex Arms""},{""weight"":1,""name"":""Artimex Core""},{""weight"":1,""name"":""Artimex Legs""},{""weight"":1,""name"":""Artimex Helmet""},{""weight"":1,""name"":""Karna Rifle Battery (35 cap)""}]"
a2da9707-9859-4da0-9f4b-90e5afe45833,BP_MISSIONREWARD_CFP_Outpost_RegionC,,"[{""weight"":1,""name"":""Karna Rifle""},{""weight"":1,""name"":""Artimex Core Canuto""},{""weight"":1,""name"":""Artimex Arms Canuto""},{""weight"":1,""name"":""Artimex Legs Canuto""},{""weight"":1,""name"":""Artimex Helmet Canuto""},{""weight"":1,""name"":""Karna Rifle Battery (35 cap)""}]"
e6bdf007-4469-46fd-88d7-8e139c59829a,BP_MISSIONREWARD_CFP_Outpost_RegionD,,"[{""weight"":1,""name"":""Karna \""Rager\"" Rifle""},{""weight"":1,""name"":""Artimex Core Wildwood""},{""weight"":1,""name"":""Artimex Arms Wildwood""},{""weight"":1,""name"":""Artimex Legs Wildwood""},{""weight"":1,""name"":""Artimex Helmet Wildwood""},{""weight"":1,""name"":""Karna Rifle Battery (35 cap)""}]"
cf847b27-bf3b-4d50-87c0-de3c68e4e387,BP_MISSIONREWARD_CitizensForProsperityDestroyItems_AB,,"[{""weight"":1,""name"":""FS-9 LMG""},{""weight"":1,""name"":""BR-2 Shotgun""},{""weight"":1,""name"":""Gallant Rifle""},{""weight"":1,""name"":""ADP Arms Woodland""},{""weight"":1,""name"":""ADP Core""},{""weight"":1,""name"":""ADP Legs Woodland""},{""weight"":1,""name"":""Balor HCH Helmet""},{""weight"":1,""name"":""ADP-mk4 Arms Woodland""},{""weight"":1,""name"":""ADP-mk4 Legs Woodland""},{""weight"":1,""name"":""ADP-mk4 Core Woodland""},{""weight"":1,""name"":""ADP-mk4 Helmet Woodland""},{""weight"":1,""name"":""FS-9 Magazine (75 cap)""},{""weight"":1,""name"":""BR-2 Shotgun Magazine (12 cap)""},{""weight"":1,""name"":""Gallant Rifle Battery (45 cap)""}]"
16948a53-7be2-4869-9b21-3af06e99f8b7,BP_MISSIONREWARD_CitizensForProsperityDestroyItems_CD,,"[{""weight"":1,""name"":""P6-LR Sniper Rifle""},{""weight"":1,""name"":""A03 Sniper Rifle""},{""weight"":1,""name"":""CBH-3 Helmet Base""},{""weight"":1,""name"":""PAB-1 Arms""},{""weight"":1,""name"":""PAB-1 Core""},{""weight"":1,""name"":""PAB-1 Legs""},{""weight"":1,""name"":""TrueDef-Pro Arms""},{""weight"":1,""name"":""TrueDef-Pro Core Base""},{""weight"":1,""name"":""Argus Helmet""},{""weight"":1,""name"":""TrueDef-Pro Legs""},{""weight"":1,""name"":""A03 Sniper Rifle Magazine (15 cap)""},{""weight"":1,""name"":""P6-LR Magazine (8 cap)""}]"
6ba44ab4-9681-4bbf-9fd6-475da08bafd5,BP_MISSIONREWARD_CitizensForProsperityRecoverCargo_Pyro,,"[{""weight"":1,""name"":""P8-SC SMG""},{""weight"":1,""name"":""C54 SMG""},{""weight"":1,""name"":""S71 Rifle""},{""weight"":1,""name"":""ORC-mkX Arms Woodland""},{""weight"":1,""name"":""ORC-mkX Legs Woodland""},{""weight"":1,""name"":""ORC-mkX Core Woodland""},{""weight"":1,""name"":""ORC-mkX Helmet Woodland""},{""weight"":1,""name"":""ORC-mkV Arms""},{""weight"":1,""name"":""ORC-mkV Legs""},{""weight"":1,""name"":""ORC-mkV Core""},{""weight"":1,""name"":""G-2 Helmet Woodland""},{""weight"":1,""name"":""P8-SC SMG Magazine (45 cap)""},{""weight"":1,""name"":""C54 SMG Magazine (50 cap)""},{""weight"":1,""name"":""S71 Rifle Magazine (30 cap)""}]"
af21edb5-3938-45ac-8a35-130e52463f44,BP_MISSIONREWARD_FoxwellEnforcement_Ambush,,"[{""weight"":1,""name"":""Parallax \""Sunstone\"" Energy Assault Rifle""},{""weight"":1,""name"":""Antium Arms Jet""},{""weight"":1,""name"":""Antium Core Jet""},{""weight"":1,""name"":""Antium Legs Jet""},{""weight"":1,""name"":""Antium Helmet Jet""},{""weight"":1,""name"":""Parallax Rifle Battery (80 Cap)""}]"
ad7ee842-5a39-4f35-a337-91b8e274179f,BP_MISSIONREWARD_FoxwellEnforcement_EscortShips,,"[{""weight"":1,""name"":""Parallax \""Shock Trooper\"" Energy Assault Rifle""},{""weight"":1,""name"":""Antium Arms Storm""},{""weight"":1,""name"":""Antium Core Storm""},{""weight"":1,""name"":""Antium Legs Storm""},{""weight"":1,""name"":""Antium Helmet Storm""},{""weight"":1,""name"":""Parallax Rifle Battery (80 Cap)""}]"
5b74b911-ef2e-4bcd-8767-84abdc6bf6f9,BP_MISSIONREWARD_FoxwellEnforcement_Generator,,"[{""weight"":1,""name"":""Antium Arms Maroon""},{""weight"":1,""name"":""Antium Core Maroon""},{""weight"":1,""name"":""Antium Legs Maroon""},{""weight"":1,""name"":""Antium Helmet Maroon""},{""weight"":1,""name"":""Antium Helmet Moss Camo""},{""weight"":1,""name"":""Antium Arms Moss Camo""},{""weight"":1,""name"":""Antium Core Moss Camo""},{""weight"":1,""name"":""Antium Legs Moss Camo""}]"
2fefd608-1c2c-4b0f-9c48-24b797f3ba3f,BP_MISSIONREWARD_FoxwellEnforcement_Patrol,,"[{""weight"":1,""name"":""Parallax \""Sanguine\"" Energy Assault Rifle""},{""weight"":1,""name"":""Antium Arms Sand""},{""weight"":1,""name"":""Antium Core Sand""},{""weight"":1,""name"":""Antium Legs Sand""},{""weight"":1,""name"":""Antium Helmet Sand""},{""weight"":1,""name"":""Parallax Rifle Battery (80 Cap)""}]"
e489ca64-3152-4ef3-8e86-10e05120d84d,BP_MISSIONREWARD_Foxwell_DefendEntitiesAndEscort,,"[{""weight"":1,""name"":""Parallax Energy Assault Rifle""},{""weight"":1,""name"":""Antium Arms""},{""weight"":1,""name"":""Antium Core""},{""weight"":1,""name"":""Antium Legs""},{""weight"":1,""name"":""Antium Helmet""},{""weight"":1,""name"":""Parallax Rifle Battery (80 Cap)""}]"
e9947de1-6160-4d62-a319-2f4693140c88,BP_MISSIONREWARD_HeadHunters_MercenaryFPS_EliminateALL_RegionAB,,"[{""weight"":1,""name"":""Atzkav Sniper Rifle""},{""weight"":1,""name"":""Atzkav \""Igniter\"" Sniper Rifle""},{""weight"":1,""name"":""Atzkav \""Mirage\"" Sniper Rifle""},{""weight"":1,""name"":""Calico Arms Tactical""},{""weight"":1,""name"":""Calico Core Tactical""},{""weight"":1,""name"":""Calico Legs Tactical""},{""weight"":1,""name"":""Calico Helmet Tactical""},{""weight"":1,""name"":""Atzkav Sniper Rifle Battery (8 cap)""}]"
d10c81ec-fc38-4f3e-bb2d-ccea0d10c889,BP_MISSIONREWARD_HeadHunters_MercenaryFPS_EliminateALL_RegionCD,,"[{""weight"":1,""name"":""Yubarev Pistol""},{""weight"":1,""name"":""Yubarev \""Mirage\"" Pistol""},{""weight"":1,""name"":""Yubarev \""Igniter\"" Pistol""},{""weight"":1,""name"":""DustUp Arms Tactical""},{""weight"":1,""name"":""DustUp Core Tactical""},{""weight"":1,""name"":""DustUp Legs Tactical""},{""weight"":1,""name"":""DustUp Helmet Tactical""},{""weight"":1,""name"":""Yubarev Pistol Battery (10 cap)""}]"
b81b328f-28a5-4d76-b06a-604cc7d5f2b0,BP_MISSIONREWARD_HeadHunters_MercenaryFPS_EliminateBoss,,"[{""weight"":1,""name"":""Ravager-212 Twin Shotgun""},{""weight"":1,""name"":""Ripper \""Sunblock\"" SMG""},{""weight"":1,""name"":""Dust Devil Armor Arms""},{""weight"":1,""name"":""Dust Devil Armor Core""},{""weight"":1,""name"":""Dust Devil Armor Legs""},{""weight"":1,""name"":""Manticore Helmet""},{""weight"":1,""name"":""Ravager-212 Twin Shotgun Magazine (16 cap)""},{""weight"":1,""name"":""Deadrig Shotgun Magazine (8 cap)""}]"
f05fa898-1580-4ce3-95e2-8f5c4a1d1891,BP_MISSIONREWARD_HeadHunters_MercenaryFPS_EliminateSpecific_RegionAB,,"[{""weight"":1,""name"":""Scalpel Sniper Rifle""},{""weight"":1,""name"":""Coda Pistol""},{""weight"":1,""name"":""Coda \""Nighthawk\"" Pistol""},{""weight"":1,""name"":""Coda \""Big Boss\"" Pistol""},{""weight"":1,""name"":""Morozov-SH Arms""},{""weight"":1,""name"":""Morozov-SH Core""},{""weight"":1,""name"":""Morozov-SH Legs""},{""weight"":1,""name"":""Morozov-SH Helmet""},{""weight"":1,""name"":""Scalpel Sniper Rifle Magazine (12 cap)""},{""weight"":1,""name"":""Coda Pistol Magazine (6 cap)""}]"
9cf3799c-2347-46a6-bd65-203f8a426f79,BP_MISSIONREWARD_HeadHunters_MercenaryFPS_EliminateSpecific_RegionCD,,"[{""weight"":1,""name"":""Devastator Shotgun""},{""weight"":1,""name"":""Devastator \""Warhawk\"" Shotgun""},{""weight"":1,""name"":""Devastator \""Midnight\"" Shotgun""},{""weight"":1,""name"":""Morozov-SH Core Thule""},{""weight"":1,""name"":""Morozov-SH Arms Thule""},{""weight"":1,""name"":""Morozov-SH Legs Thule""},{""weight"":1,""name"":""Morozov-SH Helmet Thule""},{""weight"":1,""name"":""Devastator Shotgun Battery (12 cap)""}]"
c9b51f5a-6073-49f8-bd40-b240d7d35ceb,BP_MISSIONREWARD_IDS_RecoverEncryptedData,,"[{""weight"":1,""name"":""Pulse \""Blacklist\"" Pistol""},{""weight"":1,""name"":""Quartz Energy SMG""},{""weight"":1,""name"":""Quartz \""Black Op\"" Energy SMG""},{""weight"":1,""name"":""Testudo Arms""},{""weight"":1,""name"":""Testudo Core""},{""weight"":1,""name"":""Testudo Legs""},{""weight"":1,""name"":""Testudo Helmet""},{""weight"":1,""name"":""Testudo Helmet Clanguard""},{""weight"":1,""name"":""Testudo Core Clanguard""},{""weight"":1,""name"":""Testudo Legs Clanguard""},{""weight"":1,""name"":""Testudo Arms Clanguard""},{""weight"":1,""name"":""Quartz Energy SMG Battery (45 cap)""},{""weight"":1,""name"":""Pulse Laser Pistol Battery (60 Cap)""}]"
efacefc7-916b-4cd1-9f03-43053f6ae867,BP_MISSIONREWARD_InterSec_DefendShip,,"[{""weight"":1,""name"":""Pulse \""Rouge\"" Pistol""},{""weight"":1,""name"":""Testudo Arms Combustion""},{""weight"":1,""name"":""Testudo Core Combustion""},{""weight"":1,""name"":""Testudo Legs Combustion""},{""weight"":1,""name"":""Testudo Helmet Combustion""},{""weight"":1,""name"":""Pulse Laser Pistol Battery (60 Cap)""}]"
1fdd6657-5947-4f64-ab2b-3b001d88f1f7,BP_MISSIONREWARD_InterSec_Patrol,,"[{""weight"":1,""name"":""Quartz \""Lumen\"" Energy SMG""},{""weight"":1,""name"":""Testudo Arms Nightveil""},{""weight"":1,""name"":""Testudo Core Nightveil""},{""weight"":1,""name"":""Testudo Legs Nightveil""},{""weight"":1,""name"":""Testudo Helmet Nightveil""},{""weight"":1,""name"":""Quartz \""Deadfall\"" Energy SMG""},{""weight"":1,""name"":""Testudo Arms Turfwar""},{""weight"":1,""name"":""Testudo Core Turfwar""},{""weight"":1,""name"":""Testudo Legs Turfwar""},{""weight"":1,""name"":""Testudo Helmet Turfwar""},{""weight"":1,""name"":""Quartz Energy SMG Battery (45 cap)""}]"
36e8ac4d-8962-4b03-89e7-cd7a06fc4adc,BP_MISSIONREWARD_InterSec_ResourceGathering,,"[{""weight"":1,""name"":""Pulse Laser Pistol""},{""weight"":1,""name"":""Testudo Arms Earthshake""},{""weight"":1,""name"":""Testudo Core Earthshake""},{""weight"":1,""name"":""Testudo Legs Earthshake""},{""weight"":1,""name"":""Testudo Helmet Earthshake""},{""weight"":1,""name"":""Pulse Laser Pistol Battery (60 Cap)""}]"
ce014e33-cfcb-45e9-a12f-06f9baff9db2,BP_MISSIONREWARD_NorthRockFPSKill_EliminateBoss,,"[{""weight"":1,""name"":""F55 LMG""},{""weight"":1,""name"":""LH86 Pistol""},{""weight"":1,""name"":""Defiance Arms Tactical""},{""weight"":1,""name"":""Defiance Core Tactical""},{""weight"":1,""name"":""Defiance Legs Tactical""},{""weight"":1,""name"":""Defiance Helmet Tactical""},{""weight"":1,""name"":""Lynx Arms""},{""weight"":1,""name"":""Lynx Legs""},{""weight"":1,""name"":""Lynx Core""},{""weight"":1,""name"":""Oracle Helmet""},{""weight"":1,""name"":""F55 LMG Magazine (150 cap)""},{""weight"":1,""name"":""F55 LMG Magazine (150 cap)""}]"
7c495074-f31a-4f52-bde2-c912b183ac81,BP_MISSIONREWARD_Rayari_RecoverItem_HathorLoot,,"[{""weight"":1,""name"":""Pulse Laser Pistol""},{""weight"":1,""name"":""Pulse \""Blacklist\"" Pistol""},{""weight"":1,""name"":""Pulse \""Rouge\"" Pistol""},{""weight"":1,""name"":""Quartz Energy SMG""},{""weight"":1,""name"":""Quartz \""Deadfall\"" Energy SMG""},{""weight"":1,""name"":""Quartz \""Black Op\"" Energy SMG""},{""weight"":1,""name"":""Quartz \""Lumen\"" Energy SMG""},{""weight"":1,""name"":""Quartz Energy SMG Battery (45 cap)""},{""weight"":1,""name"":""Pulse Laser Pistol Battery (60 Cap)""}]"
5abbcbe8-8af1-4b76-8a85-631eeff5903d,BP_MISSIONREWARD_Rayari_RecoverItem_Irradiated,,"[{""weight"":1,""name"":""Prism \""Deep Sea\"" Laser Shotgun""},{""weight"":1,""name"":""Prism \""Bonedust\"" Laser Shotgun""},{""weight"":1,""name"":""Prism \""Firesteel\"" Laser Shotgun""},{""weight"":1,""name"":""Prism Laser Shotgun""},{""weight"":1,""name"":""Stirling Exploration Suit""},{""weight"":1,""name"":""Siebe Helmet""},{""weight"":1,""name"":""Prism Laser Shotgun Battery (20 cap)""}]"
61b089a0-880c-41da-a2c2-482a1bffe96f,BP_MISSIONREWARD_RDC_Boss,,"[{""weight"":1,""name"":""R97 Shotgun""},{""weight"":1,""name"":""R97 \""Scorched\"" Shotgun""},{""weight"":1,""name"":""Monde Arms Daimyo""},{""weight"":1,""name"":""Monde Core Daimyo""},{""weight"":1,""name"":""Monde Legs Daimyo""},{""weight"":1,""name"":""Monde Helmet Daimyo""},{""weight"":1,""name"":""Monde Arms Crimson Camo""},{""weight"":1,""name"":""Monde Core Crimson Camo""},{""weight"":1,""name"":""Monde Legs Crimson Camo""},{""weight"":1,""name"":""Monde Helmet Crimson Camo""},{""weight"":1,""name"":""R97 Shotgun Magazine (18 cap)""}]"
1e31d7e8-3033-4c98-a477-c474810d48c1,BP_MISSIONREWARD_RDC_Exclusive,,"[{""weight"":1,""name"":""R97 \""Kismet\"" Shotgun""},{""weight"":1,""name"":""R97 \""Righteous\"" Shotgun""},{""weight"":1,""name"":""Monde Arms Delta Camo""},{""weight"":1,""name"":""Monde Legs Delta Camo""},{""weight"":1,""name"":""Monde Core Delta Camo""},{""weight"":1,""name"":""Monde Helmet Delta Camo""},{""weight"":1,""name"":""Monde Helmet Daimyo""},{""weight"":1,""name"":""Monde Legs Hemlock Camo""},{""weight"":1,""name"":""Monde Core Hemlock Camo""},{""weight"":1,""name"":""Monde Arms Hemlock Camo""},{""weight"":1,""name"":""R97 Shotgun Magazine (18 cap)""}]"
e52bf354-8918-474d-987e-55c01bfecdd3,BP_MISSIONREWARD_RDC_Generic,,"[{""weight"":1,""name"":""R97 Shotgun""},{""weight"":1,""name"":""Monde Arms""},{""weight"":1,""name"":""Monde Core""},{""weight"":1,""name"":""Monde Legs""},{""weight"":1,""name"":""Monde Helmet""},{""weight"":1,""name"":""Monde Arms Hiro""},{""weight"":1,""name"":""Monde Core Hiro""},{""weight"":1,""name"":""Monde Legs Hiro""},{""weight"":1,""name"":""Monde Helmet Hiro""},{""weight"":1,""name"":""R97 Shotgun Magazine (18 cap)""}]"
5e79204c-6d26-4ddb-95c8-6940028e4d89,BP_MISSIONREWARD_Shubin_ResourceGathering_FPSMining_Pyro,,"[{""weight"":1,""name"":""Arclight \""Herrero\"" Pistol""},{""weight"":1,""name"":""Arclight \""Desert Shadow\"" Pistol""},{""weight"":1,""name"":""Pembroke Exploration Suit""},{""weight"":1,""name"":""Pembroke Helmet""},{""weight"":1,""name"":""Novikov Exploration Suit""},{""weight"":1,""name"":""Novikov Helmet""},{""weight"":1,""name"":""Arclight Pistol Battery (30 cap)""}]"
ebe453ce-10cc-4811-8c68-217c5fecb79e,BP_MISSIONREWARD_Shubin_ResourceGathering_FPSMining_Stanton,,"[{""weight"":1,""name"":""Arclight \""Midnight\"" Pistol""},{""weight"":1,""name"":""Strata Arms""},{""weight"":1,""name"":""Strata Core""},{""weight"":1,""name"":""Strata Legs""},{""weight"":1,""name"":""Strata Helmet Shooting Star""},{""weight"":1,""name"":""Arclight Pistol Battery (30 cap)""}]"
c2bd6ae6-c4a1-4fb1-8421-bd2979f39f77,BP_MISSIONREWARD_Shubin_ResourceGathering_ShipMining_PyroNyx,,"[{""weight"":1,""name"":""Arclight \""Stormfall\"" Pistol""},{""weight"":1,""name"":""Arclight Pistol""},{""weight"":1,""name"":""Venture Arms""},{""weight"":1,""name"":""Venture Core""},{""weight"":1,""name"":""Venture Legs""},{""weight"":1,""name"":""Horizon Helmet""},{""weight"":1,""name"":""Arclight Pistol Battery (30 cap)""}]"
40438f39-f78c-41bc-a8de-d6f4f4c2daec,BP_MISSIONREWARD_Shubin_ResourceGathering_ShipMining_Stanton,,"[{""weight"":1,""name"":""Arclight \""Nightstalker\"" Pistol""},{""weight"":1,""name"":""Aril Arms""},{""weight"":1,""name"":""Aril Core""},{""weight"":1,""name"":""Aril Legs""},{""weight"":1,""name"":""Aril Helmet""},{""weight"":1,""name"":""Arclight \""Warhawk\"" Pistol""},{""weight"":1,""name"":""Arclight Pistol Battery (30 cap)""}]"
6876ee7a-114b-4414-9af1-bfdcdd303204,BP_MISSIONREWARD_VaughnGenerator_EliminateBoss,,"[{""weight"":1,""name"":""Pulverizer LMG""},{""weight"":1,""name"":""Tripledown Pistol""},{""weight"":1,""name"":""Citadel Arms Base""},{""weight"":1,""name"":""Citadel Legs Base""},{""weight"":1,""name"":""Citadel Core Base""},{""weight"":1,""name"":""Fortifier Helmet Base""},{""weight"":1,""name"":""Carnifex Armor Core""},{""weight"":1,""name"":""Carnifex Armor Legs""},{""weight"":1,""name"":""Carnifex Armor Legs""},{""weight"":1,""name"":""Pulverizer LMG Magazine (120 Cap)""},{""weight"":1,""name"":""Tripledown Pistol Magazine (12 Cap)""}]"
67a07f1a-ca8c-400d-984a-6088ecd3b482,BP_MISSIONREWARD_VaughnGenerator_EliminateSpecific,,"[{""weight"":1,""name"":""Killshot Rifle""},{""weight"":1,""name"":""Deadrig Shotgun""},{""weight"":1,""name"":""Overlord Arms Supernova""},{""weight"":1,""name"":""Overlord Core Supernova""},{""weight"":1,""name"":""Overlord Legs Supernova""},{""weight"":1,""name"":""Overlord Helmet Supernova""},{""weight"":1,""name"":""Piecemeal Armor Arms""},{""weight"":1,""name"":""Piecemeal Armor Core""},{""weight"":1,""name"":""Piecemeal Armor Legs""},{""weight"":1,""name"":""Badami Helmet""},{""weight"":1,""name"":""Killshot Rifle Magazine (45 Cap)""},{""weight"":1,""name"":""Deadrig Shotgun Magazine (8 cap)""}]"
