Rarity Category,Element List
Uncommon,"Agricium (Ore)
Aslarite (Raw)
Laranite (Raw)
Titanium (Ore)
Torite (Ore)
Tungsten (Ore)"
Common,"Aluminium (Ore)
Copper (Ore)
Corundum (Raw)
Hephaestanite (Raw)
Ice (Raw)
Iron (Ore)
Quartz (Raw)
Silicon (Raw)
Tin (Ore)"
Rare,"Beryl (Raw)
Bexalite (Raw)
Borase (Ore)
Gold (Ore)
Taranite (Raw)"
Epic,"Lindinium (Ore)
Ouratite (Raw)
Riccite (Ore)"
Unknown,"Aphorite
Beradom
Carinite
Carinite
Carinitepure
Dolivine
Feynmaline
Glacosite
Hadanite
Jaclium
Janalite
Sadaryx
Saldynium"
Legendary,"Quantainium (Raw)
Savrilium (Ore)
Stileron (Ore)"
