Entity Class,Name Key,Description Key,Display Name Key,Display Description Key,Display Type Key,Type GUID,Subtype GUID,Cargo Occupancy Unit,Cargo Occupancy Value,Cargo Occupancy SCU,Boxable,Unrefined,Raw,Refined,Record GUID,Record Path
agriculturalSupplies,items_commodities_agriculturalSupplies,LOC_EMPTY,items_commodities_agriculturalSupplies,LOC_UNINITIALIZED,items_commodities_type_agriculturalSupply,6bc39eae-ef95-4c6a-a883-7118aeef631e,e7645f9b-99b5-44a7-a2f9-d741b2c279b6,SCentiCargoUnit,1,0.01,1,0,,,dcb64476-e7be-4fe2-9a39-89df37f25270,libs/foundry/records/entities/commodities/agriculturalsupplies/agriculturalsupplies.xml
CK13-GIDSeedBlend,items_commodities_CK13GIDSeeds,items_commodities_CK13GIDSeeds_desc,items_commodities_CK13GIDSeeds,LOC_UNINITIALIZED,items_commodities_type_agriculturalSupply,6bc39eae-ef95-4c6a-a883-7118aeef631e,fe0cf487-a81b-42d8-8df7-093a73a7d64f,SCentiCargoUnit,1,0.01,1,0,,,2d70b5eb-0691-4270-b173-f91b7f59ee88,libs/foundry/records/entities/commodities/agriculturalsupplies/ck13-gidseedblend.xml
DCSR2,items_commodities_DCSR2,items_commodities_DCSR2_desc,items_commodities_DCSR2,items_commodities_DCSR2_desc,items_commodities_type_agriculturalSupply,6bc39eae-ef95-4c6a-a883-7118aeef631e,8740c6c1-63cf-480f-af47-d2addf01fb31,SCentiCargoUnit,1,0.01,1,0,,,61f442d3-ec14-48d1-af2e-bcb50b894d58,libs/foundry/records/entities/commodities/agriculturalsupplies/dcsr2.xml
atlasium,items_commodities_atlasium,items_commodities_atlasium_desc,items_commodities_atlasium,LOC_UNINITIALIZED,items_commodities_type_alloy,22325f28-8d37-46ab-8c08-8a9b34101fad,45f89d34-3167-4723-9b85-f9df3770ce00,SCentiCargoUnit,1,0.01,1,0,,,af5dcf22-7a28-4b1e-88f0-4309d34be11a,libs/foundry/records/entities/commodities/alloys/atlasium.xml
dymantium,items_commodities_dymantium,items_commodities_dymantium_desc,items_commodities_dymantium,LOC_UNINITIALIZED,items_commodities_type_alloy,22325f28-8d37-46ab-8c08-8a9b34101fad,afaaaf2c-dded-4e5f-a3a3-bbea2a3a24e4,SCentiCargoUnit,1,0.01,1,0,,,bd56ff6d-3ab7-4f66-8346-f620e7f77391,libs/foundry/records/entities/commodities/alloys/dymantium.xml
steel,items_commodities_steel,items_commodities_steel_desc,items_commodities_steel,LOC_UNINITIALIZED,items_commodities_type_alloy,22325f28-8d37-46ab-8c08-8a9b34101fad,bb720729-3e8e-4129-b21a-8cdc4a7627b2,SCentiCargoUnit,1,0.01,1,0,,,08e30ea3-0b36-4945-a57e-91bf3608f1b4,libs/foundry/records/entities/commodities/alloys/steel.xml
xapyen,items_commodities_xapyen,items_commodities_xapyen_desc,items_commodities_xapyen,LOC_UNINITIALIZED,items_commodities_type_alloy,22325f28-8d37-46ab-8c08-8a9b34101fad,3393705c-a2ca-41fa-a4e8-97abe75faacc,SCentiCargoUnit,1,0.01,1,0,,,0da39bc8-5174-43ac-afd3-3f4670e1906c,libs/foundry/records/entities/commodities/alloys/xapyen.xml
ConstructionMaterials,items_commodities_ConstructionMaterials,items_commodities_ConstructionMaterials_desc,items_commodities_ConstructionMaterials,LOC_UNINITIALIZED,items_commodities_ConsumerGoods,d8451c7f-aeb5-49c5-9e71-ef123ea03fba,ba280f91-1169-40c2-ba18-bc2abb74d58e,SCentiCargoUnit,1,0.01,1,0,,,383e3a8d-2b9a-4550-81fb-5700b7344ced,libs/foundry/records/entities/commodities/consumergoods/constructionmaterials.xml
ElectronicsEquipment,items_commodities_AudioVisualEquipment,items_commodities_AudioVisualEquipment_desc,items_commodities_AudioVisualEquipment,LOC_UNINITIALIZED,items_commodities_ConsumerGoods,d8451c7f-aeb5-49c5-9e71-ef123ea03fba,1634d5c4-81fc-4fcd-8c11-3ad00cf7db62,SCentiCargoUnit,1,0.01,1,0,,,7d6416a5-7ec4-4fec-9a07-ae88a5e2ee98,libs/foundry/records/entities/commodities/consumergoods/electronicsequipment.xml
HLX99Hyperprocessors,items_commodities_HLX99Hyperprocessors,items_commodities_HLX99Hyperprocessors_desc,items_commodities_HLX99Hyperprocessors,LOC_UNINITIALIZED,items_commodities_type_consumerGoods,d8451c7f-aeb5-49c5-9e71-ef123ea03fba,389aaf24-36f9-408e-94b1-ce977167231e,SCentiCargoUnit,1,0.01,1,0,,,1da71ac6-b728-4a16-81ee-b5cedc465431,libs/foundry/records/entities/commodities/consumergoods/hlx99hyperprocessors.xml
OsoianHides,items_commodities_OsoianHides,items_commodities_osionHides_desc,items_commodities_OsoianHides,LOC_UNINITIALIZED,items_commodities_type_consumerGoods,d8451c7f-aeb5-49c5-9e71-ef123ea03fba,37c3dff8-548a-48b7-9d83-ae50f7d3d31c,SCentiCargoUnit,1,0.01,1,0,,,d1120c0f-2060-429a-b120-34825a16e3e0,libs/foundry/records/entities/commodities/consumergoods/osoianhides.xml
PartyFavors,items_commodities_Fireworks,items_commodities_Fireworks_desc,items_commodities_Fireworks,LOC_UNINITIALIZED,items_commodities_type_consumerGoods,d8451c7f-aeb5-49c5-9e71-ef123ea03fba,3cb8d291-26c9-46fb-b68b-4ef601099102,SCentiCargoUnit,1,0.01,1,0,,,ccd2081c-25e8-46ba-9013-853ee1284554,libs/foundry/records/entities/commodities/consumergoods/partyfavors.xml
Procyon_canister_damage,items_commodities_acryliplex,items_commodities_acryliplex_desc,items_commodities_acryliplex,LOC_UNINITIALIZED,items_commodities_type_consumerGoods,d8451c7f-aeb5-49c5-9e71-ef123ea03fba,12d7a202-da6c-4e4d-b442-d1c36116d18b,SStandardCargoUnit,,0,1,0,,,d92c2f26-75e3-45b3-9df6-84c3cec72d8a,libs/foundry/records/entities/commodities/consumergoods/procyon_canister_damage.xml
Procyon_canister_quantum,items_commodities_diluthermex,items_commodities_diluthermex_desc,items_commodities_diluthermex,LOC_UNINITIALIZED,items_commodities_type_consumerGoods,d8451c7f-aeb5-49c5-9e71-ef123ea03fba,cb983dd9-de13-4149-bab8-afe9049f828d,SStandardCargoUnit,,0,1,0,,,84b92a6a-8c34-4b4c-b8be-88f6ecf03626,libs/foundry/records/entities/commodities/consumergoods/procyon_canister_quantum.xml
Procyon_canister_time,items_commodities_zetaprolanide,items_commodities_zetaprolanide_desc,items_commodities_zetaprolanide,LOC_UNINITIALIZED,items_commodities_type_consumerGoods,d8451c7f-aeb5-49c5-9e71-ef123ea03fba,78069bf4-6552-4566-a25e-f3faa2a8ec3b,SStandardCargoUnit,,0,1,0,,,6cff1dcd-b2f7-4e4f-ba48-ffa884184b37,libs/foundry/records/entities/commodities/consumergoods/procyon_canister_time.xml
RedfinEnergyModulator,items_commodities_RedfinEnergyModulator,items_commodities_RedfinEnergyModulator_desc,items_commodities_RedfinEnergyModulator,LOC_UNINITIALIZED,items_commodities_type_consumerGoods,d8451c7f-aeb5-49c5-9e71-ef123ea03fba,8c04bdf5-a35e-444f-b3c1-08ebb54a0fb5,SCentiCargoUnit,1,0.01,1,0,,,1d33767e-d9af-449c-a717-7e4de02f00b3,libs/foundry/records/entities/commodities/consumergoods/redfinenergymodulator.xml
Souvenirs,items_commodities_Souvenirs,items_commodities_Souvenirs_desc,items_commodities_Souvenirs,LOC_UNINITIALIZED,items_commodities_type_consumerGoods,d8451c7f-aeb5-49c5-9e71-ef123ea03fba,34d33e68-528c-47a0-8350-4b722849f407,SCentiCargoUnit,1,0.01,1,0,,,1bf49100-2d23-4e72-8afe-764f9610828b,libs/foundry/records/entities/commodities/consumergoods/souvenirs.xml
LifeCureMedsticks,items_commodities_LifeCureMedSticks,items_commodities_LifeCureMedSticks_desc,items_commodities_RedfinEnergyModulator,LOC_UNINITIALIZED,items_commodities_type_consumerGoods,d8451c7f-aeb5-49c5-9e71-ef123ea03fba,32a51c2c-7f02-46a3-9935-00edca75c784,SCentiCargoUnit,1,0.01,1,0,,,0df1df2d-6b65-4331-9394-3908953cd279,libs/foundry/records/entities/commodities/counterfeit/lifecuremedsticks.xml
mobyGlassPersonalComputers,items_commodities_mobyGlass,items_commodities_mobyGlass_desc,items_commodities_mobyGlass,LOC_UNINITIALIZED,items_commodities_type_consumerGoods,d8451c7f-aeb5-49c5-9e71-ef123ea03fba,4dc92f1a-a4d6-4711-827d-e1756b73133f,SCentiCargoUnit,1,0.01,1,0,,,b294c88b-b988-4413-94bc-70f71f9401f6,libs/foundry/records/entities/commodities/counterfeit/mobyglasspersonalcomputers.xml
RS1OdyseySpacesuits,items_commodities_RS1OdyseySpacesuits,items_commodities_RS1OdyseySpacesuits_desc,items_commodities_RS1OdyseySpacesuits,LOC_UNINITIALIZED,items_commodities_type_consumerGoods,d8451c7f-aeb5-49c5-9e71-ef123ea03fba,aa891314-7cf3-4d0e-b7c4-1a0898efb015,SCentiCargoUnit,1,0.01,1,0,,,6007e444-0a50-483b-b787-59047e6b0121,libs/foundry/records/entities/commodities/counterfeit/rs1odyseyspacesuits.xml
Commodities_Drink_bottle_beer_01_smoltz_a,item_NameDrink_bottle_beer_01_smoltz_a,item_DescDrink_bottle_beer_01_smoltz_a,item_NameDrink_bottle_beer_01_smoltz_a,item_DescDrink_bottle_beer_01_smoltz_a,items_commodities_type_drink,602269e1-6e26-457d-b251-02ec4acb3f37,a229daf9-de60-4660-be05-bd7dc5457b88,SMicroCargoUnit,890,0.00089,1,0,,,cd39e5b6-1168-4c52-ada4-e68580f1904d,libs/foundry/records/entities/commodities/food/commodities_drink_bottle_beer_01_smoltz_a.xml
Commodities_Drink_bottle_cruz_01_a,item_NameDrink_bottle_cruz_01_a,item_DescDrink_bottle_cruz_01_a,item_NameDrink_bottle_cruz_01_a,item_DescDrink_bottle_cruz_01_a,items_commodities_type_drink,602269e1-6e26-457d-b251-02ec4acb3f37,1d60c9f4-53f8-43c3-9d17-54efbb7224c9,SMicroCargoUnit,860,0.00086,1,0,,,0881f6c5-70a3-4965-a919-0235afd2600e,libs/foundry/records/entities/commodities/food/commodities_drink_bottle_cruz_01_a.xml
Commodities_Drink_bottle_cruz_01_dark_a,item_NameDrink_bottle_cruz_01_dark_a,item_DescDrink_bottle_cruz_01_dark_a,item_NameDrink_bottle_cruz_01_dark_a,item_DescDrink_bottle_cruz_01_dark_a,items_commodities_type_drink,602269e1-6e26-457d-b251-02ec4acb3f37,903841f0-20aa-4150-9c71-e6624b6146fb,SMicroCargoUnit,860,0.00086,1,0,,,10a175fc-09a8-4fae-bbaf-0b3e47c380d2,libs/foundry/records/entities/commodities/food/commodities_drink_bottle_cruz_01_dark_a.xml
Commodities_Drink_bottle_cruz_01_lux_a,item_NameDrink_bottle_cruz_01_lux_a,item_DescDrink_bottle_cruz_01_lux_a,item_NameDrink_bottle_cruz_01_lux_a,item_DescDrink_bottle_cruz_01_lux_a,items_commodities_type_drink,602269e1-6e26-457d-b251-02ec4acb3f37,ba7709c7-8e19-48da-8bc5-aaf7c0331119,SMicroCargoUnit,860,0.00086,1,0,,,1a8bcd97-dbc6-4b22-a47a-a5c05ab17fa3,libs/foundry/records/entities/commodities/food/commodities_drink_bottle_cruz_01_lux_a.xml
Commodities_Drink_bottle_cruz_01_pulse_a,item_NameDrink_bottle_cruz_01_pulse_a,item_DescDrink_bottle_cruz_01_pulse_a,item_NameDrink_bottle_cruz_01_pulse_a,item_DescDrink_bottle_cruz_01_pulse_a,items_commodities_type_drink,602269e1-6e26-457d-b251-02ec4acb3f37,86260737-4e77-47ab-a497-4dafdd0aaf1c,SMicroCargoUnit,860,0.00086,1,0,,,0f2aa208-0e7c-485a-b678-264ff1415acb,libs/foundry/records/entities/commodities/food/commodities_drink_bottle_cruz_01_pulse_a.xml
Commodities_Drink_bottle_gg_01_a,item_NameDrink_bottle_gg_01_a,item_DescDrink_bottle_gg_01_a,item_NameDrink_bottle_gg_01_a,item_DescDrink_bottle_gg_01_a,items_commodities_type_drink,602269e1-6e26-457d-b251-02ec4acb3f37,ab0ca646-a53b-4a89-ae70-f917d13933cf,SMicroCargoUnit,1100,0.0011,1,0,,,c111c81c-08cc-401d-9590-3983fbf87a28,libs/foundry/records/entities/commodities/food/commodities_drink_bottle_gg_01_a.xml
Commodities_Drink_bottle_gg_01_detox_a,item_NameDrink_bottle_gg_01_detox_a,item_DescDrink_bottle_gg_01_detox_a,item_NameDrink_bottle_gg_01_detox_a,item_DescDrink_bottle_gg_01_detox_a,items_commodities_type_drink,602269e1-6e26-457d-b251-02ec4acb3f37,90cb0959-b9a6-4891-8bc5-4b063656253e,SMicroCargoUnit,1100,0.0011,1,0,,,4849bf08-ff35-4852-8037-3c91d82b6a7f,libs/foundry/records/entities/commodities/food/commodities_drink_bottle_gg_01_detox_a.xml
Commodities_Drink_bottle_gg_01_garden_a,item_NameDrink_bottle_gg_01_garden_a,item_DescDrink_bottle_gg_01_garden_a,item_NameDrink_bottle_gg_01_garden_a,item_DescDrink_bottle_gg_01_garden_a,items_commodities_type_drink,602269e1-6e26-457d-b251-02ec4acb3f37,0bb3596f-145d-4951-8be4-ef54793e3f70,SMicroCargoUnit,1100,0.0011,1,0,,,e8871ec7-bc24-41d8-8c44-e46a1c7a1107,libs/foundry/records/entities/commodities/food/commodities_drink_bottle_gg_01_garden_a.xml
Commodities_Drink_bottle_gg_01_renew_a,item_NameDrink_bottle_gg_01_renew_a,item_DescDrink_bottle_gg_01_renew_a,item_NameDrink_bottle_gg_01_renew_a,item_DescDrink_bottle_gg_01_renew_a,items_commodities_type_drink,602269e1-6e26-457d-b251-02ec4acb3f37,599f624a-8170-4410-bec6-13a01dcbc690,SMicroCargoUnit,1100,0.0011,1,0,,,a1f2f6c5-db54-4d5c-93ff-bf30803a4893,libs/foundry/records/entities/commodities/food/commodities_drink_bottle_gg_01_renew_a.xml
Commodities_Drink_bottle_gg_01_vitality_a,item_NameDrink_bottle_gg_01_vitality_a,item_DescDrink_bottle_gg_01_vitality_a,item_NameDrink_bottle_gg_01_vitality_a,item_DescDrink_bottle_gg_01_vitality_a,items_commodities_type_drink,602269e1-6e26-457d-b251-02ec4acb3f37,e15be967-35da-4dd8-be94-3731653bcbb3,SMicroCargoUnit,1100,0.0011,1,0,,,cf31bfb3-9dd5-47f4-a8c4-e46c8d40289d,libs/foundry/records/entities/commodities/food/commodities_drink_bottle_gg_01_vitality_a.xml
Commodities_Drink_bottle_gg_01_warrior_a,item_NameDrink_bottle_gg_01_warrior_a,item_DescDrink_bottle_gg_01_warrior_a,item_NameDrink_bottle_gg_01_warrior_a,item_DescDrink_bottle_gg_01_warrior_a,items_commodities_type_drink,602269e1-6e26-457d-b251-02ec4acb3f37,c89ea997-373b-45a6-90b9-bd2cb4057398,SMicroCargoUnit,1100,0.0011,1,0,,,325531b0-a273-4bfc-a741-184d48ee3e2d,libs/foundry/records/entities/commodities/food/commodities_drink_bottle_gg_01_warrior_a.xml
Commodities_Drink_bottle_hoffdor_01_a,item_NameDrink_bottle_hoffdor_01_a,item_DescDrink_bottle_hoffdor_01_a,item_NameDrink_bottle_hoffdor_01_a,item_DescDrink_bottle_hoffdor_01_a,items_commodities_type_drink,602269e1-6e26-457d-b251-02ec4acb3f37,54214ecd-80ba-45b3-aee6-c04eeedec253,SMicroCargoUnit,500,0.0005,1,0,,,1497ad61-6211-404a-8ea2-4aa43d11c846,libs/foundry/records/entities/commodities/food/commodities_drink_bottle_hoffdor_01_a.xml
Commodities_Drink_bottle_llb_01_a,item_NameDrink_bottle_llb_01_a,item_DescDrink_bottle_llb_01_a,item_NameDrink_bottle_llb_01_a,item_DescDrink_bottle_llb_01_a,items_commodities_type_drink,602269e1-6e26-457d-b251-02ec4acb3f37,fc1b6ab5-d4b2-4486-81aa-29ccc7699bfa,SMicroCargoUnit,500,0.0005,1,0,,,6a6d62c7-7a4c-41a6-962c-45cd6a26e8d0,libs/foundry/records/entities/commodities/food/commodities_drink_bottle_llb_01_a.xml
Commodities_Drink_bottle_llb_01_gen_a,item_NameDrink_bottle_llb_01_gen_a,item_DescDrink_bottle_llb_01_gen_a,item_NameDrink_bottle_llb_01_gen_a,item_DescDrink_bottle_llb_01_gen_a,items_commodities_type_drink,602269e1-6e26-457d-b251-02ec4acb3f37,97cdc51c-7b1e-41cf-afea-91a0915d5948,SMicroCargoUnit,500,0.0005,1,0,,,ba27ea6e-4dbc-45f1-9667-6ee89f396e38,libs/foundry/records/entities/commodities/food/commodities_drink_bottle_llb_01_gen_a.xml
Commodities_Drink_bottle_llb_01_pike_a,item_NameDrink_bottle_llb_01_pike_a,item_DescDrink_bottle_llb_01_pike_a,item_NameDrink_bottle_llb_01_pike_a,item_DescDrink_bottle_llb_01_pike_a,items_commodities_type_drink,602269e1-6e26-457d-b251-02ec4acb3f37,090b9c63-99b3-49d8-acbd-73ae21a85541,SMicroCargoUnit,500,0.0005,1,0,,,0c054a3c-d776-47c1-a27a-d3d3612909ec,libs/foundry/records/entities/commodities/food/commodities_drink_bottle_llb_01_pike_a.xml
Commodities_Drink_bottle_lula_01_a,item_NameDrink_bottle_lula_01_a,item_DescDrink_bottle_lula_01_a,item_NameDrink_bottle_lula_01_a,item_DescDrink_bottle_lula_01_a,items_commodities_type_drink,602269e1-6e26-457d-b251-02ec4acb3f37,4c7d745e-7c7e-4e85-b42a-0229dced09ec,SMicroCargoUnit,800,0.0008,1,0,,,80d5a99a-ced7-4599-8960-01193547d363,libs/foundry/records/entities/commodities/food/commodities_drink_bottle_lula_01_a.xml
Commodities_Drink_bottle_milk_01_chocolate_a,item_NameDrink_bottle_milk_01_chocolate_a,item_DescDrink_bottle_milk_01_chocolate_a,item_NameDrink_bottle_milk_01_chocolate_a,item_DescDrink_bottle_milk_01_chocolate_a,items_commodities_type_drink,602269e1-6e26-457d-b251-02ec4acb3f37,3a099af5-dd0d-4d57-9e0d-9a0e36aa1e55,SMicroCargoUnit,710,0.00071,1,0,,,082dcfe4-df71-47dd-892d-366e9e6c7d7e,libs/foundry/records/entities/commodities/food/commodities_drink_bottle_milk_01_chocolate_a.xml
Commodities_Drink_bottle_smoltz_01_light_a,item_NameDrink_bottle_smoltz_01_light_a,item_DescDrink_bottle_smoltz_01_light_a,item_NameDrink_bottle_smoltz_01_light_a,item_DescDrink_bottle_smoltz_01_light_a,items_commodities_type_drink,602269e1-6e26-457d-b251-02ec4acb3f37,87ade2b7-cdc2-48f3-9773-16ffb845a2f2,SMicroCargoUnit,500,0.0005,1,0,,,5a72c561-9ed4-4989-a428-32fff4ac0212,libs/foundry/records/entities/commodities/food/commodities_drink_bottle_smoltz_01_light_a.xml
Commodities_Drink_bottle_smoothie_01_a,item_NameDrink_bottle_smoothie_01_a,item_DescDrink_bottle_smoothie_01_a,item_NameDrink_bottle_smoothie_01_a,item_DescDrink_bottle_smoothie_01_a,items_commodities_type_drink,602269e1-6e26-457d-b251-02ec4acb3f37,4fbb8a73-1f3c-4978-8407-5188d3c6f364,SMicroCargoUnit,790,0.00079,1,0,,,be510dc5-6fd9-4245-b7bc-8fb3739070e5,libs/foundry/records/entities/commodities/food/commodities_drink_bottle_smoothie_01_a.xml
Commodities_Drink_bottle_smoothie_01_citrus_a,item_NameDrink_bottle_smoothie_01_citrus_a,item_DescDrink_bottle_smoothie_01_citrus_a,item_NameDrink_bottle_smoothie_01_citrus_a,item_DescDrink_bottle_smoothie_01_citrus_a,items_commodities_type_drink,602269e1-6e26-457d-b251-02ec4acb3f37,1dca5f22-9d98-4393-a194-de5a4dc64322,SMicroCargoUnit,790,0.00079,1,0,,,116162f4-3089-492c-9111-14343cf9d6f3,libs/foundry/records/entities/commodities/food/commodities_drink_bottle_smoothie_01_citrus_a.xml
Commodities_Drink_bottle_smoothie_01_fv_a,item_NameDrink_bottle_smoothie_01_fv_a,item_DescDrink_bottle_smoothie_01_fv_a,item_NameDrink_bottle_smoothie_01_fv_a,item_DescDrink_bottle_smoothie_01_fv_a,items_commodities_type_drink,602269e1-6e26-457d-b251-02ec4acb3f37,78bef74d-b313-47a0-bf04-130702733a43,SMicroCargoUnit,790,0.00079,1,0,,,e623f043-ab16-4332-b57b-87938307f30d,libs/foundry/records/entities/commodities/food/commodities_drink_bottle_smoothie_01_fv_a.xml
Commodities_Drink_bottle_smoothie_01_green_a,item_NameDrink_bottle_smoothie_01_green_a,item_DescDrink_bottle_smoothie_01_green_a,item_NameDrink_bottle_smoothie_01_green_a,item_DescDrink_bottle_smoothie_01_green_a,items_commodities_type_drink,602269e1-6e26-457d-b251-02ec4acb3f37,77eb2989-e504-429c-a2e8-547b918a0bd2,SMicroCargoUnit,790,0.00079,1,0,,,35301480-7b7e-455f-a76a-77f474a00785,libs/foundry/records/entities/commodities/food/commodities_drink_bottle_smoothie_01_green_a.xml
Commodities_Drink_bottle_synergy_01_a,item_NameDrink_bottle_synergy_01_a,item_DescDrink_bottle_synergy_01_a,item_NameDrink_bottle_synergy_01_a,item_DescDrink_bottle_synergy_01_a,items_commodities_type_drink,602269e1-6e26-457d-b251-02ec4acb3f37,cc6c7c9d-0878-41f2-b870-7980b2e280f4,SMicroCargoUnit,710,0.00071,1,0,,,01bf7a9f-924b-4758-afc2-b2914c65e7e8,libs/foundry/records/entities/commodities/food/commodities_drink_bottle_synergy_01_a.xml
Commodities_Drink_bottle_synergy_01_plus_a,item_NameDrink_bottle_synergy_01_plus_a,item_DescDrink_bottle_synergy_01_plus_a,item_NameDrink_bottle_synergy_01_plus_a,item_DescDrink_bottle_synergy_01_plus_a,items_commodities_type_drink,602269e1-6e26-457d-b251-02ec4acb3f37,b80de088-27e4-4d67-8c46-825ffddad32d,SMicroCargoUnit,710,0.00071,1,0,,,5d24d606-36ce-4731-99ab-9633f9706b9f,libs/foundry/records/entities/commodities/food/commodities_drink_bottle_synergy_01_plus_a.xml
Commodities_Drink_bottle_synergy_01_sport_a,item_NameDrink_bottle_synergy_01_sport_a,item_DescDrink_bottle_synergy_01_sport_a,item_NameDrink_bottle_synergy_01_sport_a,item_DescDrink_bottle_synergy_01_sport_a,items_commodities_type_drink,602269e1-6e26-457d-b251-02ec4acb3f37,89442f74-a951-48c2-ae87-b71ff8b86b36,SMicroCargoUnit,710,0.00071,1,0,,,f7e18a3b-7fc5-4549-877a-7454dcf5dae6,libs/foundry/records/entities/commodities/food/commodities_drink_bottle_synergy_01_sport_a.xml
Commodities_Drink_bottle_vestal_01_a,item_NameDrink_bottle_vestal_01_a,item_DescDrink_bottle_vestal_01_a,item_NameDrink_bottle_vestal_01_a,item_DescDrink_bottle_vestal_01_a,items_commodities_type_drink,602269e1-6e26-457d-b251-02ec4acb3f37,b0ff268a-e866-4321-8a88-f97a59937dca,SMicroCargoUnit,1100,0.0011,1,0,,,fe4db3bc-e74b-4c5a-bc08-153529b755a9,libs/foundry/records/entities/commodities/food/commodities_drink_bottle_vestal_01_a.xml
Commodities_Drink_bottle_water_01_a,item_NameDrink_bottle_water_01_a,item_DescDrink_bottle_water_01_a,item_NameDrink_bottle_water_01_a,item_DescDrink_bottle_water_01_a,items_commodities_type_drink,602269e1-6e26-457d-b251-02ec4acb3f37,a70ec197-02d4-4e0a-938c-1e5865563ef0,SMicroCargoUnit,1100,0.0011,1,0,,,97e0a3d3-3130-4dc9-b944-cc8ac75ca2df,libs/foundry/records/entities/commodities/food/commodities_drink_bottle_water_01_a.xml
Commodities_Drink_can_bm_01_a,item_NameDrink_can_bm_01_a,item_DescDrink_can_bm_01_a,item_NameDrink_can_bm_01_a,item_DescDrink_can_bm_01_a,items_commodities_type_drink,602269e1-6e26-457d-b251-02ec4acb3f37,3e5592be-9584-421f-81ac-1cdddc3bc5e4,SMicroCargoUnit,420,0.00042,1,0,,,e25c35bf-7767-44af-b4f6-a0dfbff02c8c,libs/foundry/records/entities/commodities/food/commodities_drink_can_bm_01_a.xml
Commodities_Drink_can_bm_01_mild_a,item_NameDrink_can_bm_01_mild_a,item_DescDrink_can_bm_01_mild_a,item_NameDrink_can_bm_01_mild_a,item_DescDrink_can_bm_01_mild_a,items_commodities_type_drink,602269e1-6e26-457d-b251-02ec4acb3f37,1f34ed0f-0d5e-45ce-ab9b-5b5d7b911e2b,SMicroCargoUnit,420,0.00042,1,0,,,c7d01ef2-a0c3-445e-ac8b-5edf28bbe20e,libs/foundry/records/entities/commodities/food/commodities_drink_can_bm_01_mild_a.xml
Commodities_Drink_can_bm_01_rich_a,item_NameDrink_can_bm_01_rich_a,item_DescDrink_can_bm_01_rich_a,item_NameDrink_can_bm_01_rich_a,item_DescDrink_can_bm_01_rich_a,items_commodities_type_drink,602269e1-6e26-457d-b251-02ec4acb3f37,54fd8112-7ac7-4662-a798-86457c5d6497,SMicroCargoUnit,420,0.00042,1,0,,,d3db0385-7f7a-45e1-91b4-7cf625bfa226,libs/foundry/records/entities/commodities/food/commodities_drink_can_bm_01_rich_a.xml
Commodities_Drink_can_fizzz_01_a,item_NameDrink_can_fizzz_01_a,item_DescDrink_can_fizzz_01_a,item_NameDrink_can_fizzz_01_a,item_DescDrink_can_fizzz_01_a,items_commodities_type_drink,602269e1-6e26-457d-b251-02ec4acb3f37,0e3c48c4-7e94-4d9c-8534-818e74ef9072,SMicroCargoUnit,420,0.00042,1,0,,,7a5a5281-6f11-4170-a02f-de73d68bb61a,libs/foundry/records/entities/commodities/food/commodities_drink_can_fizzz_01_a.xml
Commodities_Drink_can_fizzz_01_berry_a,item_NameDrink_can_fizzz_01_berry_a,item_DescDrink_can_fizzz_01_berry_a,item_NameDrink_can_fizzz_01_berry_a,item_DescDrink_can_fizzz_01_berry_a,items_commodities_type_drink,602269e1-6e26-457d-b251-02ec4acb3f37,8ec4a9fc-16bb-4ac4-863d-e0626fb7f930,SMicroCargoUnit,420,0.00042,1,0,,,7666f1b5-1ce5-4bd4-ba89-36d6ad7a4600,libs/foundry/records/entities/commodities/food/commodities_drink_can_fizzz_01_berry_a.xml
Commodities_Drink_can_fizzz_01_muscat_a,item_NameDrink_can_fizzz_01_muscat_a,item_DescDrink_can_fizzz_01_muscat_a,item_NameDrink_can_fizzz_01_muscat_a,item_DescDrink_can_fizzz_01_muscat_a,items_commodities_type_drink,602269e1-6e26-457d-b251-02ec4acb3f37,d611fa4a-278b-4f85-997a-8e8f2fb9aa00,SMicroCargoUnit,420,0.00042,1,0,,,3061a320-92d5-41c2-9384-bf38af979540,libs/foundry/records/entities/commodities/food/commodities_drink_can_fizzz_01_muscat_a.xml
Commodities_Drink_can_fizzz_01_peach_a,item_NameDrink_can_fizzz_01_peach_a,item_DescDrink_can_fizzz_01_peach_a,item_NameDrink_can_fizzz_01_peach_a,item_DescDrink_can_fizzz_01_peach_a,items_commodities_type_drink,602269e1-6e26-457d-b251-02ec4acb3f37,2a0502be-919e-4ff0-a5d5-46deb08750ab,SMicroCargoUnit,420,0.00042,1,0,,,e71cfdac-731a-4f64-b8e0-c4e3be1a8b27,libs/foundry/records/entities/commodities/food/commodities_drink_can_fizzz_01_peach_a.xml
Commodities_Drink_can_fizzz_01_soursop_a,item_NameDrink_can_fizzz_01_soursop_a,item_DescDrink_can_fizzz_01_soursop_a,item_NameDrink_can_fizzz_01_soursop_a,item_DescDrink_can_fizzz_01_soursop_a,items_commodities_type_drink,602269e1-6e26-457d-b251-02ec4acb3f37,0b078ecc-c0f5-483f-9f56-4dab2e021d2d,SMicroCargoUnit,420,0.00042,1,0,,,1615dd0e-f531-4aed-add2-1516392f8cf4,libs/foundry/records/entities/commodities/food/commodities_drink_can_fizzz_01_soursop_a.xml
Commodities_Drink_can_flood_01_a,item_NameDrink_can_flood_01_a,item_DescDrink_can_flood_01_a,item_NameDrink_can_flood_01_a,item_DescDrink_can_flood_01_a,items_commodities_type_drink,602269e1-6e26-457d-b251-02ec4acb3f37,4000cb22-bbae-4601-a29f-65ace939c9fb,SMicroCargoUnit,420,0.00042,1,0,,,70489ec9-50ee-4268-8b61-a946782f76a6,libs/foundry/records/entities/commodities/food/commodities_drink_can_flood_01_a.xml
Commodities_Drink_can_guc_01_a,item_NameDrink_can_guc_01_a,item_DescDrink_can_guc_01_a,item_NameDrink_can_guc_01_a,item_DescDrink_can_guc_01_a,items_commodities_type_drink,602269e1-6e26-457d-b251-02ec4acb3f37,d84d55ff-3e88-4d9a-8695-abb0fb774c13,SMicroCargoUnit,420,0.00042,1,0,,,c018bdf7-f630-4be8-aa87-d507a03666ff,libs/foundry/records/entities/commodities/food/commodities_drink_can_guc_01_a.xml
Commodities_Drink_can_guc_01_black_a,item_NameDrink_can_guc_01_black_a,item_DescDrink_can_guc_01_black_a,item_NameDrink_can_guc_01_black_a,item_DescDrink_can_guc_01_black_a,items_commodities_type_drink,602269e1-6e26-457d-b251-02ec4acb3f37,84b26826-f343-4539-9182-0dd88a2de330,SMicroCargoUnit,420,0.00042,1,0,,,420becc9-e6f3-48ce-8311-9a634c5b3c82,libs/foundry/records/entities/commodities/food/commodities_drink_can_guc_01_black_a.xml
Commodities_Drink_can_guc_01_cinnamon_a,item_NameDrink_can_guc_01_cinnamon_a,item_DescDrink_can_guc_01_cinnamon_a,item_NameDrink_can_guc_01_cinnamon_a,item_DescDrink_can_guc_01_cinnamon_a,items_commodities_type_drink,602269e1-6e26-457d-b251-02ec4acb3f37,44e63fdf-0d42-4923-acdf-b22a1509ef45,SMicroCargoUnit,420,0.00042,1,0,,,cff98d03-abd5-48f3-860a-8fd114a888b5,libs/foundry/records/entities/commodities/food/commodities_drink_can_guc_01_cinnamon_a.xml
Commodities_Drink_can_guc_01_decaf_a,item_NameDrink_can_guc_01_decaf_a,item_DescDrink_can_guc_01_decaf_a,item_NameDrink_can_guc_01_decaf_a,item_DescDrink_can_guc_01_decaf_a,items_commodities_type_drink,602269e1-6e26-457d-b251-02ec4acb3f37,f09ccd29-de85-49fd-873c-622699bf6bcb,SMicroCargoUnit,420,0.00042,1,0,,,71715a34-e029-4e4a-88d7-3c68ccda3852,libs/foundry/records/entities/commodities/food/commodities_drink_can_guc_01_decaf_a.xml
Commodities_Drink_can_guc_01_mocha_a,item_NameDrink_can_guc_01_mocha_a,item_DescDrink_can_guc_01_mocha_a,item_NameDrink_can_guc_01_mocha_a,item_DescDrink_can_guc_01_mocha_a,items_commodities_type_drink,602269e1-6e26-457d-b251-02ec4acb3f37,e72fc5e7-8b34-4e6b-8fc8-44f07d1d00eb,SMicroCargoUnit,420,0.00042,1,0,,,556fb01e-6608-46f5-a071-de2a48f7e762,libs/foundry/records/entities/commodities/food/commodities_drink_can_guc_01_mocha_a.xml
Commodities_Drink_can_pips_01_a,item_NameDrink_can_pips_01_a,item_DescDrink_can_pips_01_a,item_NameDrink_can_pips_01_a,item_DescDrink_can_pips_01_a,items_commodities_type_drink,602269e1-6e26-457d-b251-02ec4acb3f37,2d7067c1-17a4-452a-af15-10ddfff0e3e9,SMicroCargoUnit,650,0.00065,1,0,,,42778ae2-45d2-4de6-8b44-e586faf5bbfb,libs/foundry/records/entities/commodities/food/commodities_drink_can_pips_01_a.xml
Commodities_Drink_can_pips_01_q66_a,item_NameDrink_can_pips_01_q66_a,item_DescDrink_can_pips_01_q66_a,item_NameDrink_can_pips_01_q66_a,item_DescDrink_can_pips_01_q66_a,items_commodities_type_drink,602269e1-6e26-457d-b251-02ec4acb3f37,9f46e871-b9e0-4774-9d4f-0744961f8b99,SMicroCargoUnit,650,0.00065,1,0,,,c5e4b77c-cf39-40d2-bb07-d3f56646af62,libs/foundry/records/entities/commodities/food/commodities_drink_can_pips_01_q66_a.xml
Commodities_Drink_can_pips_01_t17_a,item_NameDrink_can_pips_01_t17_a,item_DescDrink_can_pips_01_t17_a,item_NameDrink_can_pips_01_t17_a,item_DescDrink_can_pips_01_t17_a,items_commodities_type_drink,602269e1-6e26-457d-b251-02ec4acb3f37,86f55d2f-ee79-4ff3-9353-f5a24f94d8ab,SMicroCargoUnit,650,0.00065,1,0,,,2d1cf79c-4247-43c3-931c-0c4690901859,libs/foundry/records/entities/commodities/food/commodities_drink_can_pips_01_t17_a.xml
Commodities_Drink_glass_tumbler_01_a,item_NameDrink_glass_tumbler_01_a,item_DescDrink_glass_tumbler_01_a,item_NameDrink_glass_tumbler_01_a,item_DescDrink_glass_tumbler_01_a,items_commodities_type_drink,602269e1-6e26-457d-b251-02ec4acb3f37,e7880c8d-1905-4d54-bb50-63bc9475fb93,SMicroCargoUnit,500,0.0005,1,0,,,dc017e14-5378-4a64-9578-32d0bf6718f1,libs/foundry/records/entities/commodities/food/commodities_drink_glass_tumbler_01_a.xml
Commodities_Food_bar_busters_01_a,item_NameFood_bar_busters_01_a,item_DescFood_bar_busters_01_a,item_NameFood_bar_busters_01_a,item_DescFood_bar_busters_01_a,items_commodities_type_food,602269e1-6e26-457d-b251-02ec4acb3f37,08d7e484-4d74-4c19-817d-2d658cca022c,SMicroCargoUnit,160,0.00016,1,0,,,e8ceaf05-a20d-4c14-a610-ac764bf33aee,libs/foundry/records/entities/commodities/food/commodities_food_bar_busters_01_a.xml
Commodities_Food_bar_com_01_a,item_NameFood_bar_com_01_a,item_DescFood_bar_com_01_a,item_NameFood_bar_com_01_a,item_DescFood_bar_com_01_a,items_commodities_type_food,602269e1-6e26-457d-b251-02ec4acb3f37,ec70efc8-12c0-4acb-9415-ccb304a5b1f2,SMicroCargoUnit,170,0.00017,1,0,,,9bd4c752-af5f-4915-9c31-fed72e7754d2,libs/foundry/records/entities/commodities/food/commodities_food_bar_com_01_a.xml
Commodities_Food_bar_com_01_lunes_a,item_NameFood_bar_com_01_lunes_a,item_DescFood_bar_com_01_lunes_a,item_NameFood_bar_com_01_lunes_a,item_DescFood_bar_com_01_lunes_a,items_commodities_type_food,602269e1-6e26-457d-b251-02ec4acb3f37,d83744de-05ab-494f-97d9-f4d3561f4e80,SMicroCargoUnit,170,0.00017,1,0,,,1d96d32c-5002-4165-a74b-1c89facaf9fe,libs/foundry/records/entities/commodities/food/commodities_food_bar_com_01_lunes_a.xml
Commodities_Food_bar_com_01_vanilla_a,item_NameFood_bar_com_01_vanilla_a,item_DescFood_bar_com_01_vanilla_a,item_NameFood_bar_com_01_vanilla_a,item_DescFood_bar_com_01_vanilla_a,items_commodities_type_food,602269e1-6e26-457d-b251-02ec4acb3f37,46382ba4-c371-4db1-b468-9c584b6c7cb7,SMicroCargoUnit,170,0.00017,1,0,,,9ae0877d-8120-44de-8cc7-525f48721be0,libs/foundry/records/entities/commodities/food/commodities_food_bar_com_01_vanilla_a.xml
Commodities_Food_bar_karoby_01_a,item_NameFood_bar_karoby_01_a,item_DescFood_bar_karoby_01_a,item_NameFood_bar_karoby_01_a,item_DescFood_bar_karoby_01_a,items_commodities_type_food,602269e1-6e26-457d-b251-02ec4acb3f37,9d463c0d-8c4e-42dc-89ed-63541128a95d,SMicroCargoUnit,170,0.00017,1,0,,,9359f5f9-846e-46e4-9027-cb4e01d54f0a,libs/foundry/records/entities/commodities/food/commodities_food_bar_karoby_01_a.xml
Commodities_Food_bar_karoby_01_cranberry_a,item_NameFood_bar_karoby_01_cranberry_a,item_DescFood_bar_karoby_01_cranberry_a,item_NameFood_bar_karoby_01_cranberry_a,item_DescFood_bar_karoby_01_cranberry_a,items_commodities_type_food,602269e1-6e26-457d-b251-02ec4acb3f37,9cef33be-dbc9-4155-babc-9fdd948d67a3,SMicroCargoUnit,170,0.00017,1,0,,,6a6d52a3-2cf6-46fe-a856-93b809bbbe0c,libs/foundry/records/entities/commodities/food/commodities_food_bar_karoby_01_cranberry_a.xml
Commodities_Food_bar_onemeal_01_a,item_NameFood_bar_onemeal_01_a,item_DescFood_bar_onemeal_01_a,item_NameFood_bar_onemeal_01_a,item_DescFood_bar_onemeal_01_a,items_commodities_type_food,602269e1-6e26-457d-b251-02ec4acb3f37,b32189bc-ebce-4469-9247-3a6e549be910,SMicroCargoUnit,170,0.00017,1,0,,,2c9662b0-ff08-4088-8c73-5afe5dea380a,libs/foundry/records/entities/commodities/food/commodities_food_bar_onemeal_01_a.xml
Commodities_Food_bar_onemeal_01_salmon_a,item_NameFood_bar_onemeal_01_salmon_a,item_DescFood_bar_onemeal_01_salmon_a,item_NameFood_bar_onemeal_01_salmon_a,item_DescFood_bar_onemeal_01_salmon_a,items_commodities_type_food,602269e1-6e26-457d-b251-02ec4acb3f37,cbb77bd3-fc95-412c-9e8f-f2800c2e274c,SMicroCargoUnit,170,0.00017,1,0,,,2039c99b-3388-482c-bff0-f6445c944cc9,libs/foundry/records/entities/commodities/food/commodities_food_bar_onemeal_01_salmon_a.xml
Commodities_Food_bar_onemeal_01_steak_a,item_NameFood_bar_onemeal_01_steak_a,item_DescFood_bar_onemeal_01_steak_a,item_NameFood_bar_onemeal_01_steak_a,item_DescFood_bar_onemeal_01_steak_a,items_commodities_type_food,602269e1-6e26-457d-b251-02ec4acb3f37,d897aa0e-f606-4f19-b594-e760402f99bc,SMicroCargoUnit,170,0.00017,1,0,,,5b895c12-0976-48de-b507-5026ba4f3c67,libs/foundry/records/entities/commodities/food/commodities_food_bar_onemeal_01_steak_a.xml
Commodities_Food_bar_onemeal_01_tofu_a,item_NameFood_bar_onemeal_01_tofu_a,item_DescFood_bar_onemeal_01_tofu_a,item_NameFood_bar_onemeal_01_tofu_a,item_DescFood_bar_onemeal_01_tofu_a,items_commodities_type_food,602269e1-6e26-457d-b251-02ec4acb3f37,cd84f47e-3bf6-4734-8bbb-d56391e25d72,SMicroCargoUnit,170,0.00017,1,0,,,859883b9-458b-4e3e-92e7-80ab40fbb8cc,libs/foundry/records/entities/commodities/food/commodities_food_bar_onemeal_01_tofu_a.xml
Commodities_Food_bar_snaggle_01_a,item_NameFood_bar_snaggle_01_a,item_DescFood_bar_snaggle_01_a,item_NameFood_bar_snaggle_01_a,item_DescFood_bar_snaggle_01_a,items_commodities_type_food,602269e1-6e26-457d-b251-02ec4acb3f37,71c2c69b-b83f-4d72-aeae-daf8630b1f29,SMicroCargoUnit,80,0.00008,1,0,,,44d60797-3cea-499d-967a-097dd0e6b59b,libs/foundry/records/entities/commodities/food/commodities_food_bar_snaggle_01_a.xml
Commodities_Food_bar_snaggle_01_newaustin_a,item_NameFood_bar_snaggle_01_newaustin_a,item_DescFood_bar_snaggle_01_newaustin_a,item_NameFood_bar_snaggle_01_newaustin_a,item_DescFood_bar_snaggle_01_newaustin_a,items_commodities_type_food,602269e1-6e26-457d-b251-02ec4acb3f37,48977a8d-d288-4998-89a4-825702de48e9,SMicroCargoUnit,80,0.00008,1,0,,,59fe4104-2caf-41cb-b693-ef9be7d68ffb,libs/foundry/records/entities/commodities/food/commodities_food_bar_snaggle_01_newaustin_a.xml
Commodities_Food_bar_snaggle_01_pepper_a,item_NameFood_bar_snaggle_01_pepper_a,item_DescFood_bar_snaggle_01_pepper_a,item_NameFood_bar_snaggle_01_pepper_a,item_DescFood_bar_snaggle_01_pepper_a,items_commodities_type_food,602269e1-6e26-457d-b251-02ec4acb3f37,0129ceb2-f840-4aa1-96d5-69805d444f4e,SMicroCargoUnit,80,0.00008,1,0,,,3b601781-1663-4fa9-8a9f-8bced16136e8,libs/foundry/records/entities/commodities/food/commodities_food_bar_snaggle_01_pepper_a.xml
Commodities_Food_bar_snaggle_01_smoke_a,item_NameFood_bar_snaggle_01_smoke_a,item_DescFood_bar_snaggle_01_smoke_a,item_NameFood_bar_snaggle_01_smoke_a,item_DescFood_bar_snaggle_01_smoke_a,items_commodities_type_food,602269e1-6e26-457d-b251-02ec4acb3f37,da625d9b-55b9-4a8e-9bb3-23cbb593323e,SMicroCargoUnit,80,0.00008,1,0,,,8894717b-225a-4bc3-8031-87aa1290070f,libs/foundry/records/entities/commodities/food/commodities_food_bar_snaggle_01_smoke_a.xml
Commodities_Food_bar_snaggle_01_tikoro_a,item_NameFood_bar_snaggle_01_tikoro_a,item_DescFood_bar_snaggle_01_tikoro_a,item_NameFood_bar_snaggle_01_tikoro_a,item_DescFood_bar_snaggle_01_tikoro_a,items_commodities_type_food,602269e1-6e26-457d-b251-02ec4acb3f37,2608a42b-b75a-4059-8a85-db32c7e4af0d,SMicroCargoUnit,80,0.00008,1,0,,,4394fb73-53cc-4ac4-9899-863b768c6854,libs/foundry/records/entities/commodities/food/commodities_food_bar_snaggle_01_tikoro_a.xml
Commodities_Food_box_bbk_01_a,item_NameFood_box_bbk_01_a,item_DescFood_box_bbk_01_a,item_NameFood_box_bbk_01_a,item_DescFood_box_bbk_01_a,items_commodities_type_food,602269e1-6e26-457d-b251-02ec4acb3f37,585172cb-a1a5-4a19-8f42-112befe29cc3,SMicroCargoUnit,500,0.0005,1,0,,,254be06e-766d-49fb-aa54-f8eecaffe1c8,libs/foundry/records/entities/commodities/food/commodities_food_box_bbk_01_a.xml
Commodities_Food_box_bbk_01_agrodolce_a,item_NameFood_box_bbk_01_agrodolce_a,item_DescFood_box_bbk_01_agrodolce_a,item_NameFood_box_bbk_01_agrodolce_a,item_DescFood_box_bbk_01_agrodolce_a,items_commodities_type_food,602269e1-6e26-457d-b251-02ec4acb3f37,1fa71924-0895-40a7-9848-48c8cd9dfe77,SMicroCargoUnit,500,0.0005,1,0,,,c6476a7f-f698-4c0b-8090-79b367246885,libs/foundry/records/entities/commodities/food/commodities_food_box_bbk_01_agrodolce_a.xml
Commodities_Food_box_bbk_01_curry_a,item_NameFood_box_bbk_01_curry_a,item_DescFood_box_bbk_01_curry_a,item_NameFood_box_bbk_01_curry_a,item_DescFood_box_bbk_01_curry_a,items_commodities_type_food,602269e1-6e26-457d-b251-02ec4acb3f37,c6b6ee38-0312-4c49-8759-d961769e7295,SMicroCargoUnit,500,0.0005,1,0,,,60baf615-9209-4edb-9916-5aa28c2f3d35,libs/foundry/records/entities/commodities/food/commodities_food_box_bbk_01_curry_a.xml
Commodities_Food_box_bbk_01_fhaal_a,item_NameFood_box_bbk_01_fhaal_a,item_DescFood_box_bbk_01_fhaal_a,item_NameFood_box_bbk_01_fhaal_a,item_DescFood_box_bbk_01_fhaal_a,items_commodities_type_food,602269e1-6e26-457d-b251-02ec4acb3f37,f3164560-b66b-4af2-b9d3-19c3a6509142,SMicroCargoUnit,500,0.0005,1,0,,,35b79021-2f2a-492c-bc55-377842ee6dd2,libs/foundry/records/entities/commodities/food/commodities_food_box_bbk_01_fhaal_a.xml
Commodities_Food_box_bbk_01_ginger_a,item_NameFood_box_bbk_01_ginger_a,item_DescFood_box_bbk_01_ginger_a,item_NameFood_box_bbk_01_ginger_a,item_DescFood_box_bbk_01_ginger_a,items_commodities_type_food,602269e1-6e26-457d-b251-02ec4acb3f37,6b9af83f-383a-4c0b-a38f-4ef3a1fd67d1,SMicroCargoUnit,500,0.0005,1,0,,,a07e08ff-7670-4d52-a619-09f7ed92b53a,libs/foundry/records/entities/commodities/food/commodities_food_box_bbk_01_ginger_a.xml
Commodities_Food_box_bbk_01_imperial_a,item_NameFood_box_bbk_01_imperial_a,item_DescFood_box_bbk_01_imperial_a,item_NameFood_box_bbk_01_imperial_a,item_DescFood_box_bbk_01_imperial_a,items_commodities_type_food,602269e1-6e26-457d-b251-02ec4acb3f37,8c54d628-dd7b-41d3-a295-57d7e29cb09f,SMicroCargoUnit,500,0.0005,1,0,,,152c1ac8-c780-4232-866c-05c8c2067ad4,libs/foundry/records/entities/commodities/food/commodities_food_box_bbk_01_imperial_a.xml
Commodities_Food_box_bbk_01_katsu_a,item_NameFood_box_bbk_01_katsu_a,item_DescFood_box_bbk_01_katsu_a,item_NameFood_box_bbk_01_katsu_a,item_DescFood_box_bbk_01_katsu_a,items_commodities_type_food,602269e1-6e26-457d-b251-02ec4acb3f37,9ed63c83-2775-4d61-b4a6-5e147ccdf8fb,SMicroCargoUnit,500,0.0005,1,0,,,207d95dc-d48a-467d-bfae-dc4fc31bde60,libs/foundry/records/entities/commodities/food/commodities_food_box_bbk_01_katsu_a.xml
Commodities_Food_box_noodle_01_a,item_NameFood_box_noodle_01_a,item_DescFood_box_noodle_01_a,item_NameFood_box_noodle_01_a,item_DescFood_box_noodle_01_a,items_commodities_type_food,602269e1-6e26-457d-b251-02ec4acb3f37,633f73d2-0ee8-4529-a71f-94a2271ac07f,SMicroCargoUnit,500,0.0005,1,0,,,3523ea92-f12a-45df-a48c-8eb75ec48cf8,libs/foundry/records/entities/commodities/food/commodities_food_box_noodle_01_a.xml
Commodities_Food_box_noodle_01_ramian_a,item_NameFood_box_noodle_01_ramian_a,item_DescFood_box_noodle_01_ramian_a,item_NameFood_box_noodle_01_ramian_a,item_DescFood_box_noodle_01_ramian_a,items_commodities_type_food,602269e1-6e26-457d-b251-02ec4acb3f37,cc588510-9f84-4cb6-8e15-a3538027f89b,SMicroCargoUnit,500,0.0005,1,0,,,27825b4f-e0f9-44a5-bdf9-cc569bfdb249,libs/foundry/records/entities/commodities/food/commodities_food_box_noodle_01_ramian_a.xml
Commodities_Food_box_noodle_02_a,item_NameFood_box_noodle_02_a,item_DescFood_box_noodle_02_a,item_NameFood_box_noodle_02_a,item_DescFood_box_noodle_02_a,items_commodities_type_food,602269e1-6e26-457d-b251-02ec4acb3f37,1af176ae-cf0e-4d58-b655-c2b902774743,SMicroCargoUnit,500,0.0005,1,0,,,a09744d7-1d87-4568-a099-08141f7b4581,libs/foundry/records/entities/commodities/food/commodities_food_box_noodle_02_a.xml
Commodities_Food_box_noodle_02_curry_a,item_NameFood_box_noodle_02_curry_a,item_DescFood_box_noodle_02_curry_a,item_NameFood_box_noodle_02_curry_a,item_DescFood_box_noodle_02_curry_a,items_commodities_type_food,602269e1-6e26-457d-b251-02ec4acb3f37,772e5b3d-ec5b-42ea-94d8-d1d9bc1e9982,SMicroCargoUnit,500,0.0005,1,0,,,cd299ffe-2b2f-4073-ab2f-e97fddb77fd0,libs/foundry/records/entities/commodities/food/commodities_food_box_noodle_02_curry_a.xml
Commodities_Food_fruit_apple_01_a,item_NameFood_fruit_apple_01_a,item_DescFood_fruit_apple_01_a,item_NameFood_fruit_apple_01_a,item_DescFood_tin_mre_01_a,items_commodities_type_food,602269e1-6e26-457d-b251-02ec4acb3f37,26b6e285-e0f0-483c-aa83-d8baa25c83a9,SMicroCargoUnit,800,0.0008,1,0,,,ea365e45-b3f4-46ef-b984-20dbadca3ac2,libs/foundry/records/entities/commodities/food/commodities_food_fruit_apple_01_a.xml
Commodities_Food_pizza_slice_01_pepperoni_a,item_NameDrink_bottle_beer_01_smoltz_a,item_DescDrink_bottle_beer_01_smoltz_a,item_NameFood_pizza_slice_01_pepperoni_a,item_DescDrink_bottle_beer_01_smoltz_a,items_commodities_type_food,602269e1-6e26-457d-b251-02ec4acb3f37,a1c37adc-5409-4c99-9e5d-e4fa6af3391e,SMicroCargoUnit,890,0.00089,1,0,,,d199f61c-edd5-485d-9669-c94ccf3d944d,libs/foundry/records/entities/commodities/food/commodities_food_pizza_slice_01_pepperoni_a.xml
Commodities_Food_sachet_mre_01_a,item_NameFood_sachet_mre_01_a,item_DescFood_sachet_mre_01_a,item_NameFood_sachet_mre_01_a,item_DescFood_sachet_mre_01_a,items_commodities_type_food,602269e1-6e26-457d-b251-02ec4acb3f37,82cd3aaa-4d0b-4b3f-bbb2-05fc85a3d8f3,SMicroCargoUnit,550,0.00055,1,0,,,a5067fc9-4f19-4e50-a052-033d15c3127a,libs/foundry/records/entities/commodities/food/commodities_food_sachet_mre_01_a.xml
Commodities_Food_sachet_mre_01_chicken_a,item_NameFood_sachet_mre_01_chicken_a,item_DescFood_sachet_mre_01_chicken_a,item_NameFood_sachet_mre_01_chicken_a,item_DescFood_sachet_mre_01_chicken_a,items_commodities_type_food,602269e1-6e26-457d-b251-02ec4acb3f37,1939f046-bca8-4f76-8127-952d510c476c,SMicroCargoUnit,550,0.00055,1,0,,,806c118a-63c9-45d7-b23a-9559fed22a6a,libs/foundry/records/entities/commodities/food/commodities_food_sachet_mre_01_chicken_a.xml
Commodities_Food_sachet_omni_01_a,item_NameFood_sachet_omni_01_a,item_DescFood_sachet_omni_01_a,item_NameFood_sachet_omni_01_a,item_DescFood_sachet_omni_01_a,items_commodities_type_food,602269e1-6e26-457d-b251-02ec4acb3f37,6101eeb6-1bbe-48d4-a6fa-cc20cb1398a9,SMicroCargoUnit,550,0.00055,1,0,,,09d766b4-39dc-42ff-815d-613a52ad5be0,libs/foundry/records/entities/commodities/food/commodities_food_sachet_omni_01_a.xml
Commodities_Food_sachet_omni_01_tunaveg_a,item_NameFood_sachet_omni_01_tunaveg_a,item_DescFood_sachet_omni_01_tunaveg_a,item_NameFood_sachet_omni_01_tunaveg_a,item_DescFood_sachet_omni_01_tunaveg_a,items_commodities_type_food,602269e1-6e26-457d-b251-02ec4acb3f37,b3c56b5d-437c-44c5-895f-01401f200e36,SMicroCargoUnit,550,0.00055,1,0,,,65c331cf-5c79-4441-af85-d98d122aaa6f,libs/foundry/records/entities/commodities/food/commodities_food_sachet_omni_01_tunaveg_a.xml
Commodities_Food_sachet_readymeal_01_a,item_NameFood_sachet_readymeal_01_a,item_DescFood_sachet_readymeal_01_a,item_NameFood_sachet_readymeal_01_a,item_DescFood_sachet_readymeal_01_a,items_commodities_type_food,602269e1-6e26-457d-b251-02ec4acb3f37,b58b4c04-0da3-4641-9bd0-e0ff0bd67253,SMicroCargoUnit,550,0.00055,1,0,,,56e68035-5641-4d38-b562-629dc06dacd0,libs/foundry/records/entities/commodities/food/commodities_food_sachet_readymeal_01_a.xml
Commodities_Food_sachet_readymeal_01_beef_a,item_NameFood_sachet_readymeal_01_burrito_a,item_DescFood_sachet_readymeal_01_burrito_a,item_NameFood_sachet_readymeal_01_beef_a,item_DescFood_sachet_readymeal_01_beef_a,items_commodities_type_food,602269e1-6e26-457d-b251-02ec4acb3f37,da922aad-a2b0-4fa4-be3d-5244be181025,SMicroCargoUnit,550,0.00055,1,0,,,abd444dc-a315-4ee0-8188-84e452edf4f4,libs/foundry/records/entities/commodities/food/commodities_food_sachet_readymeal_01_beef_a.xml
Commodities_Food_sachet_readymeal_01_burrito_a,item_NameFood_sachet_readymeal_01_burrito_a,item_DescFood_sachet_readymeal_01_burrito_a,item_NameFood_sachet_readymeal_01_burrito_a,item_DescFood_sachet_readymeal_01_burrito_a,items_commodities_type_food,602269e1-6e26-457d-b251-02ec4acb3f37,a545b75d-c376-4e16-aea5-4f53b4808dee,SMicroCargoUnit,550,0.00055,1,0,,,97cffd18-11f4-4b7c-bd69-acf30bd3dc0e,libs/foundry/records/entities/commodities/food/commodities_food_sachet_readymeal_01_burrito_a.xml
Commodities_Food_sachet_readymeal_01_meatball_a,item_NameFood_sachet_readymeal_01_burrito_a,item_DescFood_sachet_readymeal_01_burrito_a,item_NameFood_sachet_readymeal_01_meatball_a,item_DescFood_sachet_readymeal_01_meatball_a,items_commodities_type_food,602269e1-6e26-457d-b251-02ec4acb3f37,17264035-1406-43da-bffb-3e5475ee08d8,SMicroCargoUnit,550,0.00055,1,0,,,d4128bdf-f014-4f00-a3ed-fe5a9bf8e4a8,libs/foundry/records/entities/commodities/food/commodities_food_sachet_readymeal_01_meatball_a.xml
Commodities_Food_sachet_readymeal_01_noodles_a,item_NameFood_sachet_readymeal_01_noodles_a,item_DescFood_sachet_readymeal_01_noodles_a,item_NameFood_sachet_readymeal_01_noodles_a,item_DescFood_sachet_readymeal_01_noodles_a,items_commodities_type_food,602269e1-6e26-457d-b251-02ec4acb3f37,ee9fc517-533f-4df2-93dd-00095045cd01,SMicroCargoUnit,550,0.00055,1,0,,,0bf8df70-626f-463f-976f-1a9b72d86b34,libs/foundry/records/entities/commodities/food/commodities_food_sachet_readymeal_01_noodles_a.xml
Commodities_Food_sachet_readymeal_01_vegetarian_a,item_NameFood_sachet_readymeal_01_vegetarian_a,item_DescFood_sachet_readymeal_01_vegetarian_a,item_NameFood_sachet_readymeal_01_vegetarian_a,item_DescFood_sachet_readymeal_01_vegetarian_a,items_commodities_type_food,602269e1-6e26-457d-b251-02ec4acb3f37,5f62ec3e-eac4-44e1-bb22-072934f7b506,SMicroCargoUnit,550,0.00055,1,0,,,76532ac4-548c-4c7b-abb5-afc21e351e5d,libs/foundry/records/entities/commodities/food/commodities_food_sachet_readymeal_01_vegetarian_a.xml
Commodities_Food_sachet_uee_01_a,item_NameFood_sachet_uee_01_a,item_DescFood_sachet_uee_01_a,item_NameFood_sachet_uee_01_a,item_DescFood_sachet_uee_01_a,items_commodities_type_food,602269e1-6e26-457d-b251-02ec4acb3f37,3dd479bb-aadb-4899-a011-f0f1a6b11889,SMicroCargoUnit,550,0.00055,1,0,,,ceca140d-9abd-4e87-a26a-10d65aba2b7d,libs/foundry/records/entities/commodities/food/commodities_food_sachet_uee_01_a.xml
Commodities_Food_sachet_uee_01_formula_a,item_NameFood_sachet_uee_01_formula_a,item_DescFood_sachet_uee_01_formula_a,item_NameFood_sachet_uee_01_formula_a,item_DescFood_sachet_uee_01_formula_a,items_commodities_type_food,602269e1-6e26-457d-b251-02ec4acb3f37,c5ce3638-1674-4a61-8b99-1cf2df8fd44f,SMicroCargoUnit,550,0.00055,1,0,,,c04e8179-0529-4382-b5ac-86d86ec196ca,libs/foundry/records/entities/commodities/food/commodities_food_sachet_uee_01_formula_a.xml
Commodities_Food_sachet_uee_01_lamb_a,item_NameFood_sachet_uee_01_lamb_a,item_DescFood_sachet_uee_01_lamb_a,item_NameFood_sachet_uee_01_lamb_a,item_DescFood_sachet_uee_01_lamb_a,items_commodities_type_food,602269e1-6e26-457d-b251-02ec4acb3f37,ad8dc71e-7d04-48db-9248-424e42971207,SMicroCargoUnit,550,0.00055,1,0,,,22438327-f16b-49ca-88b5-28d3b847db05,libs/foundry/records/entities/commodities/food/commodities_food_sachet_uee_01_lamb_a.xml
Commodities_Food_tin_bogo_01_a,item_NameFood_tin_bogo_01_a,item_DescFood_tin_bogo_01_a,item_NameFood_tin_bogo_01_a,item_DescFood_tin_bogo_01_a,items_commodities_type_food,602269e1-6e26-457d-b251-02ec4acb3f37,18294eef-6af5-4104-a39d-3f590535ffdc,SMicroCargoUnit,400,0.0004,1,0,,,c0b206a0-62d7-4d11-bfdc-7a41bdc3bdbf,libs/foundry/records/entities/commodities/food/commodities_food_tin_bogo_01_a.xml
Commodities_Food_tin_bogo_01_crawdads_a,item_NameFood_tin_bogo_01_crawdads_a,item_DescFood_tin_bogo_01_crawdads_a,item_NameFood_tin_bogo_01_crawdads_a,item_DescFood_tin_bogo_01_crawdads_a,items_commodities_type_food,602269e1-6e26-457d-b251-02ec4acb3f37,f80b6a66-dd2a-4d09-81f8-c429476d9f71,SMicroCargoUnit,400,0.0004,1,0,,,1002849e-defb-4a9b-9614-009dc0c2a2e8,libs/foundry/records/entities/commodities/food/commodities_food_tin_bogo_01_crawdads_a.xml
Commodities_Food_tin_bogo_01_hotsweet_a,item_NameFood_tin_bogo_01_hotsweet_a,item_DescFood_tin_bogo_01_hotsweet_a,item_NameFood_tin_bogo_01_hotsweet_a,item_DescFood_tin_bogo_01_hotsweet_a,items_commodities_type_food,602269e1-6e26-457d-b251-02ec4acb3f37,792482c1-0ba4-446d-946b-6ac5c255fc9d,SMicroCargoUnit,400,0.0004,1,0,,,cd9e40ea-77cb-44e4-b6cd-05a09a219eac,libs/foundry/records/entities/commodities/food/commodities_food_tin_bogo_01_hotsweet_a.xml
Commodities_Food_tin_bogo_01_langoustine_a,item_NameFood_tin_bogo_01_langoustine_a,item_DescFood_tin_bogo_01_langoustine_a,item_NameFood_tin_bogo_01_langoustine_a,item_DescFood_tin_bogo_01_langoustine_a,items_commodities_type_food,602269e1-6e26-457d-b251-02ec4acb3f37,11795566-f021-4bfa-9520-dce0a316164b,SMicroCargoUnit,400,0.0004,1,0,,,3821593c-d001-460d-a5a4-7e6478b53b11,libs/foundry/records/entities/commodities/food/commodities_food_tin_bogo_01_langoustine_a.xml
Commodities_Food_tin_mre_01_a,item_NameFood_tin_mre_01_a,item_DescFood_tin_mre_01_a,item_NameFood_tin_mre_01_a,item_DescFood_tin_mre_01_a,items_commodities_type_food,602269e1-6e26-457d-b251-02ec4acb3f37,6ee937a1-8aef-42b1-82ad-8b58f62be946,SMicroCargoUnit,1000,0.001,1,0,,,709c4eba-dec1-4b72-8e18-c2457a3a15d0,libs/foundry/records/entities/commodities/food/commodities_food_tin_mre_01_a.xml
Commodities_Food_tin_mre_01_chicken_a,item_NameFood_tin_mre_01_chicken_a,item_DescFood_tin_mre_01_chicken_a,item_NameFood_tin_mre_01_chicken_a,item_DescFood_tin_mre_01_chicken_a,items_commodities_type_food,602269e1-6e26-457d-b251-02ec4acb3f37,90bc3b77-97df-4bfd-93e7-84d7e3e00bfb,SMicroCargoUnit,1000,0.001,1,0,,,fbd1897d-a951-4eec-903a-4e646aa87721,libs/foundry/records/entities/commodities/food/commodities_food_tin_mre_01_chicken_a.xml
Commodities_Food_tin_mre_01_fish_a,item_NameFood_tin_mre_01_fish_a,item_DescFood_tin_mre_01_fish_a,item_NameFood_tin_mre_01_fish_a,item_DescFood_tin_mre_01_fish_a,items_commodities_type_food,602269e1-6e26-457d-b251-02ec4acb3f37,1e0566d4-93f4-47cf-a988-84b23b908196,SMicroCargoUnit,1000,0.001,1,0,,,1c7219ea-d1cf-48ea-ba7b-18d7b21b4a62,libs/foundry/records/entities/commodities/food/commodities_food_tin_mre_01_fish_a.xml
Commodities_Food_tin_mre_01_noodle_a,item_NameFood_tin_mre_01_noodle_a,item_DescFood_tin_mre_01_noodle_a,item_NameFood_tin_mre_01_noodle_a,item_DescFood_tin_mre_01_noodle_a,items_commodities_type_food,602269e1-6e26-457d-b251-02ec4acb3f37,004413ed-88c3-441a-9238-d05c96d5e2e0,SMicroCargoUnit,1000,0.001,1,0,,,e87c0dbb-d602-429e-85b2-ec05e0e0825a,libs/foundry/records/entities/commodities/food/commodities_food_tin_mre_01_noodle_a.xml
Commodities_Food_tin_mre_01_vegetable_a,item_NameFood_tin_mre_01_vegetable_a,item_DescFood_tin_mre_01_vegetable_a,item_NameFood_tin_mre_01_vegetable_a,item_DescFood_tin_mre_01_vegetable_a,items_commodities_type_food,602269e1-6e26-457d-b251-02ec4acb3f37,d7e8df0e-d391-4477-99fa-a5c5c8d90bfa,SMicroCargoUnit,1000,0.001,1,0,,,cb06b27d-a352-494c-a464-8de28175ebff,libs/foundry/records/entities/commodities/food/commodities_food_tin_mre_01_vegetable_a.xml
Commodities_Food_tin_omni_01_a,item_NameFood_tin_omni_01_a,item_DescFood_tin_omni_01_a,item_NameFood_tin_omni_01_a,item_DescFood_tin_omni_01_a,items_commodities_type_food,602269e1-6e26-457d-b251-02ec4acb3f37,003c1ba7-aa3a-4d33-913b-90495573e6bf,SMicroCargoUnit,1000,0.001,1,0,,,cc7ed33f-d858-4125-8ed9-a70e758bffea,libs/foundry/records/entities/commodities/food/commodities_food_tin_omni_01_a.xml
Commodities_Food_tin_omni_01_chicken_a,item_NameFood_tin_omni_01_chicken_a,item_DescFood_tin_omni_01_chicken_a,item_NameFood_tin_omni_01_chicken_a,item_DescFood_tin_omni_01_chicken_a,items_commodities_type_food,602269e1-6e26-457d-b251-02ec4acb3f37,3b6d099c-5c30-413a-82c2-5cec21d0fb66,SMicroCargoUnit,1000,0.001,1,0,,,7e5ca170-a2ed-42ee-b65d-5de28dc8cdc0,libs/foundry/records/entities/commodities/food/commodities_food_tin_omni_01_chicken_a.xml
Commodities_Food_tin_omni_01_stirfry_a,item_NameFood_tin_omni_01_stirfry_a,item_DescFood_tin_omni_01_stirfry_a,item_NameFood_tin_omni_01_stirfry_a,item_DescFood_tin_omni_01_stirfry_a,items_commodities_type_food,602269e1-6e26-457d-b251-02ec4acb3f37,84ffc0bd-59f7-4fca-8c81-104885b489ad,SMicroCargoUnit,1000,0.001,1,0,,,0baa7225-33fa-41a2-9a71-2a182faa2b2f,libs/foundry/records/entities/commodities/food/commodities_food_tin_omni_01_stirfry_a.xml
Commodities_Food_tin_omni_01_vegan_a,item_NameFood_tin_omni_01_vegan_a,item_DescFood_tin_omni_01_vegan_a,item_NameFood_tin_omni_01_vegan_a,item_DescFood_tin_omni_01_vegan_a,items_commodities_type_food,602269e1-6e26-457d-b251-02ec4acb3f37,84109a1f-e1a7-43df-8fe2-b870cc945ab5,SMicroCargoUnit,1000,0.001,1,0,,,f0d9df83-b6f0-41c2-badb-ace059ea6cd8,libs/foundry/records/entities/commodities/food/commodities_food_tin_omni_01_vegan_a.xml
Commodities_Food_tin_uee_01_a,item_NameFood_tin_uee_01_a,item_DescFood_tin_uee_01_a,item_NameFood_tin_uee_01_a,item_DescFood_tin_uee_01_a,items_commodities_type_food,602269e1-6e26-457d-b251-02ec4acb3f37,e82fce65-3e52-4035-8038-04f0f118c59c,SMicroCargoUnit,1000,0.001,1,0,,,dd4151fc-a494-49f2-a9d8-3ef288fc9cca,libs/foundry/records/entities/commodities/food/commodities_food_tin_uee_01_a.xml
Commodities_Food_tin_uee_01_chili_a,item_NameFood_tin_uee_01_chili_a,item_DescFood_tin_uee_01_chili_a,item_NameFood_tin_uee_01_chili_a,item_DescFood_tin_uee_01_chili_a,items_commodities_type_food,602269e1-6e26-457d-b251-02ec4acb3f37,291e6b89-7b2b-49d8-9698-40d97599fec8,SMicroCargoUnit,1000,0.001,1,0,,,4d9fd5e0-5d5f-4a0b-b7f5-4dd1cf06251e,libs/foundry/records/entities/commodities/food/commodities_food_tin_uee_01_chili_a.xml
Commodities_Food_tin_uee_01_paneer_a,item_NameFood_tin_uee_01_paneer_a,item_DescFood_tin_uee_01_paneer_a,item_NameFood_tin_uee_01_paneer_a,item_DescFood_tin_uee_01_paneer_a,items_commodities_type_food,602269e1-6e26-457d-b251-02ec4acb3f37,09285e33-2272-4f4f-9d47-32c18df2d978,SMicroCargoUnit,1000,0.001,1,0,,,139e8761-d4ba-4234-8cbc-e72e61041a36,libs/foundry/records/entities/commodities/food/commodities_food_tin_uee_01_paneer_a.xml
GaspingWeevilEggs,items_commodities_GaspingWeevilEggs,items_commodities_GaspingWeevilEggs_desc,items_commodities_GaspingWeevilEggs,LOC_UNINITIALIZED,items_commodities_type_food,602269e1-6e26-457d-b251-02ec4acb3f37,aefd7620-858c-4b2f-8416-ff05a7b8111f,SCentiCargoUnit,1,0.01,1,0,,,c9529853-42a5-4924-bfe8-0a016a1f9218,libs/foundry/records/entities/commodities/food/gaspingweevileggs.xml
HumanFoodBars,items_commodities_HumanFoodBars,items_commodities_HumanFoodBars_desc,items_commodities_HumanFoodBars,LOC_UNINITIALIZED,items_commodities_type_food,602269e1-6e26-457d-b251-02ec4acb3f37,a1c9d0c6-bc10-446c-b551-ce2c39195b44,SCentiCargoUnit,1,0.01,1,0,,,a468aa6f-f2fa-46a4-b0e9-3e6f60e9e90f,libs/foundry/records/entities/commodities/food/humanfoodbars.xml
processedFood,items_commodities_processedFood,items_commodities_processedFood_desc,items_commodities_processedFood,LOC_UNINITIALIZED,items_commodities_type_food,602269e1-6e26-457d-b251-02ec4acb3f37,a56ca809-7e25-44ae-bb5a-5954796652ae,SCentiCargoUnit,1,0.01,1,0,,,6f93f3be-2d21-4dc8-acfb-aa6eb4386c51,libs/foundry/records/entities/commodities/food/processedfood.xml
ammonia,items_commodities_ammonia,items_commodities_ammonia_desc,items_commodities_ammonia,LOC_UNINITIALIZED,items_commodities_type_gas,27317b27-f4d8-4c38-9b1c-e240cebbaf5f,368c4553-7c6b-432a-af91-d3f23ae539f0,SCentiCargoUnit,1,0.01,1,0,,,d1b4dc27-a66c-4b3c-b8b2-0cfb01384521,libs/foundry/records/entities/commodities/gas/ammonia.xml
argon,items_commodities_argon,items_commodities_argon_desc,items_commodities_argon,LOC_UNINITIALIZED,items_commodities_type_gas,27317b27-f4d8-4c38-9b1c-e240cebbaf5f,eca19691-3f42-4eba-a834-18e1b2859fb4,SCentiCargoUnit,1,0.01,1,0,,,2be53905-e22e-4c75-9b05-7716d65552dc,libs/foundry/records/entities/commodities/gas/argon.xml
helium,items_commodities_helium,items_commodities_helium_desc,items_commodities_helium,LOC_UNINITIALIZED,items_commodities_type_gas,27317b27-f4d8-4c38-9b1c-e240cebbaf5f,ee1648ca-75bb-47d0-ab42-d7bc4c124a0f,SCentiCargoUnit,1,0.01,1,0,,,592a2f03-c37b-454f-be73-014168f5d2ca,libs/foundry/records/entities/commodities/gas/helium.xml
hydrogen,items_commodities_hydrogen,LOC_EMPTY,items_commodities_hydrogen,LOC_UNINITIALIZED,items_commodities_type_gas,27317b27-f4d8-4c38-9b1c-e240cebbaf5f,0d738aa8-3acd-49e6-a8ec-f3505f50fa25,SCentiCargoUnit,1,0.01,1,0,,,3a6782c6-8ffa-4df8-9daa-5656be09356e,libs/foundry/records/entities/commodities/gas/hydrogen.xml
nitrogen,items_commodities_nitrogen,items_commodities_nitrogen_desc,items_commodities_nitrogen,LOC_UNINITIALIZED,items_commodities_type_gas,27317b27-f4d8-4c38-9b1c-e240cebbaf5f,6e07102e-6be8-418c-abe7-6c3aa47ced63,SCentiCargoUnit,1,0.01,1,0,,,f00b7cd0-5f10-494c-9fef-e49a6585520d,libs/foundry/records/entities/commodities/gas/nitrogen.xml
partiullium,items_commodities_partillium,items_commodities_partillium_desc,items_commodities_partillium,LOC_UNINITIALIZED,items_commodities_type_gas,27317b27-f4d8-4c38-9b1c-e240cebbaf5f,b5c6e25b-0010-451b-816f-9fa75bdf885f,SCentiCargoUnit,1,0.01,1,0,,,65d3a21c-b265-4a25-91e8-55b25c56afee,libs/foundry/records/entities/commodities/gas/partiullium.xml
tritium,items_commodities_tritium,items_commodities_tritium_desc,items_commodities_tritium,LOC_UNINITIALIZED,items_commodities_type_gas,27317b27-f4d8-4c38-9b1c-e240cebbaf5f,57ff5a08-8595-4ae0-aecf-2da83854cda9,SCentiCargoUnit,1,0.01,1,0,,,75f85461-74a3-47e0-843e-d4059dfb22af,libs/foundry/records/entities/commodities/gas/tritium.xml
astatine,items_commodities_Astatine,LOC_EMPTY,items_commodities_Astatine,LOC_UNINITIALIZED,items_commodities_type_gas,27317b27-f4d8-4c38-9b1c-e240cebbaf5f,2e670635-9b73-4cef-b426-20d4a26b0603,SCentiCargoUnit,1,0.01,1,0,,,89dd252f-cb81-48fc-ad8a-3576a6c348cc,libs/foundry/records/entities/commodities/halogens/astatine.xml
chlorine,items_commodities_chlorine,LOC_EMPTY,items_commodities_chlorine,LOC_UNINITIALIZED,items_commodities_type_gas,27317b27-f4d8-4c38-9b1c-e240cebbaf5f,ead05d43-1dfa-4f09-842d-3fdc989cd467,SCentiCargoUnit,1,0.01,1,0,,,decc7745-5003-44b0-9b0d-720e12374308,libs/foundry/records/entities/commodities/halogens/chlorine.xml
fluorine,items_commodities_fluorine,LOC_EMPTY,items_commodities_fluorine,LOC_UNINITIALIZED,items_commodities_type_gas,27317b27-f4d8-4c38-9b1c-e240cebbaf5f,25530e6b-8d6c-4e73-9bde-789e75bf4194,SCentiCargoUnit,1,0.01,1,0,,,dfa75309-d4d1-48be-be0b-c3bddb413965,libs/foundry/records/entities/commodities/halogens/fluorine.xml
iodine,items_commodities_iodine,LOC_EMPTY,items_commodities_iodine,LOC_UNINITIALIZED,items_commodities_type_gas,27317b27-f4d8-4c38-9b1c-e240cebbaf5f,66b76b93-3c07-48aa-9a86-26c06f36fe95,SCentiCargoUnit,1,0.01,1,0,,,a542c867-6f1b-497e-860e-c8353dac6169,libs/foundry/records/entities/commodities/halogens/iodine.xml
bioplastic,items_commodities_bioplastic,items_commodities_bioplastic_desc,items_commodities_bioplastic,LOC_UNINITIALIZED,items_commodities_type_manmade,eb4f339e-c82a-4e54-999f-ce8215f0f841,9c41c281-e8be-4e6f-8417-1c0737f36bee,SCentiCargoUnit,1,0.01,1,0,,,8bf0e596-235e-40da-aedf-4209f5427b49,libs/foundry/records/entities/commodities/manmade/bioplastic.xml
cadmiumallinide,items_commodities_cadmiumallinide,items_commodities_cadmiumallinide_desc,items_commodities_cadmiumallinide,LOC_UNINITIALIZED,items_commodities_type_manmade,eb4f339e-c82a-4e54-999f-ce8215f0f841,47b9551a-21b5-41a7-a153-61fae62106b8,SCentiCargoUnit,1,0.01,1,0,,,26b69994-6bae-419a-9a0f-1e3db2786596,libs/foundry/records/entities/commodities/manmade/cadmiumallinide.xml
diamondlaminate,items_commodities_diamondlaminate,items_commodities_diamondlaminate_desc,items_commodities_diamondlaminate,LOC_UNINITIALIZED,items_commodities_type_manmade,eb4f339e-c82a-4e54-999f-ce8215f0f841,e2ce80ff-43f0-4d7a-9ce0-4b57b60ea7a8,SCentiCargoUnit,1,0.01,1,0,,,81d50d99-83b2-4caa-81a1-e8d15bcf1b2e,libs/foundry/records/entities/commodities/manmade/diamondlaminate.xml
dynaflex,items_commodities_dynaflex,items_commodities_dynaflex_desc,items_commodities_dynaflex,LOC_UNINITIALIZED,items_commodities_type_manmade,eb4f339e-c82a-4e54-999f-ce8215f0f841,6a8cfc38-1215-4054-9dab-d2aa04ff6e99,SCentiCargoUnit,1,0.01,1,0,,,6bd57fda-6ead-4b39-98dd-108833abe918,libs/foundry/records/entities/commodities/manmade/dynaflex.xml
elespo,items_commodities_elespo,items_commodities_elespo_desc,items_commodities_elespo,LOC_UNINITIALIZED,items_commodities_type_manmade,eb4f339e-c82a-4e54-999f-ce8215f0f841,21a0a93e-38c7-4a1a-a90d-574fb8a3e606,SCentiCargoUnit,1,0.01,1,0,,,f0add17d-33bb-499e-bd68-47959cea9bb8,libs/foundry/records/entities/commodities/manmade/elespo.xml
lastaprene,items_commodities_lastaprene,items_commodities_lastaprene_desc,items_commodities_lastaprene,LOC_UNINITIALIZED,items_commodities_type_manmade,eb4f339e-c82a-4e54-999f-ce8215f0f841,a649ac07-2b39-4eac-bcf5-a93414474fb5,SCentiCargoUnit,1,0.01,1,0,,,15b7e9bd-cf1a-497a-9dd4-e59e2dc7fb7a,libs/foundry/records/entities/commodities/manmade/lastaprene.xml
lycara,items_commodities_lycara,items_commodities_lycara_desc,items_commodities_lycara,LOC_UNINITIALIZED,items_commodities_type_manmade,eb4f339e-c82a-4e54-999f-ce8215f0f841,adfabec4-2bb7-4cad-a8d8-c7b4d69e17a0,SCentiCargoUnit,1,0.01,1,0,,,86e41701-8c75-4690-b124-f429cc9b8b60,libs/foundry/records/entities/commodities/manmade/lycara.xml
neograph,items_commodities_neograph,items_commodities_neograph_desc,items_commodities_neograph,LOC_UNINITIALIZED,items_commodities_type_manmade,eb4f339e-c82a-4e54-999f-ce8215f0f841,9c071024-ca75-4470-9c30-3059365a2449,SCentiCargoUnit,1,0.01,1,0,,,60849815-6ad6-4cb6-853c-a3b333442168,libs/foundry/records/entities/commodities/manmade/neograph.xml
omnapoxy,items_commodities_omnapoxy,items_commodities_omnapoxy_desc,items_commodities_omnapoxy,LOC_UNINITIALIZED,items_commodities_type_manmade,eb4f339e-c82a-4e54-999f-ce8215f0f841,2a9e2828-e051-42d3-b5f1-ab58c2898c81,SCentiCargoUnit,1,0.01,1,0,,,5f9763a6-48b6-42aa-a6ba-83c1b5c6331c,libs/foundry/records/entities/commodities/manmade/omnapoxy.xml
sarilus,items_commodities_sarilus,items_commodities_sarilus_desc,items_commodities_sarilus,LOC_UNINITIALIZED,items_commodities_type_manmade,eb4f339e-c82a-4e54-999f-ce8215f0f841,878eff2e-84cd-4e1d-9263-59b2aa2fe906,SCentiCargoUnit,1,0.01,1,0,,,c56f26eb-0189-4d42-9a82-19e85099fa9e,libs/foundry/records/entities/commodities/manmade/sarilus.xml
silnex,items_commodities_silnex,items_commodities_silnex_desc,items_commodities_silnex,LOC_UNINITIALIZED,items_commodities_type_manmade,eb4f339e-c82a-4e54-999f-ce8215f0f841,fdf728ad-cd04-4bac-bdff-128ef6ae24e1,SCentiCargoUnit,1,0.01,1,0,,,cf86cfe4-28fe-4530-a1a7-f2e6d3d2117e,libs/foundry/records/entities/commodities/manmade/silnex.xml
thermalfoam,items_commodities_thermalfoam,items_commodities_thermalfoam_desc,items_commodities_thermalfoam,LOC_UNINITIALIZED,items_commodities_type_manmade,eb4f339e-c82a-4e54-999f-ce8215f0f841,39d9d777-0f81-42b1-9379-94af3220dd47,SCentiCargoUnit,1,0.01,1,0,,,95880b9b-a5ec-40c6-a6ba-2322ceccb70d,libs/foundry/records/entities/commodities/manmade/thermalfoam.xml
medicalSupplies_medPens,items_commodities_medPens,item_Desccrlf_consumable_healing_01,items_commodities_medPens,LOC_UNINITIALIZED,items_commodities_type_medicalSupply,25b880ff-d94b-44b8-aacf-a59d45cfd07d,272ed87a-a60f-4a7f-a978-49d2ca220781,SMicroCargoUnit,550,0.00055,1,0,,,41224404-8b20-45ee-8719-4a60e2b026c8,libs/foundry/records/entities/commodities/medicalsupplies/medicalsupplies_medpens.xml
medicalSupplies_oxyPens,items_commodities_oxyPens,item_Desccrlf_consumable_oxygen_01,items_commodities_oxyPens,LOC_UNINITIALIZED,items_commodities_type_medicalSupply,25b880ff-d94b-44b8-aacf-a59d45cfd07d,80ac6315-4f00-49a8-ba26-2b263dc84b09,SMicroCargoUnit,550,0.00055,1,0,,,40453bc6-e2e6-4643-ae75-064f3fe4f036,libs/foundry/records/entities/commodities/medicalsupplies/medicalsupplies_oxypens.xml
medicalSupplies,items_commodities_medicalSupplies,LOC_EMPTY,items_commodities_medicalSupplies,LOC_UNINITIALIZED,items_commodities_type_medicalSupply,25b880ff-d94b-44b8-aacf-a59d45cfd07d,512062dc-7cbf-4282-9a67-8b68f9d25da7,SCentiCargoUnit,1,0.01,1,0,,,5dc139aa-39b1-4c50-8c1e-c17d012c7b92,libs/foundry/records/entities/commodities/medicalsupplies/medicalsupplies.xml
Agricium,items_commodities_agricium,items_commodities_agricium_desc,items_commodities_agricium,LOC_UNINITIALIZED,items_commodities_type_metal,c25e035b-262c-467b-ad41-9eb9af0ad6a1,1ddf0542-f447-4064-8242-0c643fcfb367,SCentiCargoUnit,1,0.01,1,0,,,a3975b75-4566-4849-a46e-e462a99a2c34,libs/foundry/records/entities/commodities/metals/agricium.xml
aluminum,items_commodities_aluminum,items_commodities_aluminum_desc,items_commodities_aluminum,LOC_UNINITIALIZED,items_commodities_type_metal,c25e035b-262c-467b-ad41-9eb9af0ad6a1,add59562-2c00-47fb-9986-5dd1c56b0ee3,SCentiCargoUnit,1,0.01,1,0,,,6eaded2d-1f4e-4192-b436-299ecdfac899,libs/foundry/records/entities/commodities/metals/aluminum.xml
borase,items_commodities_borase,items_commodities_borase_desc,items_commodities_borase,LOC_UNINITIALIZED,items_commodities_type_metal,c25e035b-262c-467b-ad41-9eb9af0ad6a1,4eaf580c-6524-43ad-96e1-e9a0badf871d,SCentiCargoUnit,1,0.01,1,0,,,001c7bc6-2bb6-4f66-a8ef-a1c63e80ffc5,libs/foundry/records/entities/commodities/metals/borase.xml
cobalt,items_commodities_cobalt,items_commodities_cobalt_desc,items_commodities_cobalt,LOC_UNINITIALIZED,items_commodities_type_metal,c25e035b-262c-467b-ad41-9eb9af0ad6a1,8565cb73-ec40-4044-a1c7-c734dafb8384,SCentiCargoUnit,1,0.01,1,0,,,1c56dde0-3483-4324-8f5a-25c3b446c233,libs/foundry/records/entities/commodities/metals/cobalt.xml
copper,items_commodities_copper,items_commodities_copper_desc,items_commodities_copper,LOC_UNINITIALIZED,items_commodities_type_metal,c25e035b-262c-467b-ad41-9eb9af0ad6a1,bdd68d00-2981-456d-ac80-0e4b9e1c77e1,SCentiCargoUnit,1,0.01,1,0,,,fff8c75a-af63-4e2e-ad1e-1f80380fdb3c,libs/foundry/records/entities/commodities/metals/copper.xml
gold,items_commodities_gold,items_commodities_gold_desc,items_commodities_gold,LOC_UNINITIALIZED,items_commodities_type_metal,c25e035b-262c-467b-ad41-9eb9af0ad6a1,b1c97c1d-400a-4de2-ad84-ffa1a1d4bf71,SCentiCargoUnit,1,0.01,1,0,,,5e8cc1f5-8f21-4e4b-b534-214008c027dc,libs/foundry/records/entities/commodities/metals/gold.xml
Mercury,items_commodities_mercury,items_commodities_mercury_desc,items_commodities_mercury,LOC_UNINITIALIZED,items_commodities_type_metal,c25e035b-262c-467b-ad41-9eb9af0ad6a1,5c369499-6c18-4f81-bcf1-c31cb4939438,SCentiCargoUnit,1,0.01,1,0,,,8ec29949-159d-4980-b36b-c6f9b8215333,libs/foundry/records/entities/commodities/metals/mercury.xml
potassium,items_commodities_potassium,items_commodities_potassium_desc,items_commodities_potassium,LOC_UNINITIALIZED,items_commodities_type_metal,c25e035b-262c-467b-ad41-9eb9af0ad6a1,03ba5164-f3a8-43e6-ad8c-65c9665646ac,SCentiCargoUnit,1,0.01,1,0,,,fb2ff434-6c54-471a-9f64-48f866498cd2,libs/foundry/records/entities/commodities/metals/potassium.xml
titanium,items_commodities_titanium,items_commodities_titanium_desc,items_commodities_titanium,LOC_UNINITIALIZED,items_commodities_type_metal,c25e035b-262c-467b-ad41-9eb9af0ad6a1,d963a638-ffc7-45b2-9f87-11932e412b64,SCentiCargoUnit,1,0.01,1,0,,,893b2031-a1a0-4f6a-9940-e909f8cf4a05,libs/foundry/records/entities/commodities/metals/titanium.xml
tungsten,items_commodities_tungsten,items_commodities_tungsten_desc,items_commodities_tungsten,LOC_UNINITIALIZED,items_commodities_type_metal,c25e035b-262c-467b-ad41-9eb9af0ad6a1,341af1de-35fe-4a27-81cd-46bb1879a6ba,SCentiCargoUnit,1,0.01,1,0,,,28ec789c-a7ea-4f6c-a43f-77fe4480123a,libs/foundry/records/entities/commodities/metals/tungsten.xml
agricium_ore,items_commodities_agricium_ore,items_commodities_agricium_ore_desc,items_commodities_agricium_ore,LOC_UNINITIALIZED,items_commodities_type_metal,c25e035b-262c-467b-ad41-9eb9af0ad6a1,0b8fe6de-ab44-4937-8d20-f4a9a80204a1,SCentiCargoUnit,1,0.01,1,0,,,49397ce6-d764-47dc-9f74-bcb1663ee1c1,libs/foundry/records/entities/commodities/metals/unrefinedmetals/agricium_ore.xml
aluminum_ore,items_commodities_aluminum_ore,items_commodities_aluminum_ore_desc,items_commodities_aluminum_ore,LOC_UNINITIALIZED,items_commodities_type_metal,c25e035b-262c-467b-ad41-9eb9af0ad6a1,ecc0bf30-3183-42b3-8445-16da5da9f7d1,SCentiCargoUnit,1,0.01,1,0,,,308f24a7-e314-4c41-ba58-b0927f28c42c,libs/foundry/records/entities/commodities/metals/unrefinedmetals/aluminum_ore.xml
borase_ore,items_commodities_borase_ore,items_commodities_borase_ore_desc,items_commodities_borase_ore,LOC_UNINITIALIZED,items_commodities_type_metal,c25e035b-262c-467b-ad41-9eb9af0ad6a1,65b13483-c29a-4026-906b-b49abe15ef02,SCentiCargoUnit,1,0.01,1,0,,,fbc087d7-f674-4075-a39f-eb500557d39f,libs/foundry/records/entities/commodities/metals/unrefinedmetals/borase_ore.xml
copper_ore,items_commodities_copper_ore,items_commodities_copper_ore_desc,items_commodities_copper_ore,LOC_UNINITIALIZED,items_commodities_type_metal,c25e035b-262c-467b-ad41-9eb9af0ad6a1,31dce7b9-1784-44b7-bb90-d5232cb3c22d,SCentiCargoUnit,1,0.01,1,0,,,8772fc77-f003-44c1-97c3-de3726059d21,libs/foundry/records/entities/commodities/metals/unrefinedmetals/copper_ore.xml
gold_ore,items_commodities_gold_ore,items_commodities_gold_ore_desc,items_commodities_gold_ore,LOC_UNINITIALIZED,items_commodities_type_metal,c25e035b-262c-467b-ad41-9eb9af0ad6a1,7b06ad1e-090d-4926-8822-28a95f59f48d,SCentiCargoUnit,1,0.01,1,0,,,53664ffa-ca6a-4c44-850d-fb71b62f5ec9,libs/foundry/records/entities/commodities/metals/unrefinedmetals/gold_ore.xml
titanium_ore,items_commodities_titanium_ore,items_commodities_titanium_ore_desc,items_commodities_titanium_ore,LOC_UNINITIALIZED,items_commodities_type_metal,c25e035b-262c-467b-ad41-9eb9af0ad6a1,0a35083e-ff9e-48a3-a152-3f058b507dc8,SCentiCargoUnit,1,0.01,1,0,,,8b1b0ceb-971c-42d2-9b83-069237c0c7fe,libs/foundry/records/entities/commodities/metals/unrefinedmetals/titanium_ore.xml
tungsten_ore,items_commodities_tungsten_ore,items_commodities_tungsten_ore_desc,items_commodities_tungsten_ore,LOC_UNINITIALIZED,items_commodities_type_metal,c25e035b-262c-467b-ad41-9eb9af0ad6a1,5f27e058-e590-4e40-9fdd-4638e73760d7,SCentiCargoUnit,1,0.01,1,0,,,03c95e4d-0f7a-4efc-89ad-b8e61da5e30c,libs/foundry/records/entities/commodities/metals/unrefinedmetals/tungsten_ore.xml
beryl,items_commodities_beryl,items_commodities_beryl_desc,items_commodities_beryl,LOC_UNINITIALIZED,items_commodities_type_Mineral,138e6e5d-fbe3-425f-b94d-e11009d922a0,56d9e17b-52db-4ba0-8038-3beaa8413e69,SCentiCargoUnit,1,0.01,1,0,,,57e2094c-bc2d-4479-9af6-8918059b604e,libs/foundry/records/entities/commodities/minerals/beryl.xml
bexalite,items_commodities_bexalite,items_commodities_bexalite_desc,items_commodities_bexalite,LOC_UNINITIALIZED,items_commodities_type_Mineral,138e6e5d-fbe3-425f-b94d-e11009d922a0,3a754c41-62a6-456c-9cc6-7e51d9148d0c,SCentiCargoUnit,1,0.01,1,0,,,7a404a18-04f1-48c4-a4bd-c60af6ed1769,libs/foundry/records/entities/commodities/minerals/bexalite.xml
corundum,items_commodities_corundum,items_commodities_corundum_desc,items_commodities_corundum,LOC_UNINITIALIZED,items_commodities_type_Mineral,138e6e5d-fbe3-425f-b94d-e11009d922a0,41cbc46c-f7a9-4db8-91d1-f2f0dea9324c,SCentiCargoUnit,1,0.01,1,0,,,4f15da23-7bf1-464a-8a22-b50ba9536200,libs/foundry/records/entities/commodities/minerals/corundum.xml
diamond,items_commodities_diamond,items_commodities_diamond_desc,items_commodities_diamond,LOC_UNINITIALIZED,items_commodities_type_Mineral,138e6e5d-fbe3-425f-b94d-e11009d922a0,79b4e9a4-6d32-459a-9690-2e409f16fe2e,SCentiCargoUnit,1,0.01,1,0,,,aee3eac7-a05a-44d4-b6de-47344ec1f707,libs/foundry/records/entities/commodities/minerals/diamond.xml
hephaestanite,items_commodities_hephaestanite,items_commodities_hephaestanite_desc,items_commodities_hephaestanite,LOC_UNINITIALIZED,items_commodities_type_Mineral,138e6e5d-fbe3-425f-b94d-e11009d922a0,c0bb102b-33fd-46be-a67a-df57c31f36b7,SCentiCargoUnit,1,0.01,1,0,,,20d1f023-d753-4d1e-938a-51e1770ba0b9,libs/foundry/records/entities/commodities/minerals/hephaestanite.xml
laranite,items_commodities_laranite,items_commodities_laranite_desc,items_commodities_laranite,LOC_UNINITIALIZED,items_commodities_type_Mineral,138e6e5d-fbe3-425f-b94d-e11009d922a0,e3c6c54e-a6c4-42a2-9b66-1219951435a0,SCentiCargoUnit,1,0.01,1,0,,,585bff8d-43a9-49ca-8d92-aabb252dfde6,libs/foundry/records/entities/commodities/minerals/laranite.xml
quantanium,items_commodities_quantainium,items_commodities_quantainium_desc,items_commodities_quantainium,LOC_UNINITIALIZED,items_commodities_type_Mineral,138e6e5d-fbe3-425f-b94d-e11009d922a0,b1113687-c14c-40d1-827d-926f66ed58f2,SCentiCargoUnit,1,0.01,1,0,,,ef684d49-1b24-4a5b-9ff6-0c7e61228553,libs/foundry/records/entities/commodities/minerals/quantanium.xml
quartz,items_commodities_quartz,items_commodities_quartz_desc,items_commodities_quartz,LOC_UNINITIALIZED,items_commodities_type_Mineral,138e6e5d-fbe3-425f-b94d-e11009d922a0,a27e5a92-0c5a-4be7-bdf2-a1dc8a2eda74,SCentiCargoUnit,1,0.01,1,0,,,9f6d7b98-31ad-447b-8061-702f39a22ac2,libs/foundry/records/entities/commodities/minerals/quartz.xml
taranite,items_commodities_taranite,items_commodities_taranite_desc,items_commodities_taranite,LOC_UNINITIALIZED,items_commodities_type_Mineral,138e6e5d-fbe3-425f-b94d-e11009d922a0,3440f9ad-6384-4836-8274-4529fb1e3cdf,SCentiCargoUnit,1,0.01,1,0,,,2726bff4-2370-4a3b-a1e1-85af0791ee11,libs/foundry/records/entities/commodities/minerals/taranite.xml
raw_beryl,items_commodities_beryl_raw,items_commodities_beryl_raw_desc,items_commodities_beryl_raw,LOC_UNINITIALIZED,items_commodities_type_Mineral,138e6e5d-fbe3-425f-b94d-e11009d922a0,10b307b9-3362-4a0c-8e08-be22dd9d40bf,SCentiCargoUnit,1,0.01,1,0,,,be686734-729a-43e1-93ea-d7f7f127ecde,libs/foundry/records/entities/commodities/minerals/unrefinedminerals/raw_beryl.xml
raw_bexalite,items_commodities_bexalite_raw,items_commodities_bexalite_raw_desc,items_commodities_bexalite_raw,LOC_UNINITIALIZED,items_commodities_type_Mineral,138e6e5d-fbe3-425f-b94d-e11009d922a0,87fe4fe0-a2f7-4ee2-89fa-cd4ae7e9ac70,SCentiCargoUnit,1,0.01,1,0,,,05544778-ca64-44fb-85fd-fdd6db81d543,libs/foundry/records/entities/commodities/minerals/unrefinedminerals/raw_bexalite.xml
raw_corundum,items_commodities_corundum_raw,items_commodities_corundum_raw_desc,items_commodities_corundum_raw,LOC_UNINITIALIZED,items_commodities_type_Mineral,138e6e5d-fbe3-425f-b94d-e11009d922a0,5954f544-b83a-4199-a0c0-a240849e5a6b,SCentiCargoUnit,1,0.01,1,0,,,29095211-071d-404b-a2fb-1fff7f45f791,libs/foundry/records/entities/commodities/minerals/unrefinedminerals/raw_corundum.xml
raw_diamond,items_commodities_diamond_raw,items_commodities_diamond_raw_desc,items_commodities_diamond_raw,LOC_UNINITIALIZED,items_commodities_type_Mineral,138e6e5d-fbe3-425f-b94d-e11009d922a0,524b3f35-34a0-42a4-9cee-fdbc958acc36,SCentiCargoUnit,1,0.01,1,0,,,3888a61f-0d88-4d43-b8c0-3dea23b5d68f,libs/foundry/records/entities/commodities/minerals/unrefinedminerals/raw_diamond.xml
raw_hephaestanite,items_commodities_hephaestanite_raw,items_commodities_hephaestanite_raw_desc,items_commodities_hephaestanite_raw,LOC_UNINITIALIZED,items_commodities_type_Mineral,138e6e5d-fbe3-425f-b94d-e11009d922a0,78002096-d89f-4c43-8c18-c53036892aca,SCentiCargoUnit,1,0.01,1,0,,,aff90cc0-4851-47f2-ab68-82ff8791f857,libs/foundry/records/entities/commodities/minerals/unrefinedminerals/raw_hephaestanite.xml
raw_laranite,items_commodities_laranite_raw,items_commodities_laranite_raw_desc,items_commodities_laranite_raw,LOC_UNINITIALIZED,items_commodities_type_Mineral,138e6e5d-fbe3-425f-b94d-e11009d922a0,42c0595b-5f9e-47b9-baee-235fbc3cb25b,SCentiCargoUnit,1,0.01,1,0,,,8bbbdeac-788c-43fc-9a84-0b3a0ed2e714,libs/foundry/records/entities/commodities/minerals/unrefinedminerals/raw_laranite.xml
raw_quantainium,items_commodities_quantainium_raw,items_commodities_quantainium_raw_desc,items_commodities_quantainium_raw,LOC_UNINITIALIZED,items_commodities_type_Mineral,138e6e5d-fbe3-425f-b94d-e11009d922a0,7da7ab29-481b-4934-b229-a62419586563,SCentiCargoUnit,1,0.01,1,0,,,f4e2b50a-e19a-4bb2-8253-90a8f03b0f4c,libs/foundry/records/entities/commodities/minerals/unrefinedminerals/raw_quantainium.xml
raw_quartz,items_commodities_quartz_raw,items_commodities_quartz_raw_desc,items_commodities_quartz_raw,LOC_UNINITIALIZED,items_commodities_type_Mineral,138e6e5d-fbe3-425f-b94d-e11009d922a0,8f51e643-c778-4a63-bc9e-08bb4b6bcdf0,SCentiCargoUnit,1,0.01,1,0,,,14992573-022e-41eb-b1b1-b9a2a2836169,libs/foundry/records/entities/commodities/minerals/unrefinedminerals/raw_quartz.xml
raw_taranite,items_commodities_taranite_raw,items_commodities_taranite_raw_desc,items_commodities_taranite_raw,LOC_UNINITIALIZED,items_commodities_type_Mineral,138e6e5d-fbe3-425f-b94d-e11009d922a0,6e02ac21-3674-4ed9-8904-2ff87cc816d4,SCentiCargoUnit,1,0.01,1,0,,,522803b2-6cb5-4a2a-9d17-6d80b5578cc2,libs/foundry/records/entities/commodities/minerals/unrefinedminerals/raw_taranite.xml
inert_materials,items_commodities_inert_materials,items_commodities_inert_materials_desc,items_commodities_inert_materials,LOC_UNINITIALIZED,items_commodities_mixedMining,f3ed17dd-fbcc-405b-8724-32b0d3e97974,1342d4c2-a746-4996-aedd-5af283a563b0,SCentiCargoUnit,1,0.01,1,1,,,39e6305c-8d6a-4a1f-a0b0-70eaf2c1e43a,libs/foundry/records/entities/commodities/mixedmining/inert_materials.xml
mixedMining,items_commodities_mixedMining,items_commodities_mixedMining_desc,items_commodities_mixedMining,LOC_UNINITIALIZED,items_commodities_mixedMining,f3ed17dd-fbcc-405b-8724-32b0d3e97974,,SCentiCargoUnit,1,0.01,1,1,,,891080af-43fb-4afa-890c-8d7acdf5eb76,libs/foundry/records/entities/commodities/mixedmining/mixedmining.xml
BlueBilva,items_commodities_bluebilva,items_commodities_bluebilva_desc,items_commodities_bluebilva,items_commodities_goldenmedmon_desc,items_commodities_type_natural,bf3b68e9-dafe-4517-bc51-23652d6c9f49,a1cd30a2-6ff7-4d65-8b17-84e37f0eda3a,SMicroCargoUnit,750,0.00075,1,0,,,c186b9db-f002-423d-8001-4f9a3cc74264,libs/foundry/records/entities/commodities/natural/bluebilva.xml
DecariPod,items_commodities_decaripod,items_commodities_decaripod_desc,items_commodities_decaripod,items_commodities_decaripod_desc,items_commodities_type_natural,bf3b68e9-dafe-4517-bc51-23652d6c9f49,27bd5246-b98b-4f3f-8dbc-b90e60db8981,SMicroCargoUnit,350,0.00035,1,0,,,cdcd7391-29d9-4659-8c02-1911f0a552ff,libs/foundry/records/entities/commodities/natural/decaripod.xml
FotiaScrub,items_commodities_fotiascrub,items_commodities_fotiascrub_desc,items_commodities_fotiascrub,items_commodities_fotiascrub,items_commodities_type_natural,bf3b68e9-dafe-4517-bc51-23652d6c9f49,a0e9c5c2-7292-4c5b-9c67-07e49b3e8dcb,SMicroCargoUnit,600,0.0006,1,0,,,728aecfa-ade1-4ab2-a7ab-44ecd20fec97,libs/foundry/records/entities/commodities/natural/fotiascrub.xml
JumpingLime,items_commodities_jumpinglimes,items_commodities_jumpinglimes_desc,items_commodities_jumpinglimes,items_commodities_goldenmedmon_desc,items_commodities_type_natural,bf3b68e9-dafe-4517-bc51-23652d6c9f49,27570f81-45b4-4545-ac1e-f8049b1a606a,SMicroCargoUnit,350,0.00035,1,0,,,7f9f8570-5f3b-4437-808c-a666441b06aa,libs/foundry/records/entities/commodities/natural/jumpinglime.xml
Oza,items_commodities_oza,items_commodities_oza_desc,items_commodities_oza,items_commodities_goldenmedmon_desc,items_commodities_type_natural,bf3b68e9-dafe-4517-bc51-23652d6c9f49,f717e5d4-fcff-4393-ab07-6da362bf1289,SMicroCargoUnit,420,0.00042,1,0,,,c64fb1be-5153-4ba1-8952-2b7943a43244,libs/foundry/records/entities/commodities/natural/oza.xml
Pingala,items_commodities_pingala,items_commodities_pingala_desc,items_commodities_pingala,items_commodities_pingala_desc,items_commodities_type_natural,bf3b68e9-dafe-4517-bc51-23652d6c9f49,809d4b72-e25e-4477-b043-1e4bb6227043,SMicroCargoUnit,350,0.00035,1,0,,,9b262b7a-e251-44cb-bd62-4cb2fb4733d9,libs/foundry/records/entities/commodities/natural/pingala.xml
Spiral,items_commodities_spiral,items_commodities_spiral_desc,items_commodities_spiral,items_commodities_goldenmedmon_desc,items_commodities_type_natural,bf3b68e9-dafe-4517-bc51-23652d6c9f49,7a84282f-45b1-4d5b-909c-2aebd020ce64,SMicroCargoUnit,760,0.00076,1,0,,,16e0129e-6ee8-4707-94cb-1dec7e77645a,libs/foundry/records/entities/commodities/natural/spiral.xml
carbon,items_commodities_carbon,items_commodities_carbon_desc,items_commodities_carbon,LOC_UNINITIALIZED,items_commodities_type_nonmetals,950be178-a25a-4dd4-a8af-4209fa58d4ac,2df42f6b-e63d-42cf-a4df-1da33e645c18,SCentiCargoUnit,1,0.01,1,0,,,1e65e4c1-c7c2-4ed6-9d02-f20deb26d74b,libs/foundry/records/entities/commodities/non_metals/carbon.xml
silicon,items_commodities_silicon,items_commodities_silicon_desc,items_commodities_silicon,LOC_UNINITIALIZED,items_commodities_type_nonmetals,950be178-a25a-4dd4-a8af-4209fa58d4ac,dbfeff34-c7b5-47bc-a45a-259192829ce6,SCentiCargoUnit,1,0.01,1,0,,,e2bfa87a-cd18-4d93-b7fc-8103dbef2ba0,libs/foundry/records/entities/commodities/non_metals/silicon.xml
hpmc,items_commodities_type_HPMC,items_commodities_type_HPMC_desc,items_commodities_type_HPMC,LOC_UNINITIALIZED,items_commodities_type_processedGoods,0df5ad84-837a-4e0d-a80a-02da1b12ce3a,99a9ea14-80d6-4337-b823-50795cf7273f,SCentiCargoUnit,1,0.01,1,0,,,e39c7a65-a67e-4086-a71c-7635bdff7759,libs/foundry/records/entities/commodities/processedgoods/hpmc.xml
plasmaFuel,items_commodities_type_plasmaFuel,items_commodities_type_plasmaFuel_desc,items_commodities_type_plasmaFuel,LOC_UNINITIALIZED,items_commodities_type_processedGoods,0df5ad84-837a-4e0d-a80a-02da1b12ce3a,23841938-3485-4738-ace1-1c98a1776b2b,SCentiCargoUnit,1,0.01,1,0,,,6d14787a-8e7d-4595-b80c-ae6f85450b79,libs/foundry/records/entities/commodities/processedgoods/plasmafuel.xml
quantumFuel,items_commodities_type_quantumFuel,items_commodities_type_quantumFuel_desc,items_commodities_type_quantumFuel,LOC_UNINITIALIZED,items_commodities_type_processedGoods,0df5ad84-837a-4e0d-a80a-02da1b12ce3a,101901be-6277-4c1b-b122-d764bddfddde,SCentiCargoUnit,1,0.01,1,0,,,d86099d1-e57e-4e73-b966-534c9410f04e,libs/foundry/records/entities/commodities/processedgoods/quantumfuel.xml
rmc,items_commodities_type_RMC,items_commodities_type_RMC_desc,items_commodities_type_RMC,LOC_UNINITIALIZED,items_commodities_type_processedGoods,0df5ad84-837a-4e0d-a80a-02da1b12ce3a,b078a2c3-b637-46b3-a222-2d6417337260,SCentiCargoUnit,1,0.01,1,0,,,59a0ff6e-6c48-48c5-8e75-00bbebd3fbf2,libs/foundry/records/entities/commodities/processedgoods/rmc.xml
ShipAmmunition,item_NameAmmoCrate,item_DescAmmoCrate,item_NameAmmoCrate,LOC_UNINITIALIZED,items_commodities_type_processedGoods,0df5ad84-837a-4e0d-a80a-02da1b12ce3a,54009639-4c6b-4dda-8262-361a04ac5e84,SCentiCargoUnit,1,0.01,1,0,,,dca67f8f-adfd-4471-9d7f-5b77c923ea13,libs/foundry/records/entities/commodities/processedgoods/shipammunition.xml
CompBoard,items_commodities_compboard,items_commodities_compboard_desc,items_commodities_compboard,items_commodities_compboard_desc,items_commodities_type_scrap,ed0caf1c-50a1-4310-8bb9-3eb664c64a59,32833439-a307-4a21-b11c-56c265a89e37,SMicroCargoUnit,600,0.0006,1,0,,,14798b94-9280-475b-8bbe-9ffb6698cf99,libs/foundry/records/entities/commodities/scrap/compboard.xml
scrap,items_commodities_scrap,LOC_EMPTY,items_commodities_scrap,LOC_UNINITIALIZED,items_commodities_type_scrap,ed0caf1c-50a1-4310-8bb9-3eb664c64a59,0ed99600-80f8-4660-951f-dae11db6b4d0,SCentiCargoUnit,1,0.01,1,0,,,00cbfce5-8215-4619-9399-cafe96a5c5a9,libs/foundry/records/entities/commodities/scrap/scrap.xml
altruciatoxin_unprocessed,items_commodities_altruciatoxin_unprocessed,items_commodities_altruciatoxin_unprocessed_desc,items_commodities_altruciatoxin_unprocessed,LOC_UNINITIALIZED,items_commodities_type_vice,458f5cd4-6fa8-457f-959b-b741f9a45412,d2957552-b6a5-4f01-b0b5-bfa11fa02040,SCentiCargoUnit,1,0.01,1,0,,,599a5fca-1d2f-4661-bd97-1fbb17fbc6ac,libs/foundry/records/entities/commodities/vice/altruciatoxin_unprocessed.xml
altruciatoxin,items_commodities_altruciatoxin,LOC_EMPTY,items_commodities_altruciatoxin,LOC_UNINITIALIZED,items_commodities_type_vice,458f5cd4-6fa8-457f-959b-b741f9a45412,bbb6df43-0295-470d-b822-cdd90e0f6c48,SCentiCargoUnit,1,0.01,1,0,,,f9bb228a-d3d3-4756-a0f1-65bfeca71a1d,libs/foundry/records/entities/commodities/vice/altruciatoxin.xml
distilledSpirits,items_commodities_distilledSpirits,LOC_EMPTY,items_commodities_distilledSpirits,LOC_UNINITIALIZED,items_commodities_type_vice,458f5cd4-6fa8-457f-959b-b741f9a45412,02ae7f01-1edb-486e-ada2-7fb54116cec2,SCentiCargoUnit,1,0.01,1,0,,,f4ddbdca-2266-456f-afbc-e46586f9b4a4,libs/foundry/records/entities/commodities/vice/distilledspirits.xml
dopple,items_commodities_dopple,items_commodities_dopple_desc,items_commodities_dopple,items_commodities_dopple,items_commodities_type_vice,458f5cd4-6fa8-457f-959b-b741f9a45412,5ed00954-c6cb-48dd-b3ba-f2ff64ce9b37,SMicroCargoUnit,750,0.00075,1,0,,,d09bd9d5-0d62-4732-b7d1-5c33662e03f9,libs/foundry/records/entities/commodities/vice/dopple.xml
etam,items_commodities_etam,items_commodities_etam_desc,items_commodities_etam,items_commodities_etam,items_commodities_type_vice,458f5cd4-6fa8-457f-959b-b741f9a45412,3653a6fb-c6af-4b4e-a9d0-97da7288babe,SCentiCargoUnit,1,0.01,1,0,,,ab0b493c-9faf-401e-a27b-a81998bf07a5,libs/foundry/records/entities/commodities/vice/etam.xml
freeze,items_commodities_freeze,items_commodities_freeze_desc,items_commodities_freeze,items_commodities_freeze,items_commodities_type_vice,458f5cd4-6fa8-457f-959b-b741f9a45412,68385038-744c-45c9-b57f-0b3be3a58df1,SMicroCargoUnit,750,0.00075,1,0,,,674f116f-d1b8-4000-bd8f-e17afbcf95ae,libs/foundry/records/entities/commodities/vice/freeze.xml
glow,items_commodities_glow,items_commodities_glow_desc,items_commodities_glow,items_commodities_glow,items_commodities_type_vice,458f5cd4-6fa8-457f-959b-b741f9a45412,273227cc-4a56-4dbc-ba65-5eb3920a903e,SMicroCargoUnit,750,0.00075,1,0,,,6693f3b7-a913-4e3a-a3ca-b4bf1af1603d,libs/foundry/records/entities/commodities/vice/glow.xml
mala,items_commodities_mala,items_commodities_mala_desc,items_commodities_mala,items_commodities_mala,items_commodities_type_vice,458f5cd4-6fa8-457f-959b-b741f9a45412,574378be-7653-4910-ae2a-67dd42e117c0,SMicroCargoUnit,750,0.00075,1,0,,,7e672aee-b473-4989-a497-c31ec1faffa0,libs/foundry/records/entities/commodities/vice/mala.xml
maze,items_commodities_maze,items_commodities_maze_desc,items_commodities_maze,items_commodities_maze_desc,items_commodities_type_vice,458f5cd4-6fa8-457f-959b-b741f9a45412,2ac7e069-37fc-4b27-8d0e-142ac7a8e0c1,SCentiCargoUnit,1,0.01,1,0,,,20155793-a24c-48fc-a986-26b442145858,libs/foundry/records/entities/commodities/vice/maze.xml
neon,items_commodities_neon,items_commodities_neon_desc,items_commodities_neon,items_commodities_neon_desc,items_commodities_type_vice,458f5cd4-6fa8-457f-959b-b741f9a45412,e87504dd-a10e-4d66-ac69-92f5646e0548,SCentiCargoUnit,1,0.01,1,0,,,c106984b-73fe-4e6b-aa72-65c14443e171,libs/foundry/records/entities/commodities/vice/neon.xml
slam_1,items_commodities_slam,items_commodities_slam_desc,items_commodities_slam,items_commodities_slam_desc,items_commodities_type_vice,458f5cd4-6fa8-457f-959b-b741f9a45412,d962e1d2-1518-42dd-88a9-1470fef1f041,SCentiCargoUnit,1,0.01,1,0,,,c76f87fa-4d7d-41a6-adea-ad00b9707b6f,libs/foundry/records/entities/commodities/vice/slam_1.xml
slam_uncut,items_commodities_uncutslam,items_commodities_uncutslam_desc,items_commodities_slam,items_commodities_slam_desc,items_commodities_type_vice,458f5cd4-6fa8-457f-959b-b741f9a45412,406da67c-b32e-482b-9c78-6a567f0beaab,SCentiCargoUnit,1,0.01,1,0,,,ade7d1f1-bcc6-4335-aca2-a685a5ab9bf7,libs/foundry/records/entities/commodities/vice/slam_uncut.xml
slam,items_commodities_slam,items_commodities_slam_desc,items_commodities_slam,items_commodities_slam_desc,items_commodities_type_vice,458f5cd4-6fa8-457f-959b-b741f9a45412,f67221b6-b897-4939-bc8d-d4556a05a8d6,SCentiCargoUnit,1,0.01,1,0,,,77fc71bd-e2c2-42d2-8924-b5fae46caf58,libs/foundry/records/entities/commodities/vice/slam.xml
stims,items_commodities_stims,LOC_EMPTY,items_commodities_stims,LOC_UNINITIALIZED,items_commodities_type_vice,458f5cd4-6fa8-457f-959b-b741f9a45412,460e6f2f-2a8e-4713-9b02-1388e0dfdaaa,SCentiCargoUnit,1,0.01,1,0,,,31855cfd-a9b5-42f6-b7d8-11739205bd7c,libs/foundry/records/entities/commodities/vice/stims.xml
thrust,items_commodities_thrust,items_commodities_thrust_desc,items_commodities_thrust,items_commodities_thrust,items_commodities_type_vice,458f5cd4-6fa8-457f-959b-b741f9a45412,0fc62032-04af-4423-9f55-1a98510181be,SMicroCargoUnit,750,0.00075,1,0,,,385e46f7-9768-45af-aa9f-4049c2021386,libs/foundry/records/entities/commodities/vice/thrust.xml
widow,items_commodities_widow,LOC_EMPTY,items_commodities_widow,LOC_UNINITIALIZED,items_commodities_type_vice,458f5cd4-6fa8-457f-959b-b741f9a45412,63528e85-894f-49a2-bab6-9980c18c835d,SCentiCargoUnit,1,0.01,1,0,,,f73f3601-8edd-4b3b-a5f3-f3bb67f24771,libs/foundry/records/entities/commodities/vice/widow.xml
zip,items_commodities_zip,items_commodities_zip_desc,items_commodities_zip,items_commodities_zip,items_commodities_type_vice,458f5cd4-6fa8-457f-959b-b741f9a45412,569687f7-d857-4625-871b-577e9caec44c,SMicroCargoUnit,750,0.00075,1,0,,,7c2acbc5-ca35-4dc0-b6c3-be61afa9b060,libs/foundry/records/entities/commodities/vice/zip.xml
waste,items_commodities_waste,LOC_EMPTY,items_commodities_waste,LOC_UNINITIALIZED,items_commodities_type_waste,cc26937a-653e-4a8d-a3f4-f728a01291a6,71b58f36-f56e-4c28-bfcf-3efe02d91f39,SCentiCargoUnit,1,0.01,1,0,,,eff51505-e247-4516-8988-51a996b58fc6,libs/foundry/records/entities/commodities/waste/waste.xml
