Entity Class,Name Key,Short Name Key,Description Key,Manufacturer,Size,Grade,Class,Health,Damage Alpha,Rate of Fire,Projectile Speed,Ammo Range,Ammo Quantity,Heat Per Shot
amrs_aagun_cc_s3,item_NameAMRS_ScatterGun_S3,,item_DescAMRS_ScatterGun_S3,,3,1,Gun,1550,,,,,,
amrs_lasercannon_s1,item_NameAMRS_LaserCannon_S1,item_NameAMRS_LaserCannon_S1_short,item_DescAMRS_LaserCannon_S1,,1,1,Gun,550,,,,,,
amrs_lasercannon_s2,item_NameAMRS_LaserCannon_S2,item_NameAMRS_LaserCannon_S2_short,item_DescAMRS_LaserCannon_S2,,2,1,Gun,850,,,,,,
amrs_lasercannon_s3,item_NameAMRS_LaserCannon_S3,item_NameAMRS_LaserCannon_S3_short,item_DescAMRS_LaserCannon_S3,,3,1,Gun,1024,,,,,,
amrs_lasercannon_s4,item_NameAMRS_LaserCannon_S4,item_NameAMRS_LaserCannon_S4_short,item_DescAMRS_LaserCannon_S4,,4,1,Gun,1650,,,,,,
amrs_lasercannon_s5,item_NameAMRS_LaserCannon_S5,item_NameAMRS_LaserCannon_S5_short,item_DescAMRS_LaserCannon_S5,,5,1,Gun,2500,,,,,,
amrs_lasercannon_s6,item_NameAMRS_LaserCannon_S6,item_NameAMRS_LaserCannon_S6_short,item_DescAMRS_LaserCannon_S6,,6,1,Gun,4224,,,,,,
amrs_scattergun_s3,item_NameAMRS_ScatterGun_S3,item_NameAMRS_ScatterGun_S3_short,item_DescAMRS_ScatterGun_S3,,3,1,Gun,1550,,,,,,
anvl_ballisticgatling_bespoke,item_NameAPAR_BallisticGatling_S4,item_NameAPAR_BallisticGatling_S4_short,item_DescAPAR_BallisticGatling_S4,,3,1,Gun,1650,,,,,,
apar_ballisticgatling_s4,item_NameAPAR_BallisticGatling_S4,item_NameAPAR_BallisticGatling_S4_short,item_DescAPAR_BallisticGatling_S4,,4,1,Gun,1650,,,,,,
apar_ballisticgatling_s4_lowpoly,item_NameAPAR_BallisticGatling_S4,item_NameAPAR_BallisticGatling_S4_short,item_DescAPAR_BallisticGatling_S4,,4,1,Gun,1650,,,,,,
apar_ballisticgatling_s6,item_NameAPAR_BallisticGatling_S6,item_NameAPAR_BallisticGatling_S6_short,item_DescAPAR_BallisticGatling_S6,,6,1,Gun,4224,,,,,,
apar_ballisticscattergun_s1,item_NameAPAR_BallisticScatterGun_S1,item_NameAPAR_BallisticScatterGun_S1_short,item_DescAPAR_BallisticScatterGun_S1,,1,1,Gun,1550,,,,,,
apar_ballisticscattergun_s1_shark,item_NameAPAR_BallisticScatterGun_S1_Shark,item_NameAPAR_BallisticScatterGun_S1_Shark_short,item_DescAPAR_BallisticScatterGun_S1,,1,1,Gun,1550,,,,,,
apar_ballisticscattergun_s2,item_NameAPAR_BallisticScatterGun_S2,item_NameAPAR_BallisticScatterGun_S2_short,item_DescAPAR_BallisticScatterGun_S2,,2,1,Gun,1550,,,,,,
apar_ballisticscattergun_s2_shark,item_NameAPAR_BallisticScatterGun_S2_Shark,item_NameAPAR_BallisticScatterGun_S2_Shark_short,item_DescAPAR_BallisticScatterGun_S2,,2,1,Gun,1550,,,,,,
apar_ballisticscattergun_s3,item_NameAPAR_BallisticScatterGun_S3,item_NameAPAR_BallisticScatterGun_S3_short,item_DescAPAR_BallisticScatterGun_S3,,3,1,Gun,1550,,,,,,
apar_ballisticscattergun_s3_shark,item_NameAPAR_BallisticScatterGun_S3_Shark,item_NameAPAR_BallisticScatterGun_S3_Shark_short,item_DescAPAR_BallisticScatterGun_S3,,3,1,Gun,1550,,,,,,
apar_ballisticscattergun_s6,LOC_PLACEHOLDER,,LOC_PLACEHOLDER,,1,1,Gun,1550,,,,,,
apar_massdriver_s2,item_NameAPAR_MassDriver_S2,item_NameAPAR_MassDriver_S2_short,item_DescAPAR_MassDriver_S2,,2,1,Gun,1050,,,,,,
argo_atls_tractorbeam_s1,item_NameARGO_TractorBeam_S1_Cargo,item_NameARGO_TractorBeam_S1_Cargo,item_DescARGO_TractorBeam_S1_Cargo,,1,1,UNDEFINED,1050,,,,,,
argo_towingbeam_s3,item_NameGRIN_TractorBeam_004_S3,item_NameGRIN_TractorBeam_004_S3,item_DescGRIN_TractorBeam_004_S3,,3,1,UNDEFINED,1050,,,,,,
asad_distortionrepeater_s1,item_NameASAD_DistortionRepeater_S1,item_NameASAD_DistortionRepeater_S1_short,item_DescASAD_DistortionRepeater_S1,,1,1,Gun,525,,,,,,
asad_distortionrepeater_s2,item_NameASAD_DistortionRepeater_S2,item_NameASAD_DistortionRepeater_S2_short,item_DescASAD_DistortionRepeater_S2,,2,1,Gun,850,,,,,,
asad_distortionrepeater_s3,item_NameASAD_DistortionRepeater_S3,item_NameASAD_DistortionRepeater_S3_short,item_DescASAD_DistortionRepeater_S3,,3,1,Gun,1024,,,,,,
banu_energyrepeater_s2,item_NameKLWE_LaserRepeater_S2,item_NameKLWE_LaserRepeater_S2_short,item_DescKLWE_LaserRepeater_S2,,2,1,Gun,850,,,,,,
banu_tachyoncannon_s1,item_NameBANU_TachyonCannon_S1,item_NameBANU_TachyonCannon_S1_short,item_DescBANU_TachyonCannon_S1,,1,1,Gun,550,,,,,,
banu_tachyoncannon_s2,item_NameBANU_TachyonCannon_S2,item_NameBANU_TachyonCannon_S2_short,item_DescBANU_TachyonCannon_S2,,2,1,Gun,850,,,,,,
banu_tachyoncannon_s3,item_NameBANU_TachyonCannon_S3,item_NameBANU_TachyonCannon_S3_short,item_DescBANU_TachyonCannon_S3,,3,1,Gun,1024,,,,,,
behr_ballisticcannon_s4,item_NameBEHR_BallisticCannon_S4,item_NameBEHR_BallisticCannon_S4_short,item_DescBEHR_BallisticCannon_S4,,4,1,Gun,1650,,,,,,
behr_ballisticcannon_s7_idris,item_NameHRST_BallisticCannon_S7,item_NameHRST_BallisticCannon_S7_short,item_DescHRST_BallisticCannon_S7,,7,1,Gun,6750,,,,,,
behr_ballisticcannon_vng_s2,item_NameBEHR_BallisticCannon_VNG_S2,item_NameBEHR_BallisticCannon_VNG_S2_short,item_DescBEHR_BallisticCannon_VNG_S2,,2,1,Gun,550,,,,,,
behr_ballisticgatling_hornet_bespoke,item_NameBEHR_BallisticGatling_Hornet_Bespoke,item_NameBEHR_BallisticGatling_Hornet_Bespoke,item_DescBEHR_BallisticGatling_Hornet_Bespoke,,4,1,Gun,1500,,,,,,
behr_ballisticgatling_pdc_s1,item_NameBEHR_BallisticGatling_PDC_S1,item_NameBEHR_BallisticGatling_PDC_S1_short,item_DescBEHR_BallisticGatling_PDC_S1,,1,1,Gun,850,,,,,,
behr_ballisticgatling_s4,item_NameBEHR_BallisticGatling_S4,item_NameBEHR_BallisticGatling_S4_short,item_DescBEHR_BallisticGatling_S4,,4,1,Gun,1650,,,,,,
behr_ballisticgatling_s5,item_NameBEHR_BallisticGatling_S5,item_NameBEHR_BallisticGatling_S5_short,item_DescBEHR_BallisticGatling_S5,,5,1,Gun,1650,,,,,,
behr_ballisticgatling_s6,item_NameBEHR_BallisticGatling_S6,item_NameBEHR_BallisticGatling_S6_short,item_DescBEHR_BallisticGatling_S6,,6,1,Gun,1650,,,,,,
behr_ballisticgatling_s7,item_NameBEHR_BallisticGatling_SF7B_S7,item_NameBEHR_BallisticGatling_SF7B_S7_short,item_DescBEHR_BallisticGatling_SF7B_S7,,7,1,Gun,6750,,,,,,
behr_ballisticgatling_s7_collector,item_NameBEHR_BallisticGatling_SF7B_S7,item_NameBEHR_BallisticGatling_SF7B_S7_short,item_DescBEHR_BallisticGatling_SF7B_S7,,7,1,Gun,6750,,,,,,
behr_ballisticrepeater_s1,item_NameBEHR_BallisticRepeater_S1,item_NameBEHR_BallisticRepeater_S1_short,item_DescBEHR_BallisticRepeater_S1,,1,1,Gun,525,,,,,,
behr_ballisticrepeater_s2,item_NameBEHR_BallisticRepeater_S2,item_NameBEHR_BallisticRepeater_S2_short,item_DescBEHR_BallisticRepeater_S2,,2,1,Gun,850,,,,,,
behr_ballisticrepeater_s3,item_NameBEHR_BallisticRepeater_S3,item_NameBEHR_BallisticRepeater_S3_short,item_DescBEHR_BallisticRepeater_S3,,3,1,Gun,1024,,,,,,
behr_ballisticrepeater_vng_s2,item_NameBEHR_BallisticRepeater_VNG_S2,item_NameBEHR_BallisticRepeater_VNG_S2_short,item_DescBEHR_BallisticRepeater_VNG_S2,,2,1,Gun,850,,,,,,
behr_distortioncannon_vng_s2,item_NameBEHR_DistortionCannon_VNG_S2,item_NameBEHR_DistortionCannon_VNG_S2_short,item_DescBEHR_DistortionCannon_VNG_S2,,2,1,Gun,550,,,,,,
behr_distortionrepeater_vng_s2,item_NameBEHR_DistortionRepeater_VNG_S2,item_NameBEHR_DistortionRepeater_VNG_S2_short,item_DescBEHR_DistortionRepeater_VNG_S2,,2,1,Gun,850,,,,,,
behr_javelinballisticcannon_s7,item_NameBEHR_LaserCannon_S7,item_NameBEHR_LaserCannon_S7_short,item_DescBEHR_LaserCannon_S7,,7,1,Gun,6750,,,,,,
behr_javelinballisticcannon_s7_dummy,item_NameBEHR_LaserCannon_S7,item_NameBEHR_LaserCannon_S7_short,item_DescBEHR_LaserCannon_S7,,7,1,Gun,6750,,,,,,
behr_javelinballisticcannon_s7_lowpoly,item_NameBEHR_LaserCannon_S7,item_NameBEHR_LaserCannon_S7_short,item_DescBEHR_LaserCannon_S7,,7,1,Gun,6750,,,,,,
behr_lasercannon_s1,item_NameBEHR_LaserCannon_S1,item_NameBEHR_LaserCannon_S1_short,item_DescBEHR_LaserCannon_S1,,1,1,Gun,550,,,,,,
behr_lasercannon_s1_cleanair,item_NameBEHR_LaserCannon_S1_CleanAir,item_NameBEHR_LaserCannon_S1_CleanAir_short,item_DescBEHR_LaserCannon_S1_CleanAir,,1,1,Gun,550,,,,,,
behr_lasercannon_s2,item_NameBEHR_LaserCannon_S2,item_NameBEHR_LaserCannon_S2_short,item_DescBEHR_LaserCannon_S2,,2,1,Gun,850,,,,,,
behr_lasercannon_s2_cleanair,item_NameBEHR_LaserCannon_S2_CleanAir,item_NameBEHR_LaserCannon_S2_CleanAir_short,item_DescBEHR_LaserCannon_S2_CleanAir,,2,1,Gun,850,,,,,,
behr_lasercannon_s3,item_NameBEHR_LaserCannon_S3,item_NameBEHR_LaserCannon_S3_short,item_DescBEHR_LaserCannon_S3,,3,1,Gun,1024,,,,,,
behr_lasercannon_s3_cleanair,item_NameBEHR_LaserCannon_S3_CleanAir,item_NameBEHR_LaserCannon_S3_CleanAir_short,item_DescBEHR_LaserCannon_S3_CleanAir,,3,1,Gun,1024,,,,,,
behr_lasercannon_s4,item_NameBEHR_LaserCannon_S4,item_NameBEHR_LaserCannon_S4_short,Item_DescBEHR_LaserCannon_S4,,4,1,Gun,2000,,,,,,
behr_lasercannon_s5,item_NameBEHR_LaserCannon_S5,item_NameBEHR_LaserCannon_S5_short,item_DescBEHR_LaserCannon_S5,,5,1,Gun,2500,,,,,,
behr_lasercannon_s6,item_NameBEHR_LaserCannon_S6,item_NameBEHR_LaserCannon_S6_short,item_DescBEHR_LaserCannon_S6,,6,1,Gun,4224,,,,,,
behr_lasercannon_s6_securitynetwork,item_NameBEHR_LaserCannon_S6,item_NameBEHR_LaserCannon_S6_short,item_DescBEHR_LaserCannon_S6,,6,1,Gun,4224,,,,,,
behr_lasercannon_s6_turret,item_NameBEHR_LaserCannon_S6,item_NameBEHR_LaserCannon_S6_short,item_DescBEHR_LaserCannon_S6,,6,1,Gun,4224,,,,,,
behr_lasercannon_s7,item_NameBEHR_LaserCannon_S7,item_NameBEHR_LaserCannon_S7_short,item_DescBEHR_LaserCannon_S7,,7,1,Gun,6750,,,,,,
behr_lasercannon_s7_idris_m,item_NameBEHR_LaserCannon_S7,item_NameBEHR_LaserCannon_S7_short,item_DescBEHR_LaserCannon_S7,,7,1,Gun,100000,,,,,,
behr_lasercannon_s7_idris_m_dummy,item_NameBEHR_LaserCannon_S7,item_NameBEHR_LaserCannon_S7_short,item_DescBEHR_LaserCannon_S7,,7,1,Gun,100000,,,,,,
behr_lasercannon_s7_lowpoly,item_NameBEHR_LaserCannon_S7,item_NameBEHR_LaserCannon_S7_short,item_DescBEHR_LaserCannon_S7,,7,1,Gun,6750,,,,,,
behr_lasercannon_s7_turret,item_NameBEHR_LaserCannon_S7,item_NameBEHR_LaserCannon_S7_short,item_DescBEHR_LaserCannon_S7,,7,1,Gun,6750,,,,,,
behr_lasercannon_s8,item_NameBEHR_LaserCannon_S7,,item_DescBEHR_LaserCannon_S7,,8,1,Gun,10810,,,,,,
behr_lasercannon_s9,item_NameBEHR_LaserCannon_S7,,item_DescBEHR_LaserCannon_S7,,9,1,Gun,17300,,,,,,
behr_lasercannon_s9_lowpoly,item_NameBEHR_LaserCannon_S7,,item_DescBEHR_LaserCannon_S7,,9,1,Gun,17300,,,,,,
behr_lasercannon_sf7e_s7,item_NameBEHR_LaserCannon_SF7E_S7,item_NameBEHR_LaserCannon_SF7E_S7_short,item_DescBEHR_LaserCannon_SF7E_S7,,7,1,Gun,6750,,,,,,
behr_lasercannon_sf7e_s7_collector,item_NameBEHR_LaserCannon_SF7E_S7,item_NameBEHR_LaserCannon_SF7E_S7_short,item_DescBEHR_LaserCannon_SF7E_S7,,7,1,Gun,6750,,,,,,
behr_lasercannon_vng_s2,item_NameBEHR_LaserCannon_VNG_S2,item_NameBEHR_LaserCannon_VNG_S2_short,item_DescBEHR_LaserCannon_VNG_S2,,2,1,Gun,850,,,,,,
behr_laserrepeater_pdc_s1,item_NameBEHR_LaserRepeater_PDC_S1,,item_DescBEHR_LaserRepeater_PDC_S1,,1,1,Gun,800,,,,,,
behr_laserrepeater_s10,item_NameBEHR_LaserRepeater_VNG_S2,,item_DescBEHR_LaserRepeater_VNG_S2,,10,1,Gun,20000,,,,,,
behr_laserrepeater_s10_securitynetwork,item_NameBEHR_LaserRepeater_VNG_S2,,item_DescBEHR_LaserRepeater_VNG_S2,,10,1,Gun,20000,,,,,,
behr_laserrepeater_s10_securitynetwork_weak,item_NameBEHR_LaserRepeater_VNG_S2,,item_DescBEHR_LaserRepeater_VNG_S2,,10,1,Gun,20000,,,,,,
behr_laserrepeater_vng_s2,item_NameBEHR_LaserRepeater_VNG_S2,item_NameBEHR_LaserRepeater_VNG_S2_short,item_DescBEHR_LaserRepeater_VNG_S2,,2,1,Gun,850,,,,,,
behr_massdriver_s12,item_NameBEHR_LaserCannon_S7,,item_DescBEHR_LaserCannon_S7,,12,1,Gun,708660,,,,,,
behr_nova_ballisticgatling_s5,item_NameBEHR_BallisticGatling_NOVA_S5,item_NameBEHR_BallisticGatling_NOVA_S5_short,item_DescBEHR_BallisticGatling_NOVA_S5,,5,1,Gun,4224,,,,,,
bengal_ballisticcannon_s7,item_NameGATS_BallisticCannon_S3,,item_DescGATS_BallisticCannon_S3,,7,1,Gun,10240,,,,,,
bengal_ballisticcannon_s8,item_NameGATS_BallisticCannon_S3,,item_DescGATS_BallisticCannon_S3,,8,1,Gun,10240,,,,,,
bengal_ballisticgatling_s6,item_NameAPAR_BallisticGatling_S4,,item_DescAPAR_BallisticGatling_S4,,6,1,Gun,16500,,,,,,
bengal_turret_ballisticcannon_s8,item_NameHRST_Nova_BallisticCannon_S5,item_NameHRST_Nova_BallisticCannon_S5_short,item_DescHRST_Nova_BallisticCannon_S5,,5,1,Gun,20000,,,,,,
brra_lasercannon_ap_automatedturret,LOC_PLACEHOLDER,,LOC_PLACEHOLDER,,1,1,Gun,100,,,,,,
aegs_emp_device_s4,item_NameAEGS_EMP_Device,item_NameAEGS_EMP_Device,item_DescAEGS_EMP_Device,,4,1,UNDEFINED,150,,,,,,
aegs_emp_sentinel_s4,item_NameAEGS_EMP_Sentinel_S4,item_NameAEGS_EMP_Sentinel_S4_short,item_DescAEGS_EMP_Sentinel_S4,,4,1,UNDEFINED,150,,,,,,
anvl_hawk_emp_device_s2,item_NameMXOX_EMP_Device,item_NameMXOX_EMP_Device,item_DescMXOX_EMP_Device,,2,1,UNDEFINED,150,,,,,,
mxox_emp_device_s2,item_NameMXOX_EMP_Device,item_NameMXOX_EMP_Device,item_DescMXOX_EMP_Device,,2,1,UNDEFINED,150,,,,,,
rsi_mantis_emp_device,item_NameMXOX_EMP_Device,,item_DescMXOX_EMP_Device,,2,1,UNDEFINED,150,,,,,,
rsi_scorpius_emp_device,item_NameRSI_EMP_Magstrand_S4,item_NameRSI_EMP_Magstrand_S4,item_DescRSI_EMP_Magstrand_S4,,4,1,UNDEFINED,150,,,,,,
tmbl_emp_device_s1,item_NameMXOX_EMP_Device,item_NameMXOX_EMP_Device,item_DescMXOX_EMP_Device,,1,1,UNDEFINED,150,,,,,,
espr_ballisticcannon_s1,item_NameESPR_BallisticCannon_S1,item_NameESPR_BallisticCannon_S1_short,item_DescESPR_BallisticCannon_S1,,1,1,Gun,550,,,,,,
espr_ballisticcannon_s2,item_NameESPR_BallisticCannon_S2,item_NameESPR_BallisticCannon_S2_short,item_DescESPR_BallisticCannon_S2,,2,1,Gun,550,,,,,,
espr_ballisticcannon_s3,item_NameESPR_BallisticCannon_S3,item_NameESPR_BallisticCannon_S3_short,item_DescESPR_BallisticCannon_S3,,3,1,Gun,550,,,,,,
espr_ballisticcannon_s4,item_NameESPR_BallisticCannon_S4,item_NameESPR_BallisticCannon_S4_short,item_DescESPR_BallisticCannon_S4,,4,1,Gun,550,,,,,,
espr_ballisticcannon_s5,item_NameESPR_BallisticCannon_S5,item_NameESPR_BallisticCannon_S5_short,item_DescESPR_BallisticCannon_S5,,5,1,Gun,550,,,,,,
espr_ballisticcannon_s6,item_NameESPR_BallisticCannon_S6,item_NameESPR_BallisticCannon_S6_short,item_DescESPR_BallisticCannon_S6,,6,1,Gun,550,,,,,,
espr_lasercannon_s1,item_NameESPR_LaserCannon_S1,item_NameESPR_LaserCannon_S1_short,item_DescESPR_LaserCannon_S1,,1,1,Gun,550,,,,,,
espr_lasercannon_s2,item_NameESPR_LaserCannon_S2,item_NameESPR_LaserCannon_S2_short,item_DescESPR_LaserCannon_S2,,2,1,Gun,550,,,,,,
espr_lasercannon_s3,item_NameESPR_LaserCannon_S3,item_NameESPR_LaserCannon_S3_short,item_DescESPR_LaserCannon_S3,,3,1,Gun,550,,,,,,
espr_lasercannon_s4,item_NameESPR_LaserCannon_S4,item_NameESPR_LaserCannon_S4_short,item_DescESPR_LaserCannon_S4,,4,1,Gun,550,,,,,,
espr_lasercannon_s5,item_NameESPR_LaserCannon_S5,item_NameESPR_LaserCannon_S5_short,item_DescESPR_LaserCannon_S5,,5,1,Gun,550,,,,,,
espr_lasercannon_s6,item_NameESPR_LaserCannon_S6,item_NameESPR_LaserCannon_S6_short,item_DescESPR_LaserCannon_S6,,6,1,Gun,550,,,,,,
gats_ballisticcannon_s1,item_NameGATS_BallisticCannon_S1,item_NameGATS_BallisticCannon_S1_short,item_DescGATS_BallisticCannon_S1,,1,1,Gun,550,,,,,,
gats_ballisticcannon_s2,item_NameGATS_BallisticCannon_S2,item_NameGATS_BallisticCannon_S2_short,item_DescGATS_BallisticCannon_S2,,2,1,Gun,850,,,,,,
gats_ballisticcannon_s3,item_NameGATS_BallisticCannon_S3,item_NameGATS_BallisticCannon_S3_short,item_DescGATS_BallisticCannon_S3,,3,1,Gun,1024,,,,,,
gats_ballisticgatling_s1,item_NameGATS_BallisticGatling_S1,item_NameGATS_BallisticGatling_S1_short,item_DescGATS_BallisticGatling_S1,,1,1,Gun,550,,,,,,
gats_ballisticgatling_s2,item_NameGATS_BallisticGatling_S2,item_NameGATS_BallisticGatling_S2_short,item_DescGATS_BallisticGatling_S2,,2,1,Gun,850,,,,,,
gats_ballisticgatling_s3,item_NameGATS_BallisticGatling_S3,item_NameGATS_BallisticGatling_S3_short,item_DescGATS_BallisticGatling_S3,,3,1,Gun,1500,,,,,,
glsn_ballisticgatling_s4,item_NameGLSN_BallisticGatling_S4,item_NameGLSN_BallisticGatling_S4_short,item_DescGLSN_BallisticGatling_S4,,4,1,Gun,1800,,,,,,
glsn_laserrepeater_s3,item_NameGLSN_LaserRepeater_S3,item_NameGLSN_LaserRepeater_S3_short,item_DescGLSN_LaserRepeater_S3,,3,1,Gun,1200,,,,,,
grin_tractorbeam_s1,item_NameGRIN_TractorBeam_002_S1,item_NameGRIN_TractorBeam_002_S1,item_DescGRIN_TractorBeam_002_shared,,1,1,UNDEFINED,1050,,,,,,
grin_tractorbeam_s2,item_NameGRIN_TractorBeam_002_S2,item_NameGRIN_TractorBeam_002_S2,item_DescGRIN_TractorBeam_002_shared,,2,1,UNDEFINED,1050,,,,,,
grin_tractorbeam_s3,item_NameGRIN_TractorBeam_002_S3,item_NameGRIN_TractorBeam_002_S3,item_DescGRIN_TractorBeam_002_shared,,3,1,UNDEFINED,1050,,,,,,
hrst_laserbeam_bespoke,item_NameHRST_LaserBeam_S10_Bespoke,,item_DescHRST_LaserBeam_S10_Bespoke,,10,1,Gun,750000,,,,,,
hrst_laserrepeater_s1,item_NameHRST_LaserRepeater_S1,item_NameHRST_LaserRepeater_S1_short,item_DescHRST_LaserRepeater_S1,,1,1,Gun,524,,,,,,
hrst_laserrepeater_s2,item_NameHRST_LaserRepeater_S2,item_NameHRST_LaserRepeater_S2_short,item_DescHRST_LaserRepeater_S2,,2,1,Gun,850,,,,,,
hrst_laserrepeater_s3,item_NameHRST_LaserRepeater_S3,item_NameHRST_LaserRepeater_S3_short,item_DescHRST_LaserRepeater_S3,,3,1,Gun,1024,,,,,,
hrst_laserrepeater_s4,item_NameHRST_LaserRepeater_S4,item_NameHRST_LaserRepeater_S4_short,item_DescHRST_LaserRepeater_S4,,4,1,Gun,1650,,,,,,
hrst_laserrepeater_s4_turret,item_NameHRST_LaserRepeater_S4,item_NameHRST_LaserRepeater_S4_short,item_DescHRST_LaserRepeater_S4,,4,1,Gun,1650,,,,,,
hrst_laserrepeater_s5,item_NameHRST_LaserRepeater_S5,item_NameHRST_LaserRepeater_S5_short,item_DescHRST_LaserRepeater_S5,,5,1,Gun,2640,,,,,,
hrst_laserrepeater_s6,item_NameHRST_LaserRepeater_S6,item_NameHRST_LaserRepeater_S6_short,item_DescHRST_LaserRepeater_S6,,6,1,Gun,4224,,,,,,
hrst_laserscattergun_s1,item_NameHRST_LaserScattergun_S1,item_NameHRST_LaserScattergun_S1_short,item_DescHRST_LaserScattergun_S1,,1,1,Gun,1550,,,,,,
hrst_laserscattergun_s2,item_NameHRST_LaserScattergun_S2,item_NameHRST_LaserScattergun_S2_short,item_DescHRST_LaserScattergun_S2,,2,1,Gun,1550,,,,,,
hrst_laserscattergun_s3,item_NameHRST_LaserScattergun_S3,item_NameHRST_LaserScattergun_S3_short,item_DescHRST_LaserScattergun_S3,,3,1,Gun,1550,,,,,,
hrst_nova_ballisticcannon_s5,item_NameHRST_Nova_BallisticCannon_S5,item_NameHRST_Nova_BallisticCannon_S5_short,item_DescHRST_Nova_BallisticCannon_S5,,5,1,Gun,20000,,,,,,
hrst_storm_laserrepeater_s3,item_NameHRST_Storm_LaserRepeater_S3,item_NameHRST_Storm_LaserRepeater_S3_short,item_DescHRST_Storm_LaserRepeater_S3,,3,1,Gun,1024,,,,,,
jokr_distortioncannon_s1,item_NameJOKR_DistortionCannon_S1,item_NameJOKR_DistortionCannon_S1_short,item_DescJOKR_DistortionCannon_S1,,1,1,Gun,550,,,,,,
jokr_distortioncannon_s2,item_NameJOKR_DistortionCannon_S2,item_NameJOKR_DistortionCannon_S2_short,item_DescJOKR_DistortionCannon_S2,,2,1,Gun,850,,,,,,
jokr_distortioncannon_s3,item_NameJOKR_DistortionCannon_S3,item_NameJOKR_DistortionCannon_S3_short,item_DescJOKR_DistortionCannon_S3,,3,1,Gun,1024,,,,,,
kbar_ballisticcannon_s1,item_NameKBAR_BallisticCannon_S1,item_NameKBAR_BallisticCannon_S1_short,item_DescKBAR_BallisticCannon_S1,,1,1,Gun,850,,,,,,
kbar_ballisticcannon_s2,item_NameKBAR_BallisticCannon_S2,item_NameKBAR_BallisticCannon_S2_short,item_DescKBAR_BallisticCannon_S2,,2,1,Gun,850,,,,,,
kbar_ballisticcannon_s3,item_NameKBAR_BallisticCannon_S3,item_NameKBAR_BallisticCannon_S3_short,item_DescKBAR_BallisticCannon_S3,,3,1,Gun,2850,,,,,,
klwe_laserrepeater_pdc_s2,item_NameKLWE_LaserRepeater_S2,item_NameKLWE_LaserRepeater_S2_short,item_DescKLWE_LaserRepeater_S2,,2,1,Gun,850,,,,,,
klwe_laserrepeater_s1,item_NameKLWE_LaserRepeater_S1,item_NameKLWE_LaserRepeater_S1_short,item_DescKLWE_LaserRepeater_S1,,1,1,Gun,525,,,,,,
klwe_laserrepeater_s1_atls,item_NameKLWE_LaserRepeater_S1,item_NameKLWE_LaserRepeater_S1_short,item_DescKLWE_LaserRepeater_S1,,1,1,Gun,525,,,,,,
klwe_laserrepeater_s2,item_NameKLWE_LaserRepeater_S2,item_NameKLWE_LaserRepeater_S2_short,item_DescKLWE_LaserRepeater_S2,,2,1,Gun,850,,,,,,
klwe_laserrepeater_s3,item_NameKLWE_LaserRepeater_S3,item_NameKLWE_LaserRepeater_S3_short,item_DescKLWE_LaserRepeater_S3,,3,1,Gun,1500,,,,,,
klwe_laserrepeater_s4,item_NameKLWE_LaserRepeater_S4,item_NameKLWE_LaserRepeater_S4_short,item_DescKLWE_LaserRepeater_S4,,4,1,Gun,1650,,,,,,
klwe_laserrepeater_s4_lowpoly,item_NameKLWE_LaserRepeater_S4,item_NameKLWE_LaserRepeater_S4_short,item_DescKLWE_LaserRepeater_S4,,4,1,Gun,1650,,,,,,
klwe_laserrepeater_s5,item_NameKLWE_LaserRepeater_S5,item_NameKLWE_LaserRepeater_S5_short,item_DescKLWE_LaserRepeater_S5,,5,1,Gun,2640,,,,,,
klwe_laserrepeater_s5_idris_m,item_NameKLWE_LaserRepeater_S5,item_NameKLWE_LaserRepeater_S5_short,item_DescKLWE_LaserRepeater_S5,,5,1,Gun,78000,,,,,,
klwe_laserrepeater_s5_lowpoly,item_NameKLWE_LaserRepeater_S5,item_NameKLWE_LaserRepeater_S5_short,item_DescKLWE_LaserRepeater_S5,,5,1,Gun,2640,,,,,,
klwe_laserrepeater_s5_turret,item_NameKLWE_LaserRepeater_S5,item_NameKLWE_LaserRepeater_S5_short,item_DescKLWE_LaserRepeater_S5,,5,1,Gun,,,,,,,
klwe_laserrepeater_s6,item_NameKLWE_LaserRepeater_S6,item_NameKLWE_LaserRepeater_S6_short,item_DescKLWE_LaserRepeater_S6,,6,1,Gun,4224,,,,,,
klwe_laserrepeater_s6_lowpoly,item_NameKLWE_LaserRepeater_S6,item_NameKLWE_LaserRepeater_S6_short,item_DescKLWE_LaserRepeater_S6,,6,1,Gun,4224,,,,,,
klwe_massdriver_s1,item_NameKLWE_MassDriver_S1,item_NameKLWE_MassDriver_S1_short,item_DescKLWE_MassDriver_S1,,1,1,Gun,1050,,,,,,
klwe_massdriver_s10,item_NameKLWE_MassDriver_S10,item_NameKLWE_MassDriver_S10_short,item_DescKLWE_MassDriver_S10,,10,1,Gun,727680,,,,,,
klwe_massdriver_s10_lowpoly,item_NameKLWE_MassDriver_S10,item_NameKLWE_MassDriver_S10_short,item_DescKLWE_MassDriver_S10,,10,1,Gun,727680,,,,,,
klwe_massdriver_s2,item_NameKLWE_MassDriver_S2,item_NameKLWE_MassDriver_S2_short,item_DescKLWE_MassDriver_S2,,2,1,Gun,2050,,,,,,
klwe_massdriver_s3,item_NameKLWE_MassDriver_S3,item_NameKLWE_MassDriver_S3_short,item_DescKLWE_MassDriver_S3,,3,1,Gun,3050,,,,,,
krig_ballisticgatling_bespoke_s4,item_NameKRIG_Wolf_BallisticGatling_S4,item_NameKRIG_Wolf_BallisticGatling_S4_short,item_DescKRIG_Wolf_BallisticGatling_S4,,4,1,Gun,2000,,,,,,
krig_ballisticgatling_s2,item_NameKRIG_BallisticGatling_S2,item_NameKRIG_BallisticGatling_S3_short,item_DescKRIG_BallisticGatling_S2,,2,1,NoseMounted,850,,,,,,
krig_lasercannon_s3,item_NameKRIG_LaserCannon_S3,item_NameKRIG_LaserCannon_S3_short,item_DescKRIG_LaserCannon_S3,,3,1,Gun,2850,,,,,,
krig_laserrepeater_bespoke_s4,item_NameKRIG_Wolf_LaserRepeater_S4,item_NameKRIG_Wolf_LaserRepeater_S4_short,item_DescKRIG_Wolf_LaserRepeater_S4,,4,1,Gun,1650,,,,,,
kron_lasercannon_s1,item_NameKRON_LaserCannon_S1,item_NameKRON_LaserCannon_S1_short,item_DescKRON_LaserCannon_S1,,1,1,Gun,550,,,,,,
kron_lasercannon_s2,item_NameKRON_LaserCannon_S2,item_NameKRON_LaserCannon_S2_short,item_DescKRON_LaserCannon_S2,,2,1,Gun,850,,,,,,
kron_lasercannon_s3,item_NameKRON_LaserCannon_S3,item_NameKRON_LaserCannon_S3_short,item_DescKRON_LaserCannon_S3,,3,1,Gun,1024,,,,,,
mining_laser_drak_golem_s1,item_Mining_MiningLaser_Drake_Default_S0,,item_Mining_MiningLaser_Drake_Default_S0_Desc,,1,1,Gun,8000,,,,,,
mining_laser_grin_arbor_s0,item_Mining_MiningLaser_Greycat_Default_S0,item_shortMining_Head_S00_Arbor_SCItem,item_Mining_MiningLaser_Greycat_Default_S0_Desc,,0,1,Gun,8000,,,,,,
mining_laser_grin_arbor_s1,item_Mining_MiningLaser_Greycat_Default_S1,,item_Mining_MiningLaser_Greycat_Default_S1_Desc,,1,1,Gun,8000,,,,,,
mining_laser_grin_arbor_s1_test_active_1,item_Mining_MiningLaser_Greycat_Default_S1,,item_Mining_MiningLaser_Greycat_Default_S1_Desc,,1,1,Gun,8000,,,,,,
mining_laser_grin_arbor_s2,item_Mining_MiningLaser_Greycat_Default_S2,,item_Mining_MiningLaser_Greycat_Default_S2_Desc,,2,1,Gun,8000,,,,,,
mining_laser_grin_lancet_s1,item_Mining_MiningLaser_Greycat_1_S1,,item_Mining_MiningLaser_Greycat_1_S1_Desc,,1,1,Gun,8000,,,,,,
mining_laser_grin_lancet_s2,item_Mining_MiningLaser_Greycat_1_S2,,item_Mining_MiningLaser_Greycat_1_S2_Desc,,2,1,Gun,8000,,,,,,
mining_laser_mpuv_arm,item_Mining_MiningLaser_Greycat_Default_S1,,item_Mining_MiningLaser_Greycat_Default_S1_Desc,,1,1,Gun,8000,,,,,,
mining_laser_s0_template,item_Mining_MiningLaser_Greycat_Default_S0,,item_Mining_MiningLaser_Greycat_Default_S0_Desc,,0,1,Gun,8000,,,,,,
mining_laser_s1_template,item_Mining_MiningLaser_Greycat_Default_S1,,item_Mining_MiningLaser_Greycat_Default_S1_Desc,,1,1,Gun,8000,,,,,,
mining_laser_shin_hofstede_s0,item_NameMining_Head_S00_Hofstede_SCItem,item_shortMining_Head_S00_Hofstede_SCItem,item_descMining_Head_S00_Hofstede_SCItem,,0,1,Gun,8000,,,,,,
mining_laser_shin_hofstede_s1,item_Mining_MiningLaser_Shubin_1_S1,,item_Mining_MiningLaser_Shubin_1_S1_Desc,,1,1,Gun,8000,,,,,,
mining_laser_shin_hofstede_s2,item_Mining_MiningLaser_Shubin_1_S2,,item_Mining_MiningLaser_Shubin_1_S2_Desc,,2,1,Gun,8000,,,,,,
mining_laser_shin_klein_s0,item_NameMining_Head_S00_Klein_SCItem,item_shortMining_Head_S00_Klein_SCItem,item_descMining_Head_S00_Klein_SCItem,,0,1,Gun,8000,,,,,,
mining_laser_shin_klein_s1,item_Mining_MiningLaser_Shubin_2_S1,,item_Mining_MiningLaser_Shubin_2_S1_Desc,,1,1,Gun,8000,,,,,,
mining_laser_shin_klein_s2,item_Mining_MiningLaser_Shubin_2_S2,,item_Mining_MiningLaser_Shubin_2_S2_Desc,,2,1,Gun,8000,,,,,,
mining_laser_test,item_Mining_MiningLaser_Thermyte_1_S2,,item_Mining_MiningLaser_Thermyte_1_S2_Desc,,2,1,Gun,8000,,,,,,
mining_laser_test_best,item_Mining_MiningLaser_Thermyte_1_S2,,item_Mining_MiningLaser_Thermyte_1_S2_Desc,,2,1,Gun,8000,,,,,,
mining_laser_thcn_helix_s0,item_NameMining_Head_S00_Helix_SCItem,item_shortMining_Head_S00_Helix_SCItem,item_descMining_Head_S00_Helix_SCItem,,0,1,Gun,8000,,,,,,
mining_laser_thcn_helix_s1,item_Mining_MiningLaser_Thermyte_2_S1,,item_Mining_MiningLaser_Thermyte_2_S1_Desc,,1,1,Gun,8000,,,,,,
mining_laser_thcn_helix_s2,item_Mining_MiningLaser_Thermyte_2_S2,,item_Mining_MiningLaser_Thermyte_2_S2_Desc,,2,1,Gun,8000,,,,,,
mining_laser_thcn_impact_s1,item_Mining_MiningLaser_Thermyte_1_S1,,item_Mining_MiningLaser_Thermyte_1_S1_Desc,,1,1,Gun,8000,,,,,,
mining_laser_thcn_impact_s2,item_Mining_MiningLaser_Thermyte_1_S2,,item_Mining_MiningLaser_Thermyte_1_S2_Desc,,2,1,Gun,8000,,,,,,
bomb_s03_fski_thunderball,item_NameBOMB_S03_FSKI_Thunderball,item_NameBOMB_S03_FSKI_Thunderball_short,item_DescBOMB_S03_FSKI_Thunderball,,3,1,Utility,1000,,,,,,
bomb_s05_fski,item_NameBOMB_S05_FSKI_Stormburst,item_NameBOMB_S05_FSKI_Stormburst_short,item_DescBOMB_S05_FSKI_Stormburst,,5,1,Utility,1000,,,,,,
bomb_s10_fski_colossus,item_NameBOMB_S10_FSKI_Colossus,item_NameBOMB_S10_FSKI_Colossus_short,item_DescBOMB_S10_FSKI_Colossus,,10,1,Utility,1000,,,,,,
gmisl_s01_cs_fski_spark,item_NameGMISL_S01_CS_FSKI_Spark,item_NameGMISL_S01_CS_FSKI_Spark_short,item_DescGMISL_S01_CS_FSKI_Spark,,1,1,GroundVehicleMissile,25,,,,,,
gmisl_s01_em_behr_pioneer,item_NameGMISL_S01_EM_BEHR_Pioneer,item_NameGMISL_S01_EM_BEHR_Pioneer_short,item_DescGMISL_S01_EM_BEHR_Pioneer,,1,1,GroundVehicleMissile,25,,,,,,
gmisl_s01_em_thcn_taskforce,item_NameGMISL_S01_EM_THCN_TaskForce,item_NameGMISL_S01_EM_THCN_TaskForce_short,item_DescGMISL_S01_EM_THCN_TaskForce,,1,1,GroundVehicleMissile,25,,,,,,
gmisl_s01_ir_behr_marksman,item_NameGMISL_S01_IR_BEHR_Marksman,item_NameGMISL_S01_IR_BEHR_Marksman_short,item_DescGMISL_S01_IR_BEHR_Marksman,,1,1,GroundVehicleMissile,25,,,,,,
gmisl_s02_cs_fski_tempest,item_NameGMISL_S02_CS_FSKI_Tempest,item_NameGMISL_S02_CS_FSKI_Tempest_short,item_DescGMISL_S02_CS_FSKI_Tempest,,2,1,GroundVehicleMissile,25,,,,,,
gmisl_s02_cs_thcn_strikeforce,item_NameGMISL_S02_CS_THCN_StrikeForce,item_NameGMISL_S02_CS_THCN_StrikeForce_short,item_DescGMISL_S02_CS_THCN_StrikeForce,,2,1,GroundVehicleMissile,25,,,,,,
gmisl_s02_em_taln_dominator,item_NameGMISL_S02_EM_TALN_Dominator,item_NameGMISL_S02_EM_TALN_Dominator_short,item_DescGMISL_S02_EM_TALN_Dominator,,2,1,GroundVehicleMissile,25,,,,,,
gmisl_s02_ir_fski_ignite,item_NameGMISL_S02_IR_FSKI_Ignite,item_NameGMISL_S02_IR_FSKI_Ignite_short,item_DescGMISL_S02_IR_FSKI_Ignite,,2,1,GroundVehicleMissile,25,,,,,,
gmisl_s03_cs_fski_arrester,item_NameGMISL_S09_CS_TALN_Argos,,item_DescGMISL_S09_CS_TALN_Argos,,3,1,GroundVehicleMissile,1000,,,,,,
gmisl_s03_em_fski_thunderbolt,item_NameGMISL_S03_EM_FSKI_Thunderbolt,item_NameGMISL_S03_EM_FSKI_Thunderbolt_short,item_DescGMISL_S03_EM_FSKI_Thunderbolt,,3,1,GroundVehicleMissile,1000,,,,,,
gmisl_s03_ir_novp_viper,item_NameGMISL_S03_IR_NOVP_Viper,item_NameGMISL_S03_IR_NOVP_Viper_short,item_DescGMISL_S03_IR_NOVP_Viper,,3,1,GroundVehicleMissile,25,,,,,,
gmisl_s04_cs_taln_assailant,item_NameGMISL_S04_CS_TALN_Assailant,item_NameGMISL_S04_CS_TALN_Assailant_short,item_DescGMISL_S04_CS_TALN_Assailant,,4,1,GroundVehicleMissile,25,,,,,,
gmisl_s04_ir_behr_pathfinder,item_NameGMISL_S04_IR_BEHR_Pathfinder,item_NameGMISL_S04_IR_BEHR_Pathfinder_short,item_DescGMISL_S04_IR_BEHR_Pathfinder,,4,1,GroundVehicleMissile,25,,,,,,
gmisl_s05_cs_taln_stalker,item_NameGMISL_S05_CS_TALN_Stalker,item_NameGMISL_S05_CS_TALN_Stalker_short,item_DescGMISL_S05_CS_TALN_Stalker,,5,1,GroundVehicleMissile,50,,,,,,
gmisl_s05_em_taln_reaper,item_NameGMISL_S05_EM_TALN_Reaper,item_NameGMISL_S05_EM_TALN_Reaper_short,item_DescGMISL_S05_EM_TALN_Reaper,,5,1,GroundVehicleMissile,50,,,,,,
gmisl_s05_em_taln_scimitar,item_NameGMISL_S05_EM_TALN_Scimitar,item_NameGMISL_S05_EM_TALN_Scimitar_short,item_DescGMISL_S05_EM_TALN_Scimitar,,5,1,GroundVehicleMissile,50,,,,,,
gmisl_s05_ir_taln_valkyrie,item_NameGMISL_S05_IR_TALN_Valkyrie,item_NameGMISL_S05_IR_TALN_Valkyrie_short,item_DescGMISL_S05_IR_TALN_Valkyrie,,5,1,GroundVehicleMissile,50,,,,,,
gmisl_s07_ir_taln_hellion,item_NameGMISL_S07_IR_TALN_Hellion,item_NameGMISL_S07_IR_TALN_Hellion_short,item_DescGMISL_S07_IR_TALN_Hellion,,7,1,GroundVehicleMissile,200,,,,,,
gmisl_s09_cs_taln_argos,item_NameGMISL_S09_CS_TALN_Argos,item_NameGMISL_S09_CS_TALN_Argos_short,item_DescGMISL_S09_CS_TALN_Argos,,9,1,GroundVehicleMissile,667,,,,,,
gmisl_s09_em_taln_seeker,item_NameGMISL_S09_EM_TALN_Seeker,item_NameGMISL_S09_EM_TALN_Seeker_short,item_DescGMISL_S09_EM_TALN_Seeker,,9,1,GroundVehicleMissile,667,,,,,,
gmisl_s09_ir_taln_typhoon,item_NameGMISL_S09_IR_TALN_Typhoon,item_NameGMISL_S09_IR_TALN_Typhoon_short,item_DescGMISL_S09_IR_TALN_Typhoon,,9,1,GroundVehicleMissile,667,,,,,,
mine_test,item_NameMISL_S09_CS_TALN_Argos,,item_DescMISL_S09_CS_TALN_Argos,,3,1,UNDEFINED,,,,,,,
mine_test_placeable,item_NameMISL_S09_CS_TALN_Argos,,item_DescMISL_S09_CS_TALN_Argos,,3,1,UNDEFINED,,,,,,,
misl_s01_cs_fski_spark,item_NameMISL_S01_CS_FSKI_Spark,item_NameMISL_S01_CS_FSKI_Spark_short,item_DescMISL_S01_CS_FSKI_Spark,,1,1,Missile,25,,,,,,
misl_s01_em_behr_pioneer,item_NameMISL_S01_EM_BEHR_Pioneer,item_NameMISL_S01_EM_BEHR_Pioneer_short,item_DescMISL_S01_EM_BEHR_Pioneer,,1,1,Missile,25,,,,,,
misl_s01_em_thcn_taskforce,item_NameMISL_S01_EM_THCN_TaskForce,item_NameMISL_S01_EM_THCN_TaskForce_short,item_DescMISL_S01_EM_THCN_TaskForce,,1,1,Missile,25,,,,,,
misl_s01_ir_behr_marksman,item_NameMISL_S01_IR_BEHR_Marksman,item_NameMISL_S01_IR_BEHR_Marksman_short,item_DescMISL_S01_IR_BEHR_Marksman,,1,1,Missile,25,,,,,,
misl_s01_ir_vncl_arrow,item_NameMISL_S01_IR_VNCL_Arrow,item_NameMISL_S01_IR_VNCL_Arrow_short,item_DescMISL_S01_IR_VNCL_Arrow,,1,1,Missile,25,,,,,,
misl_s02_cs_fski_tempest,item_NameMISL_S02_CS_FSKI_Tempest,item_NameMISL_S02_CS_FSKI_Tempest_short,item_DescMISL_S02_CS_FSKI_Tempest,,2,1,Missile,25,,,,,,
misl_s02_cs_fski_tempest_citcon,item_NameMISL_S02_CS_FSKI_Tempest,item_NameMISL_S02_CS_FSKI_Tempest_short,item_DescMISL_S02_CS_FSKI_Tempest,,2,1,Missile,25,,,,,,
misl_s02_cs_thcn_strikeforce,item_NameMISL_S02_CS_THCN_StrikeForce,item_NameMISL_S02_CS_THCN_StrikeForce_short,item_DescMISL_S02_CS_THCN_StrikeForce,,2,1,Missile,25,,,,,,
misl_s02_em_taln_dominator,item_NameMISL_S02_EM_TALN_Dominator,item_NameMISL_S02_EM_TALN_Dominator_short,item_DescMISL_S02_EM_TALN_Dominator,,2,1,Missile,25,,,,,,
misl_s02_ir_fski_ignite,item_NameMISL_S02_IR_FSKI_Ignite,item_NameMISL_S02_IR_FSKI_Ignite_short,item_DescMISL_S02_IR_FSKI_Ignite,,2,1,Missile,25,,,,,,
misl_s02_ir_novp_rattler,item_NameMISL_S02_IR_NOVP_Rattler,item_NameMISL_S02_IR_NOVP_Rattler_short,item_DescMISL_S02_IR_NOVP_Rattler,,2,1,Missile,25,,,,,,
misl_s02_ir_vncl_bullet,item_NameMISL_S02_IR_VNCL_Bullet,item_NameMISL_S02_IR_VNCL_Bullet_short,item_DescMISL_S02_IR_VNCL_Bullet,,2,1,Missile,25,,,,,,
misl_s03_cs_fski_arrester,item_NameMISL_S03_CS_FSKI_Arrester,item_NameMISL_S03_CS_FSKI_Arrester_short,item_DescMISL_S03_CS_FSKI_Arrester,,3,1,Missile,25,,,,,,
misl_s03_em_fski_thunderbolt,item_NameMISL_S03_EM_FSKI_Thunderbolt,item_NameMISL_S03_EM_FSKI_Thunderbolt_short,item_DescMISL_S03_EM_FSKI_Thunderbolt,,3,1,Missile,25,,,,,,
misl_s03_ir_novp_viper,item_NameMISL_S03_IR_NOVP_Viper,item_NameMISL_S03_IR_NOVP_Viper_short,item_DescMISL_S03_IR_NOVP_Viper,,3,1,Missile,25,,,,,,
misl_s03_ir_vncl_chaos,item_NameMISL_S03_IR_VNCL_Chaos,item_NameMISL_S03_IR_VNCL_Chaos_short,item_DescMISL_S03_IR_VNCL_Chaos,,3,1,Missile,25,,,,,,
misl_s04_cs_taln_assailant,item_NameMISL_S04_CS_TALN_Assailant,item_NameMISL_S04_CS_TALN_Assailant_short,item_DescMISL_S04_CS_TALN_Assailant,,4,1,Missile,25,,,,,,
misl_s04_em_taln_raptor,item_NameMISL_S04_EM_TALN_Raptor,item_NameMISL_S04_EM_TALN_Raptor_short,item_DescMISL_S04_EM_TALN_Raptor,,4,1,Missile,25,,,,,,
misl_s04_ir_behr_pathfinder,item_NameMISL_S04_IR_BEHR_Pathfinder,item_NameMISL_S04_IR_BEHR_Pathfinder_short,item_DescMISL_S04_IR_BEHR_Pathfinder,,4,1,Missile,25,,,,,,
misl_s04_ir_vncl_dragon,item_NameMISL_S04_IR_VNCL_Dragon,item_NameMISL_S04_IR_VNCL_Dragon_short,item_DescMISL_S04_IR_VNCL_Dragon,,4,1,Missile,25,,,,,,
misl_s05_cs_taln_stalker,item_NameMISL_S05_CS_TALN_Stalker,item_NameMISL_S05_CS_TALN_Stalker_short,item_DescMISL_S05_CS_TALN_Stalker,,5,1,Torpedo,50,,,,,,
misl_s05_em_taln_reaper,item_NameMISL_S05_EM_TALN_Reaper,item_NameMISL_S05_EM_TALN_Reaper_short,item_DescMISL_S05_EM_TALN_Reaper,,5,1,Torpedo,50,,,,,,
misl_s05_em_taln_scimitar,item_NameMISL_S05_EM_TALN_Scimitar,item_NameMISL_S05_EM_TALN_Scimitar_short,item_DescMISL_S05_EM_TALN_Scimitar,,5,1,Missile,50,,,,,,
misl_s05_ir_taln_valkyrie,item_NameMISL_S05_IR_TALN_Valkyrie,item_NameMISL_S05_IR_TALN_Valkyrie_short,item_DescMISL_S05_IR_TALN_Valkyrie,,5,1,Torpedo,50,,,,,,
misl_s07_ir_taln_hellion,item_NameMISL_S07_IR_TALN_Hellion,item_NameMISL_S07_IR_TALN_Hellion_short,item_DescMISL_S07_IR_TALN_Hellion,,7,1,Missile,200,,,,,,
misl_s09_cs_taln_argos,item_NameMISL_S09_CS_TALN_Argos,item_NameMISL_S09_CS_TALN_Argos_short,item_DescMISL_S09_CS_TALN_Argos,,9,1,Torpedo,667,,,,,,
misl_s09_cs_taln_argos_2,item_NameMISL_S09_CS_TALN_Argos_2,item_NameMISL_S09_CS_TALN_Argos_2_Short,item_DescMISL_S09_CS_TALN_Argos_2,,9,1,Torpedo,667,,,,,,
misl_s09_em_taln_seeker,item_NameMISL_S09_EM_TALN_Seeker,item_NameMISL_S09_EM_TALN_Seeker_short,item_DescMISL_S09_EM_TALN_Seeker,,9,1,Torpedo,667,,,,,,
misl_s09_ir_taln_typhoon,item_NameMISL_S09_IR_TALN_Typhoon,item_NameMISL_S09_IR_TALN_Typhoon_short,item_DescMISL_S09_IR_TALN_Typhoon,,9,1,Torpedo,667,,,,,,
misl_s10_cs_behr_executor,item_NameMISL_S10_CS_BEHR_Executor,item_NameMISL_S10_CS_BEHR_Executor_Short,item_DescMISL_S10_CS_BEHR_Executor,,10,1,Torpedo,667,,,,,,
misl_s10_cs_taln_vanquisher,item_NameMISL_S10_CS_TALN_Vanquisher,item_NameMISL_S10_CS_TALN_Vanquisher_Short,item_DescMISL_S10_CS_TALN_Vanquisher,,10,1,Torpedo,667,,,,,,
misl_s10_em_behr_executor,item_NameMISL_S10_EM_BEHR_Executor,item_NameMISL_S10_EM_BEHR_Executor_Short,item_DescMISL_S10_EM_BEHR_Executor,,10,1,Torpedo,667,,,,,,
misl_s10_em_taln_vanquisher,item_NameMISL_S10_EM_TALN_Vanquisher,item_NameMISL_S10_EM_TALN_Vanquisher_Short,item_DescMISL_S10_EM_TALN_Vanquisher,,10,1,Torpedo,667,,,,,,
misl_s10_ir_behr_executor,item_NameMISL_S10_IR_BEHR_Executor,item_NameMISL_S10_IR_BEHR_Executor_Short,item_DescMISL_S10_IR_BEHR_Executor,,10,1,Torpedo,667,,,,,,
misl_s10_ir_behr_torpedo,item_NameMISL_S10_IR_BEHR_Torpedo,item_NameMISL_S10_IR_BEHR_Torpedo_Short,item_DescMISL_S10_IR_BEHR_Torpedo,,10,1,Torpedo,667,,,,,,
misl_s10_ir_taln_vanquisher,item_NameMISL_S10_IR_TALN_Vanquisher,item_NameMISL_S10_IR_TALN_Vanquisher_Short,item_DescMISL_S10_IR_TALN_Vanquisher,,10,1,Torpedo,667,,,,,,
misl_s10_ir_vncl_cleaver,vehicle_NameVNCL_Cleaver,,vehicle_NameVNCL_Cleaver,,10,1,Torpedo,667,,,,,,
misl_s12_cs_behr_executor,item_NameMISL_S12_CS_BEHR_Executor,item_NameMISL_S12_CS_BEHR_Executor_Short,item_DescMISL_S12_CS_BEHR_Executor,,12,1,Torpedo,667,,,,,,
misl_s12_cs_taln_calamity,item_NameMISL_S12_CS_TALN_Calamity,item_NameMISL_S12_CS_TALN_Calamity_Short,item_DescMISL_S12_CS_TALN_Calamity,,12,1,Torpedo,667,,,,,,
misl_s12_em_behr_executor,item_NameMISL_S12_EM_BEHR_Executor,item_NameMISL_S12_EM_BEHR_Executor_Short,item_DescMISL_S12_EM_BEHR_Executor,,12,1,Torpedo,667,,,,,,
misl_s12_em_taln_calamity,item_NameMISL_S12_EM_TALN_Calamity,item_NameMISL_S12_EM_TALN_Calamity_Short,item_DescMISL_S12_EM_TALN_Calamity,,12,1,Torpedo,667,,,,,,
misl_s12_ir_behr_executor,item_NameMISL_S12_IR_BEHR_Executor,item_NameMISL_S12_IR_BEHR_Executor_Short,item_DescMISL_S12_IR_BEHR_Executor,,12,1,Torpedo,667,,,,,,
misl_s12_ir_taln_calamity,item_NameMISL_S12_IR_TALN_Calamity,item_NameMISL_S12_IR_TALN_Calamity_Short,item_DescMISL_S12_IR_TALN_Calamity,,12,1,Torpedo,667,,,,,,
novp_rocket_venom_s1_strike_tl_ir,item_NameNOVP_Rocket_Venom_S1_Strike_TL_IR,,item_DescNOVP_Rocket_Venom_S1_Strike_TL_IR,,0,1,Rocket,1000,,,,,,
mxox_neutroncannon_s1,item_NameMXOX_NeutronCannon_S1,item_NameMXOX_NeutronCannon_S1_short,item_DescMXOX_NeutronCannon_S1,,1,1,Gun,550,,,,,,
mxox_neutroncannon_s2,item_NameMXOX_NeutronCannon_S2,item_NameMXOX_NeutronCannon_S2_short,item_DescMXOX_NeutronCannon_S2,,2,1,Gun,850,,,,,,
mxox_neutroncannon_s3,item_NameMXOX_NeutronCannon_S3,item_NameMXOX_NeutronCannon_S3_short,item_DescMXOX_NeutronCannon_S3,,3,1,Gun,850,,,,,,
mxox_neutronrepeater_s1,item_NameMXOX_NeutronRepeater_S1,item_NameMXOX_NeutronRepeater_S1_short,item_DescMXOX_NeutronRepeater_S1,,1,1,Gun,525,,,,,,
mxox_neutronrepeater_s2,item_NameMXOX_NeutronRepeater_S2,item_NameMXOX_NeutronRepeater_S2_short,item_DescMXOX_NeutronRepeater_S2,,2,1,Gun,850,,,,,,
mxox_neutronrepeater_s3,item_NameMXOX_NeutronRepeater_S3,item_NameMXOX_NeutronRepeater_S3_short,item_DescMXOX_NeutronRepeater_S3,,3,1,Gun,1024,,,,,,
none_laserrepeater_s1,item_NameHRST_Pyro_LaserRepeater_S1,item_NameHRST_Pyro_LaserRepeater_S1_short,item_DescHRST_Pyro_LaserRepeater_S1,,1,1,Gun,524,,,,,,
none_laserrepeater_s2,item_NameHRST_Pyro_LaserRepeater_S2,item_NameHRST_Pyro_LaserRepeater_S2_short,item_DescHRST_Pyro_LaserRepeater_S2,,2,1,Gun,850,,,,,,
none_laserrepeater_s3,item_NameHRST_Pyro_LaserRepeater_S3,item_NameHRST_Pyro_LaserRepeater_S3_short,item_DescHRST_Pyro_LaserRepeater_S3,,3,1,Gun,1024,,,,,,
asad_distortionrepeater_barrel_s1,LOC_PLACEHOLDER,,,,1,1,Barrel,,,,,,,
asad_distortionrepeater_barrel_s2,LOC_PLACEHOLDER,,,,1,1,Barrel,,,,,,,
asad_distortionrepeater_barrel_s3,LOC_PLACEHOLDER,,,,1,1,Barrel,,,,,,,
asad_distortionrepeater_firingmechanism_s1,LOC_PLACEHOLDER,,,,1,1,FiringMechanism,,,,,,,
asad_distortionrepeater_firingmechanism_s2,LOC_PLACEHOLDER,,,,1,1,FiringMechanism,,,,,,,
asad_distortionrepeater_firingmechanism_s3,LOC_PLACEHOLDER,,,,1,1,FiringMechanism,,,,,,,
asad_distortionrepeater_powerarray_s1,LOC_PLACEHOLDER,,,,1,1,PowerArray,,,,,,,
asad_distortionrepeater_powerarray_s2,LOC_PLACEHOLDER,,,,1,1,PowerArray,,,,,,,
asad_distortionrepeater_powerarray_s3,LOC_PLACEHOLDER,,,,1,1,PowerArray,,,,,,,
asad_distortionrepeater_ventilation_s1,LOC_PLACEHOLDER,,,,1,1,Ventilation,,,,,,,
asad_distortionrepeater_ventilation_s2,LOC_PLACEHOLDER,,,,1,1,Ventilation,,,,,,,
asad_distortionrepeater_ventilation_s3,LOC_PLACEHOLDER,,,,1,1,Ventilation,,,,,,,
banu_tachyoncannon_barrel_s1,LOC_PLACEHOLDER,,,,1,1,Barrel,,,,,,,
banu_tachyoncannon_barrel_s2,LOC_PLACEHOLDER,,,,2,1,Barrel,,,,,,,
banu_tachyoncannon_barrel_s3,LOC_PLACEHOLDER,,,,3,1,Barrel,,,,,,,
banu_tachyoncannon_firingmechanism_s1,LOC_PLACEHOLDER,,,,1,1,FiringMechanism,,,,,,,
banu_tachyoncannon_firingmechanism_s2,LOC_PLACEHOLDER,,,,2,1,FiringMechanism,,,,,,,
banu_tachyoncannon_firingmechanism_s3,LOC_PLACEHOLDER,,,,3,1,FiringMechanism,,,,,,,
banu_tachyoncannon_powerarray_s1,LOC_PLACEHOLDER,,,,3,3,PowerArray,,,,,,,
banu_tachyoncannon_powerarray_s2,LOC_PLACEHOLDER,,,,2,3,PowerArray,,,,,,,
banu_tachyoncannon_powerarray_s3,LOC_PLACEHOLDER,,,,3,3,PowerArray,,,,,,,
banu_tachyoncannon_ventilation_s1,LOC_PLACEHOLDER,,,,1,1,Ventilation,,,,,,,
banu_tachyoncannon_ventilation_s2,LOC_PLACEHOLDER,,,,2,1,Ventilation,,,,,,,
banu_tachyoncannon_ventilation_s3,LOC_PLACEHOLDER,,,,3,1,Ventilation,,,,,,,
behr_ballisticgatling_barrel_s4,LOC_PLACEHOLDER,,,,4,1,Barrel,,,,,,,
behr_ballisticgatling_barrel_s5,LOC_PLACEHOLDER,,,,5,1,Barrel,,,,,,,
behr_ballisticgatling_barrel_s6,LOC_PLACEHOLDER,,,,6,1,Barrel,,,,,,,
behr_ballisticgatling_barrel_s7,LOC_PLACEHOLDER,,,,7,1,Barrel,1,,,,,,
behr_ballisticgatling_firingmechanism_s4,LOC_PLACEHOLDER,,,,4,1,FiringMechanism,,,,,,,
behr_ballisticgatling_firingmechanism_s5,LOC_PLACEHOLDER,,,,5,1,FiringMechanism,,,,,,,
behr_ballisticgatling_firingmechanism_s6,LOC_PLACEHOLDER,,,,6,1,FiringMechanism,,,,,,,
behr_ballisticgatling_firingmechanism_s7,LOC_PLACEHOLDER,,,,7,1,FiringMechanism,1,,,,,,
behr_ballisticgatling_powerarray_s4,LOC_PLACEHOLDER,,,,4,1,PowerArray,,,,,,,
behr_ballisticgatling_powerarray_s5,LOC_PLACEHOLDER,,,,5,1,PowerArray,,,,,,,
behr_ballisticgatling_powerarray_s6,LOC_PLACEHOLDER,,,,6,1,PowerArray,,,,,,,
behr_ballisticgatling_powerarray_s7,LOC_PLACEHOLDER,,,,7,1,PowerArray,1,,,,,,
behr_ballisticgatling_ventilation_s4,LOC_PLACEHOLDER,,,,4,1,Ventilation,,,,,,,
behr_ballisticgatling_ventilation_s5,LOC_PLACEHOLDER,,,,5,1,Ventilation,,,,,,,
behr_ballisticgatling_ventilation_s6,LOC_PLACEHOLDER,,,,6,1,Ventilation,,,,,,,
behr_ballisticgatling_ventilation_s7,LOC_PLACEHOLDER,,,,7,1,Ventilation,1,,,,,,
behr_ballisticrepeater_barrel_s1,LOC_PLACEHOLDER,,,,1,1,Barrel,,,,,,,
behr_ballisticrepeater_barrel_s2,LOC_PLACEHOLDER,,,,1,1,Barrel,,,,,,,
behr_ballisticrepeater_barrel_s3,LOC_PLACEHOLDER,,,,1,1,Barrel,,,,,,,
behr_ballisticrepeater_firingmechanism_s1,LOC_PLACEHOLDER,,,,1,1,FiringMechanism,,,,,,,
behr_ballisticrepeater_firingmechanism_s2,LOC_PLACEHOLDER,,,,1,1,FiringMechanism,,,,,,,
behr_ballisticrepeater_firingmechanism_s3,LOC_PLACEHOLDER,,,,1,1,FiringMechanism,,,,,,,
behr_ballisticrepeater_powerarray_s1,LOC_PLACEHOLDER,,,,1,1,PowerArray,,,,,,,
behr_ballisticrepeater_powerarray_s2,LOC_PLACEHOLDER,,,,1,1,PowerArray,,,,,,,
behr_ballisticrepeater_powerarray_s3,LOC_PLACEHOLDER,,,,1,1,PowerArray,,,,,,,
behr_ballisticrepeater_ventilation_s1,LOC_PLACEHOLDER,,,,1,1,Ventilation,,,,,,,
behr_ballisticrepeater_ventilation_s2,LOC_PLACEHOLDER,,,,1,1,Ventilation,,,,,,,
behr_ballisticrepeater_ventilation_s3,LOC_PLACEHOLDER,,,,1,1,Ventilation,,,,,,,
behr_javelinballisticcannon_barrel_s7,LOC_PLACEHOLDER,,,,7,1,Barrel,,,,,,,
behr_javelinballisticcannon_firingmechanism_s7,LOC_PLACEHOLDER,,,,7,1,FiringMechanism,,,,,,,
behr_javelinballisticcannon_powerarray_s7,LOC_PLACEHOLDER,,,,7,3,PowerArray,,,,,,,
behr_javelinballisticcannon_ventilation_s7,LOC_PLACEHOLDER,,,,7,1,Ventilation,,,,,,,
behr_lasercannon_barrel_s1,LOC_PLACEHOLDER,,,,1,1,Barrel,,,,,,,
behr_lasercannon_barrel_s2,LOC_PLACEHOLDER,,,,1,1,Barrel,,,,,,,
behr_lasercannon_barrel_s3,LOC_PLACEHOLDER,,,,1,1,Barrel,,,,,,,
behr_lasercannon_barrel_s4,LOC_PLACEHOLDER,,,,1,1,Barrel,,,,,,,
behr_lasercannon_barrel_s5,LOC_PLACEHOLDER,,,,1,1,Barrel,,,,,,,
behr_lasercannon_barrel_s6,LOC_PLACEHOLDER,,,,1,1,Barrel,,,,,,,
behr_lasercannon_barrel_s7,LOC_PLACEHOLDER,,,,1,1,Barrel,,,,,,,
behr_lasercannon_barrel_s8,LOC_PLACEHOLDER,,,,1,1,Barrel,,,,,,,
behr_lasercannon_barrel_s9,LOC_PLACEHOLDER,,,,1,1,Barrel,,,,,,,
behr_lasercannon_firingmechanism_s1,LOC_PLACEHOLDER,,,,1,1,FiringMechanism,,,,,,,
behr_lasercannon_firingmechanism_s2,LOC_PLACEHOLDER,,,,1,1,FiringMechanism,,,,,,,
behr_lasercannon_firingmechanism_s3,LOC_PLACEHOLDER,,,,1,1,FiringMechanism,,,,,,,
behr_lasercannon_firingmechanism_s4,LOC_PLACEHOLDER,,,,1,1,FiringMechanism,,,,,,,
behr_lasercannon_firingmechanism_s5,LOC_PLACEHOLDER,,,,1,1,FiringMechanism,,,,,,,
behr_lasercannon_firingmechanism_s6,LOC_PLACEHOLDER,,,,1,1,FiringMechanism,,,,,,,
behr_lasercannon_firingmechanism_s7,LOC_PLACEHOLDER,,,,1,1,FiringMechanism,,,,,,,
behr_lasercannon_firingmechanism_s8,LOC_PLACEHOLDER,,,,1,1,FiringMechanism,,,,,,,
behr_lasercannon_firingmechanism_s9,LOC_PLACEHOLDER,,,,1,1,FiringMechanism,,,,,,,
behr_lasercannon_powerarray_s1,LOC_PLACEHOLDER,,,,3,3,PowerArray,,,,,,,
behr_lasercannon_powerarray_s2,LOC_PLACEHOLDER,,,,3,3,PowerArray,,,,,,,
behr_lasercannon_powerarray_s3,LOC_PLACEHOLDER,,,,3,3,PowerArray,,,,,,,
behr_lasercannon_powerarray_s4,LOC_PLACEHOLDER,,,,3,3,PowerArray,,,,,,,
behr_lasercannon_powerarray_s5,LOC_PLACEHOLDER,,,,3,3,PowerArray,,,,,,,
behr_lasercannon_powerarray_s6,LOC_PLACEHOLDER,,,,3,3,PowerArray,,,,,,,
behr_lasercannon_powerarray_s7,LOC_PLACEHOLDER,,,,3,3,PowerArray,,,,,,,
behr_lasercannon_powerarray_s8,LOC_PLACEHOLDER,,,,3,3,PowerArray,,,,,,,
behr_lasercannon_powerarray_s9,LOC_PLACEHOLDER,,,,3,3,PowerArray,,,,,,,
behr_lasercannon_sf7e_barrel_s7,LOC_PLACEHOLDER,,,,7,7,Barrel,1,,,,,,
behr_lasercannon_sf7e_firingmechanism_s7,LOC_PLACEHOLDER,,,,7,7,FiringMechanism,1,,,,,,
behr_lasercannon_sf7e_powerarray_s7,LOC_PLACEHOLDER,,,,7,7,PowerArray,1,,,,,,
behr_lasercannon_sf7e_ventilation_s7,LOC_PLACEHOLDER,,,,7,7,Ventilation,1,,,,,,
behr_lasercannon_ventilation_s1,LOC_PLACEHOLDER,,,,1,1,Ventilation,,,,,,,
behr_lasercannon_ventilation_s2,LOC_PLACEHOLDER,,,,1,1,Ventilation,,,,,,,
behr_lasercannon_ventilation_s3,LOC_PLACEHOLDER,,,,1,1,Ventilation,,,,,,,
behr_lasercannon_ventilation_s4,LOC_PLACEHOLDER,,,,1,1,Ventilation,,,,,,,
behr_lasercannon_ventilation_s5,LOC_PLACEHOLDER,,,,1,1,Ventilation,,,,,,,
behr_lasercannon_ventilation_s6,LOC_PLACEHOLDER,,,,1,1,Ventilation,,,,,,,
behr_lasercannon_ventilation_s7,LOC_PLACEHOLDER,,,,1,1,Ventilation,,,,,,,
behr_lasercannon_ventilation_s8,LOC_PLACEHOLDER,,,,1,1,Ventilation,,,,,,,
behr_lasercannon_ventilation_s9,LOC_PLACEHOLDER,,,,1,1,Ventilation,,,,,,,
behr_laserrepeater_barrel_s10,LOC_PLACEHOLDER,,,,10,1,Barrel,,,,,,,
behr_laserrepeater_firingmechanism_s10,LOC_PLACEHOLDER,,,,10,1,FiringMechanism,,,,,,,
behr_laserrepeater_powerarray_s10,LOC_PLACEHOLDER,,,,10,1,PowerArray,,,,,,,
behr_laserrepeater_ventilation_s10,LOC_PLACEHOLDER,,,,10,1,Ventilation,,,,,,,
bengal_ballisticcannon_barrel_s7,LOC_PLACEHOLDER,,,,7,1,Barrel,,,,,,,
bengal_ballisticcannon_barrel_s8,LOC_PLACEHOLDER,,,,8,1,Barrel,,,,,,,
bengal_ballisticcannon_firingmechanism_s7,LOC_PLACEHOLDER,,,,7,1,FiringMechanism,,,,,,,
bengal_ballisticcannon_firingmechanism_s8,LOC_PLACEHOLDER,,,,8,1,FiringMechanism,,,,,,,
bengal_ballisticcannon_powerarray_s7,LOC_PLACEHOLDER,,,,7,3,PowerArray,,,,,,,
bengal_ballisticcannon_powerarray_s8,LOC_PLACEHOLDER,,,,8,3,PowerArray,,,,,,,
bengal_ballisticcannon_ventilation_s7,LOC_PLACEHOLDER,,,,7,1,Ventilation,,,,,,,
bengal_ballisticcannon_ventilation_s8,LOC_PLACEHOLDER,,,,8,1,Ventilation,,,,,,,
bengal_ballisticgatling_barrel_s6,LOC_PLACEHOLDER,,,,6,1,Barrel,,,,,,,
bengal_ballisticgatling_firingmechanism_s6,LOC_PLACEHOLDER,,,,6,1,FiringMechanism,,,,,,,
bengal_ballisticgatling_powerarray_s6,LOC_PLACEHOLDER,,,,6,1,PowerArray,,,,,,,
bengal_ballisticgatling_ventilation_s6,LOC_PLACEHOLDER,,,,6,1,Ventilation,,,,,,,
espr_ballisticcannon_barrel_s1,LOC_PLACEHOLDER,,,,1,1,Barrel,,,,,,,
espr_ballisticcannon_barrel_s2,LOC_PLACEHOLDER,,,,1,1,Barrel,,,,,,,
espr_ballisticcannon_barrel_s3,LOC_PLACEHOLDER,,,,1,1,Barrel,,,,,,,
espr_ballisticcannon_barrel_s4,LOC_PLACEHOLDER,,,,4,4,Barrel,,,,,,,
espr_ballisticcannon_barrel_s5,LOC_PLACEHOLDER,,,,5,5,Barrel,,,,,,,
espr_ballisticcannon_barrel_s6,LOC_PLACEHOLDER,,,,6,6,Barrel,,,,,,,
espr_ballisticcannon_firingmechanism_s1,LOC_PLACEHOLDER,,,,1,1,FiringMechanism,,,,,,,
espr_ballisticcannon_firingmechanism_s2,LOC_PLACEHOLDER,,,,1,1,FiringMechanism,,,,,,,
espr_ballisticcannon_firingmechanism_s3,LOC_PLACEHOLDER,,,,1,1,FiringMechanism,,,,,,,
espr_ballisticcannon_firingmechanism_s4,LOC_PLACEHOLDER,,,,4,4,FiringMechanism,,,,,,,
espr_ballisticcannon_firingmechanism_s5,LOC_PLACEHOLDER,,,,5,5,FiringMechanism,,,,,,,
espr_ballisticcannon_firingmechanism_s6,LOC_PLACEHOLDER,,,,6,6,FiringMechanism,,,,,,,
espr_ballisticcannon_powerarray_s1,LOC_PLACEHOLDER,,,,3,3,PowerArray,,,,,,,
espr_ballisticcannon_powerarray_s2,LOC_PLACEHOLDER,,,,3,3,PowerArray,,,,,,,
espr_ballisticcannon_powerarray_s3,LOC_PLACEHOLDER,,,,3,3,PowerArray,,,,,,,
espr_ballisticcannon_powerarray_s4,LOC_PLACEHOLDER,,,,4,4,PowerArray,,,,,,,
espr_ballisticcannon_powerarray_s5,LOC_PLACEHOLDER,,,,5,5,PowerArray,,,,,,,
espr_ballisticcannon_powerarray_s6,LOC_PLACEHOLDER,,,,6,6,PowerArray,,,,,,,
espr_ballisticcannon_ventilation_s1,LOC_PLACEHOLDER,,,,1,1,Ventilation,,,,,,,
espr_ballisticcannon_ventilation_s2,LOC_PLACEHOLDER,,,,1,1,Ventilation,,,,,,,
espr_ballisticcannon_ventilation_s3,LOC_PLACEHOLDER,,,,1,1,Ventilation,,,,,,,
espr_ballisticcannon_ventilation_s4,LOC_PLACEHOLDER,,,,4,4,Ventilation,,,,,,,
espr_ballisticcannon_ventilation_s5,LOC_PLACEHOLDER,,,,5,5,Ventilation,,,,,,,
espr_ballisticcannon_ventilation_s6,LOC_PLACEHOLDER,,,,6,6,Ventilation,,,,,,,
espr_lasercannon_barrel_s1,LOC_PLACEHOLDER,,,,1,1,Barrel,,,,,,,
espr_lasercannon_barrel_s2,LOC_PLACEHOLDER,,,,1,1,Barrel,,,,,,,
espr_lasercannon_barrel_s3,LOC_PLACEHOLDER,,,,3,3,Barrel,,,,,,,
espr_lasercannon_barrel_s4,LOC_PLACEHOLDER,,,,4,4,Barrel,,,,,,,
espr_lasercannon_barrel_s5,LOC_PLACEHOLDER,,,,5,5,Barrel,,,,,,,
espr_lasercannon_barrel_s6,LOC_PLACEHOLDER,,,,6,6,Barrel,,,,,,,
espr_lasercannon_firingmechanism_s1,LOC_PLACEHOLDER,,,,1,1,FiringMechanism,,,,,,,
espr_lasercannon_firingmechanism_s2,LOC_PLACEHOLDER,,,,1,1,FiringMechanism,,,,,,,
espr_lasercannon_firingmechanism_s3,LOC_PLACEHOLDER,,,,3,3,FiringMechanism,,,,,,,
espr_lasercannon_firingmechanism_s4,LOC_PLACEHOLDER,,,,4,4,FiringMechanism,,,,,,,
espr_lasercannon_firingmechanism_s5,LOC_PLACEHOLDER,,,,5,5,FiringMechanism,,,,,,,
espr_lasercannon_firingmechanism_s6,LOC_PLACEHOLDER,,,,6,6,FiringMechanism,,,,,,,
espr_lasercannon_powerarray_s1,LOC_PLACEHOLDER,,,,3,3,PowerArray,,,,,,,
espr_lasercannon_powerarray_s2,LOC_PLACEHOLDER,,,,3,3,PowerArray,,,,,,,
espr_lasercannon_powerarray_s3,LOC_PLACEHOLDER,,,,3,3,PowerArray,,,,,,,
espr_lasercannon_powerarray_s4,LOC_PLACEHOLDER,,,,4,4,PowerArray,,,,,,,
espr_lasercannon_powerarray_s5,LOC_PLACEHOLDER,,,,5,5,PowerArray,,,,,,,
espr_lasercannon_powerarray_s6,LOC_PLACEHOLDER,,,,6,6,PowerArray,,,,,,,
espr_lasercannon_ventilation_s1,LOC_PLACEHOLDER,,,,1,1,Ventilation,,,,,,,
espr_lasercannon_ventilation_s2,LOC_PLACEHOLDER,,,,1,1,Ventilation,,,,,,,
espr_lasercannon_ventilation_s3,LOC_PLACEHOLDER,,,,3,3,Ventilation,,,,,,,
espr_lasercannon_ventilation_s4,LOC_PLACEHOLDER,,,,4,4,Ventilation,,,,,,,
espr_lasercannon_ventilation_s5,LOC_PLACEHOLDER,,,,5,5,Ventilation,,,,,,,
espr_lasercannon_ventilation_s6,LOC_PLACEHOLDER,,,,6,6,Ventilation,,,,,,,
gats_ballisticcannon_barrel_s1,LOC_PLACEHOLDER,,,,1,1,Barrel,,,,,,,
gats_ballisticcannon_barrel_s2,LOC_PLACEHOLDER,,,,1,1,Barrel,,,,,,,
gats_ballisticcannon_barrel_s3,LOC_PLACEHOLDER,,,,1,1,Barrel,,,,,,,
gats_ballisticcannon_firingmechanism_s1,LOC_PLACEHOLDER,,,,1,1,FiringMechanism,,,,,,,
gats_ballisticcannon_firingmechanism_s2,LOC_PLACEHOLDER,,,,1,1,FiringMechanism,,,,,,,
gats_ballisticcannon_firingmechanism_s3,LOC_PLACEHOLDER,,,,1,1,FiringMechanism,,,,,,,
gats_ballisticcannon_powerarray_s1,LOC_PLACEHOLDER,,,,3,3,PowerArray,,,,,,,
gats_ballisticcannon_powerarray_s2,LOC_PLACEHOLDER,,,,3,3,PowerArray,,,,,,,
gats_ballisticcannon_powerarray_s3,LOC_PLACEHOLDER,,,,3,3,PowerArray,,,,,,,
gats_ballisticcannon_ventilation_s1,LOC_PLACEHOLDER,,,,1,1,Ventilation,,,,,,,
gats_ballisticcannon_ventilation_s2,LOC_PLACEHOLDER,,,,1,1,Ventilation,,,,,,,
gats_ballisticcannon_ventilation_s3,LOC_PLACEHOLDER,,,,1,1,Ventilation,,,,,,,
gats_ballisticgatling_barrel_s1,LOC_PLACEHOLDER,,,,1,1,Barrel,,,,,,,
gats_ballisticgatling_barrel_s2,LOC_PLACEHOLDER,,,,1,1,Barrel,,,,,,,
gats_ballisticgatling_barrel_s3,LOC_PLACEHOLDER,,,,1,1,Barrel,,,,,,,
gats_ballisticgatling_firingmechanism_s1,LOC_PLACEHOLDER,,,,1,1,FiringMechanism,,,,,,,
gats_ballisticgatling_firingmechanism_s2,LOC_PLACEHOLDER,,,,1,1,FiringMechanism,,,,,,,
gats_ballisticgatling_firingmechanism_s3,LOC_PLACEHOLDER,,,,1,1,FiringMechanism,,,,,,,
gats_ballisticgatling_powerarray_s1,LOC_PLACEHOLDER,,,,1,1,PowerArray,,,,,,,
gats_ballisticgatling_powerarray_s2,LOC_PLACEHOLDER,,,,1,1,PowerArray,,,,,,,
gats_ballisticgatling_powerarray_s3,LOC_PLACEHOLDER,,,,1,1,PowerArray,,,,,,,
gats_ballisticgatling_ventilation_s1,LOC_PLACEHOLDER,,,,1,1,Ventilation,,,,,,,
gats_ballisticgatling_ventilation_s2,LOC_PLACEHOLDER,,,,1,1,Ventilation,,,,,,,
gats_ballisticgatling_ventilation_s3,LOC_PLACEHOLDER,,,,1,1,Ventilation,,,,,,,
hrst_laserbeam_barrel_s10,LOC_PLACEHOLDER,,,,9,1,Barrel,,,,,,,
hrst_laserrepeater_barrel_s1,LOC_PLACEHOLDER,,,,1,1,Barrel,,,,,,,
hrst_laserrepeater_barrel_s2,LOC_PLACEHOLDER,,,,1,1,Barrel,,,,,,,
hrst_laserrepeater_barrel_s3,LOC_PLACEHOLDER,,,,1,1,Barrel,,,,,,,
hrst_laserrepeater_barrel_s3_storm,LOC_PLACEHOLDER,,,,1,1,Barrel,,,,,,,
hrst_laserrepeater_barrel_s4,LOC_PLACEHOLDER,,,,1,1,Barrel,,,,,,,
hrst_laserrepeater_barrel_s5,LOC_PLACEHOLDER,,,,1,1,Barrel,,,,,,,
hrst_laserrepeater_barrel_s6,LOC_PLACEHOLDER,,,,1,1,Barrel,,,,,,,
hrst_laserrepeater_firingmechanism_s1,LOC_PLACEHOLDER,,,,1,1,FiringMechanism,,,,,,,
hrst_laserrepeater_firingmechanism_s2,LOC_PLACEHOLDER,,,,1,1,FiringMechanism,,,,,,,
hrst_laserrepeater_firingmechanism_s3,LOC_PLACEHOLDER,,,,1,1,FiringMechanism,,,,,,,
hrst_laserrepeater_firingmechanism_s3_storm,LOC_PLACEHOLDER,,,,1,1,FiringMechanism,,,,,,,
hrst_laserrepeater_firingmechanism_s4,LOC_PLACEHOLDER,,,,1,1,FiringMechanism,,,,,,,
hrst_laserrepeater_firingmechanism_s5,LOC_PLACEHOLDER,,,,1,1,FiringMechanism,,,,,,,
hrst_laserrepeater_firingmechanism_s6,LOC_PLACEHOLDER,,,,1,1,FiringMechanism,,,,,,,
hrst_laserrepeater_powerarray_s1,LOC_PLACEHOLDER,,,,1,1,PowerArray,,,,,,,
hrst_laserrepeater_powerarray_s2,LOC_PLACEHOLDER,,,,1,1,PowerArray,,,,,,,
hrst_laserrepeater_powerarray_s3,LOC_PLACEHOLDER,,,,1,1,PowerArray,,,,,,,
hrst_laserrepeater_powerarray_s3_storm,LOC_PLACEHOLDER,,,,1,1,PowerArray,,,,,,,
hrst_laserrepeater_powerarray_s4,LOC_PLACEHOLDER,,,,1,1,PowerArray,,,,,,,
hrst_laserrepeater_powerarray_s5,LOC_PLACEHOLDER,,,,1,1,PowerArray,,,,,,,
hrst_laserrepeater_powerarray_s6,LOC_PLACEHOLDER,,,,1,1,PowerArray,,,,,,,
hrst_laserrepeater_ventilation_s1,LOC_PLACEHOLDER,,,,1,1,Ventilation,,,,,,,
hrst_laserrepeater_ventilation_s2,LOC_PLACEHOLDER,,,,1,1,Ventilation,,,,,,,
hrst_laserrepeater_ventilation_s3,LOC_PLACEHOLDER,,,,1,1,Ventilation,,,,,,,
hrst_laserrepeater_ventilation_s3_storm,LOC_PLACEHOLDER,,,,1,1,Ventilation,,,,,,,
hrst_laserrepeater_ventilation_s4,LOC_PLACEHOLDER,,,,1,1,Ventilation,,,,,,,
hrst_laserrepeater_ventilation_s5,LOC_PLACEHOLDER,,,,1,1,Ventilation,,,,,,,
hrst_laserrepeater_ventilation_s6,LOC_PLACEHOLDER,,,,1,1,Ventilation,,,,,,,
hrst_laserscattergun_barrel_s1,LOC_PLACEHOLDER,,,,1,1,Barrel,,,,,,,
hrst_laserscattergun_barrel_s2,LOC_PLACEHOLDER,,,,1,1,Barrel,,,,,,,
hrst_laserscattergun_barrel_s3,LOC_PLACEHOLDER,,,,1,1,Barrel,,,,,,,
hrst_laserscattergun_firingmechanism_s1,LOC_PLACEHOLDER,,,,1,1,FiringMechanism,,,,,,,
hrst_laserscattergun_firingmechanism_s2,LOC_PLACEHOLDER,,,,1,1,FiringMechanism,,,,,,,
hrst_laserscattergun_firingmechanism_s3,LOC_PLACEHOLDER,,,,1,1,FiringMechanism,,,,,,,
hrst_laserscattergun_powerarray_s1,LOC_PLACEHOLDER,,,,1,1,PowerArray,,,,,,,
hrst_laserscattergun_powerarray_s2,LOC_PLACEHOLDER,,,,1,1,PowerArray,,,,,,,
hrst_laserscattergun_powerarray_s3,LOC_PLACEHOLDER,,,,1,1,PowerArray,,,,,,,
hrst_laserscattergun_ventilation_s1,LOC_PLACEHOLDER,,,,1,1,Ventilation,,,,,,,
hrst_laserscattergun_ventilation_s2,LOC_PLACEHOLDER,,,,1,1,Ventilation,,,,,,,
hrst_laserscattergun_ventilation_s3,LOC_PLACEHOLDER,,,,1,1,Ventilation,,,,,,,
jokr_distortioncannon_barrel_s1,LOC_PLACEHOLDER,,,,1,1,Barrel,,,,,,,
jokr_distortioncannon_barrel_s2,LOC_PLACEHOLDER,,,,1,1,Barrel,,,,,,,
jokr_distortioncannon_barrel_s3,LOC_PLACEHOLDER,,,,1,1,Barrel,,,,,,,
jokr_distortioncannon_firingmechanism_s1,LOC_PLACEHOLDER,,,,1,1,FiringMechanism,,,,,,,
jokr_distortioncannon_firingmechanism_s2,LOC_PLACEHOLDER,,,,1,1,FiringMechanism,,,,,,,
jokr_distortioncannon_firingmechanism_s3,LOC_PLACEHOLDER,,,,1,1,FiringMechanism,,,,,,,
jokr_distortioncannon_powerarray_s1,LOC_PLACEHOLDER,,,,3,3,PowerArray,,,,,,,
jokr_distortioncannon_powerarray_s2,LOC_PLACEHOLDER,,,,3,3,PowerArray,,,,,,,
jokr_distortioncannon_powerarray_s3,LOC_PLACEHOLDER,,,,3,3,PowerArray,,,,,,,
jokr_distortioncannon_ventilation_s1,LOC_PLACEHOLDER,,,,1,1,Ventilation,,,,,,,
jokr_distortioncannon_ventilation_s2,LOC_PLACEHOLDER,,,,1,1,Ventilation,,,,,,,
jokr_distortioncannon_ventilation_s3,LOC_PLACEHOLDER,,,,1,1,Ventilation,,,,,,,
klwe_massdriver_barrel_s1,LOC_PLACEHOLDER,,,,1,1,Barrel,,,,,,,
klwe_massdriver_barrel_s2,LOC_PLACEHOLDER,,,,2,1,Barrel,,,,,,,
klwe_massdriver_barrel_s3,LOC_PLACEHOLDER,,,,3,1,Barrel,,,,,,,
klwe_massdriver_firingmechanism_s1,LOC_PLACEHOLDER,,,,1,1,FiringMechanism,,,,,,,
klwe_massdriver_firingmechanism_s2,LOC_PLACEHOLDER,,,,2,1,FiringMechanism,,,,,,,
klwe_massdriver_firingmechanism_s3,LOC_PLACEHOLDER,,,,3,1,FiringMechanism,,,,,,,
klwe_massdriver_powerarray_s1,LOC_PLACEHOLDER,,,,3,3,PowerArray,,,,,,,
klwe_massdriver_powerarray_s2,LOC_PLACEHOLDER,,,,2,3,PowerArray,,,,,,,
klwe_massdriver_powerarray_s3,LOC_PLACEHOLDER,,,,3,3,PowerArray,,,,,,,
klwe_massdriver_ventilation_s1,LOC_PLACEHOLDER,,,,1,1,Ventilation,,,,,,,
klwe_massdriver_ventilation_s2,LOC_PLACEHOLDER,,,,2,1,Ventilation,,,,,,,
klwe_massdriver_ventilation_s3,LOC_PLACEHOLDER,,,,3,1,Ventilation,,,,,,,
kron_lasercannon_barrel_s1,LOC_PLACEHOLDER,,,,1,1,Barrel,,,,,,,
kron_lasercannon_barrel_s2,LOC_PLACEHOLDER,,,,1,1,Barrel,,,,,,,
kron_lasercannon_barrel_s3,LOC_PLACEHOLDER,,,,1,1,Barrel,,,,,,,
kron_lasercannon_firingmechanism_s1,LOC_PLACEHOLDER,,,,1,1,FiringMechanism,,,,,,,
kron_lasercannon_firingmechanism_s2,LOC_PLACEHOLDER,,,,1,1,FiringMechanism,,,,,,,
kron_lasercannon_firingmechanism_s3,LOC_PLACEHOLDER,,,,1,1,FiringMechanism,,,,,,,
kron_lasercannon_powerarray_s1,LOC_PLACEHOLDER,,,,3,3,PowerArray,,,,,,,
kron_lasercannon_powerarray_s2,LOC_PLACEHOLDER,,,,3,3,PowerArray,,,,,,,
kron_lasercannon_powerarray_s3,LOC_PLACEHOLDER,,,,3,3,PowerArray,,,,,,,
kron_lasercannon_ventilation_s1,LOC_PLACEHOLDER,,,,1,1,Ventilation,,,,,,,
kron_lasercannon_ventilation_s2,LOC_PLACEHOLDER,,,,1,1,Ventilation,,,,,,,
kron_lasercannon_ventilation_s3,LOC_PLACEHOLDER,,,,1,1,Ventilation,,,,,,,
mxox_neutronrepeater_barrel_s1,LOC_PLACEHOLDER,,,,1,1,Barrel,,,,,,,
mxox_neutronrepeater_barrel_s2,LOC_PLACEHOLDER,,,,1,1,Barrel,,,,,,,
mxox_neutronrepeater_barrel_s3,LOC_PLACEHOLDER,,,,1,1,Barrel,,,,,,,
mxox_neutronrepeater_firingmechanism_s1,LOC_PLACEHOLDER,,,,1,1,FiringMechanism,,,,,,,
mxox_neutronrepeater_firingmechanism_s2,LOC_PLACEHOLDER,,,,1,1,FiringMechanism,,,,,,,
mxox_neutronrepeater_firingmechanism_s3,LOC_PLACEHOLDER,,,,1,1,FiringMechanism,,,,,,,
mxox_neutronrepeater_powerarray_s1,LOC_PLACEHOLDER,,,,1,1,PowerArray,,,,,,,
mxox_neutronrepeater_powerarray_s2,LOC_PLACEHOLDER,,,,1,1,PowerArray,,,,,,,
mxox_neutronrepeater_powerarray_s3,LOC_PLACEHOLDER,,,,1,1,PowerArray,,,,,,,
mxox_neutronrepeater_ventilation_s1,LOC_PLACEHOLDER,,,,1,1,Ventilation,,,,,,,
mxox_neutronrepeater_ventilation_s2,LOC_PLACEHOLDER,,,,1,1,Ventilation,,,,,,,
mxox_neutronrepeater_ventilation_s3,LOC_PLACEHOLDER,,,,1,1,Ventilation,,,,,,,
none_laserrepeater_barrel_s1,LOC_PLACEHOLDER,,,,1,1,Barrel,,,,,,,
none_laserrepeater_barrel_s2,LOC_PLACEHOLDER,,,,1,1,Barrel,,,,,,,
none_laserrepeater_barrel_s3,LOC_PLACEHOLDER,,,,1,1,Barrel,,,,,,,
none_laserrepeater_firingmechanism_s1,LOC_PLACEHOLDER,,,,1,1,FiringMechanism,,,,,,,
none_laserrepeater_firingmechanism_s2,LOC_PLACEHOLDER,,,,1,1,FiringMechanism,,,,,,,
none_laserrepeater_firingmechanism_s3,LOC_PLACEHOLDER,,,,1,1,FiringMechanism,,,,,,,
none_laserrepeater_powerarray_s1,LOC_PLACEHOLDER,,,,1,1,PowerArray,,,,,,,
none_laserrepeater_powerarray_s2,LOC_PLACEHOLDER,,,,1,1,PowerArray,,,,,,,
none_laserrepeater_powerarray_s3,LOC_PLACEHOLDER,,,,1,1,PowerArray,,,,,,,
none_laserrepeater_ventilation_s1,LOC_PLACEHOLDER,,,,1,1,Ventilation,,,,,,,
none_laserrepeater_ventilation_s2,LOC_PLACEHOLDER,,,,1,1,Ventilation,,,,,,,
none_laserrepeater_ventilation_s3,LOC_PLACEHOLDER,,,,1,1,Ventilation,,,,,,,
toag_lasergatling_barrel_s2,LOC_PLACEHOLDER,,,,1,1,Barrel,,,,,,,
toag_lasergatling_firingmechanism_s2,LOC_PLACEHOLDER,,,,1,1,FiringMechanism,,,,,,,
toag_lasergatling_powerarray_s2,LOC_PLACEHOLDER,,,,1,1,PowerArray,,,,,,,
toag_lasergatling_ventilation_s2,LOC_PLACEHOLDER,,,,1,1,Ventilation,,,,,,,
toag_laserrepeater_barrel_s3,LOC_PLACEHOLDER,,,,1,1,Barrel,,,,,,,
toag_laserrepeater_firingmechanism_s3,LOC_PLACEHOLDER,,,,1,1,FiringMechanism,,,,,,,
toag_laserrepeater_powerarray_s3,LOC_PLACEHOLDER,,,,1,1,PowerArray,,,,,,,
toag_laserrepeater_ventilation_s3,LOC_PLACEHOLDER,,,,1,1,Ventilation,,,,,,,
vncl_gen2_plasmacannon_barrel_s2,LOC_PLACEHOLDER,,,,2,1,Barrel,,,,,,,
vncl_gen2_plasmacannon_barrel_s4,LOC_PLACEHOLDER,,,,4,1,Barrel,,,,,,,
vncl_gen2_plasmacannon_firingmechanism_s2,LOC_PLACEHOLDER,,,,2,1,FiringMechanism,,,,,,,
vncl_gen2_plasmacannon_firingmechanism_s4,LOC_PLACEHOLDER,,,,4,1,FiringMechanism,,,,,,,
vncl_gen2_plasmacannon_powerarray_s2,LOC_PLACEHOLDER,,,,2,1,PowerArray,,,,,,,
vncl_gen2_plasmacannon_powerarray_s4,LOC_PLACEHOLDER,,,,4,1,PowerArray,,,,,,,
vncl_gen2_plasmacannon_ventilation_s2,LOC_PLACEHOLDER,,,,2,1,Ventilation,,,,,,,
vncl_gen2_plasmacannon_ventilation_s4,LOC_PLACEHOLDER,,,,4,1,Ventilation,,,,,,,
wep_barrel_template,LOC_PLACEHOLDER,,,,1,1,Barrel,,,,,,,
wep_cannonbarrel_template,LOC_PLACEHOLDER,,,,1,1,Barrel,,,,,,,
wep_cannonfiringmechanism_template,LOC_PLACEHOLDER,,,,1,1,FiringMechanism,,,,,,,
wep_cannonpowerarray_template,LOC_PLACEHOLDER,,,,3,3,PowerArray,,,,,,,
wep_cannonventilation_template,LOC_PLACEHOLDER,,,,1,1,Ventilation,,,,,,,
wep_firingmechanism_template,LOC_PLACEHOLDER,,,,1,1,FiringMechanism,,,,,,,
wep_gatlingbarrel_template,LOC_PLACEHOLDER,,,,1,1,Barrel,,,,,,,
wep_gatlingfiringmechanism_template,LOC_PLACEHOLDER,,,,1,1,FiringMechanism,,,,,,,
wep_gatlingpowerarray_template,LOC_PLACEHOLDER,,,,1,1,PowerArray,,,,,,,
wep_gatlingventilation_template,LOC_PLACEHOLDER,,,,1,1,Ventilation,,,,,,,
wep_powerarray_template,LOC_PLACEHOLDER,,,,1,1,PowerArray,,,,,,,
wep_repeaterbarrel_template,LOC_PLACEHOLDER,,,,1,1,Barrel,,,,,,,
wep_repeaterfiringmechanism_template,LOC_PLACEHOLDER,,,,1,1,FiringMechanism,,,,,,,
wep_repeaterpowerarray_template,LOC_PLACEHOLDER,,,,1,1,PowerArray,,,,,,,
wep_repeaterventilation_template,LOC_PLACEHOLDER,,,,1,1,Ventilation,,,,,,,
wep_ventilation_template,LOC_PLACEHOLDER,,,,1,1,Ventilation,,,,,,,
prar_distortionscattergun_s4,item_NamePRAR_DistortionScatterGun_S4,item_NamePRAR_DistortionScatterGun_S4_short,item_DescPRAR_DistortionScatterGun_S4,,4,1,Gun,1650,,,,,,
prar_distortionscattergun_s5,item_NamePRAR_DistortionScatterGun_S5,item_NamePRAR_DistortionScatterGun_S5_short,item_DescPRAR_DistortionScatterGun_S5,,5,1,Gun,2640,,,,,,
prar_distortionscattergun_s6,item_NamePRAR_DistortionScatterGun_S6,item_NamePRAR_DistortionScatterGun_S6_short,item_DescPRAR_DistortionScatterGun_S6,,6,1,Gun,4224,,,,,,
qig_prototype,LOC_PLACEHOLDER,,,,2,1,UNDEFINED,,,,,,,
rpod_s1_fski_3x_s3,item_NameFSKI_S1_RPOD_3x_S3,,item_DescFSKI_S1_RPOD_3x_S3,,1,1,Rocket,500,,,,,,
rpod_s1_hrst_6x_s1,item_NameHRST_S1_RPOD_6x_S1,,item_DescHRST_S1_RPOD_6x_S1,,1,1,Rocket,500,,,,,,
rpod_s1_thcn_4x_s2,item_NameTHCN_S1_RPOD_4x_S2,,item_DescTHCN_S1_RPOD_4x_S2,,1,1,Rocket,500,,,,,,
rpod_s2_fski_6x_s3,item_NameFSKI_S2_RPOD_6x_S3,,item_DescFSKI_S2_RPOD_6x_S3,,2,1,Rocket,750,,,,,,
rpod_s2_hrst_12x_s1,item_NameHRST_S2_RPOD_12x_S1,,item_DescHRST_S2_RPOD_12x_S1,,2,1,Rocket,750,,,,,,
rpod_s2_thcn_8x_s2,item_NameTHCN_S2_RPOD_8x_S2,,item_DescTHCN_S2_RPOD_8x_S2,,2,1,Rocket,750,,,,,,
rpod_s3_fski_9x_s3,item_NameHRST_S3_RPOD_18x_S1,,item_DescHRST_S3_RPOD_18x_S1,,3,1,Rocket,1000,,,,,,
rpod_s3_hrst_18x_s1,item_NameHRST_S3_RPOD_18x_S1,item_NameHRST_S3_RPOD_18x_S1,item_DescHRST_S3_RPOD_18x_S1,,3,1,Rocket,1000,,,,,,
rpod_s3_thcn_12x_s2,item_NameTHCN_S3_RPOD_12x_S2,item_NameTHCN_S3_RPOD_12x_S2,item_DescTHCN_S3_RPOD_12x_S2,,3,1,Rocket,1000,,,,,,
rsi_ballisticcannon_s5_meteor_bespoke,item_NameRSI_BallisticCannon_Meteor_Bespoke,item_NameRSI_BallisticCannon_Meteor_Bespoke_Short,item_DescRSI_BallisticCannon_Meteor_Bespoke,,5,1,Gun,2500,,,,,,
rsi_bespoke_ballisticcannon_a,item_NameRSI_Bespoke_BallisticCannon_A,item_ShortRSI_Bespoke_BallisticCannon_A,item_DescRSI_Bespoke_BallisticCannon_A,,6,1,Gun,5600,,,,,,
rsi_perseus_ballisticcannon_b_s8,item_NameRSI_BallisticCannon_S8,item_NameRSI_BallisticCannon_S8,item_DescRSI_BallisticCannon_S8,,8,1,Gun,30000,,,,,,
toag_lasergatling_s2,item_NameTOAG_LaserGatling_S2,item_NameTOAG_LaserGatling_S2_short,item_DescTOAG_LaserGatling_S2,,2,1,Gun,850,,,,,,
toag_laserrepeater_s3,item_NameTOAG_LaserRepeater_S3,item_NameTOAG_LaserRepeater_S3_short,item_DescTOAG_LaserRepeater_S3,,3,1,Gun,1024,,,,,,
vncl_gen2_plasmacannon_s2,LOC_PLACEHOLDER,,LOC_PLACEHOLDER,,1,1,Gun,800,,,,,,
vncl_gen2_plasmacannon_s4,LOC_PLACEHOLDER,,LOC_PLACEHOLDER,,1,1,Gun,800,,,,,,
vncl_gen2_plasmacannon_s5,item_NameVNCL_PlasmaCannon_S5,item_NameVNCL_PlasmaCannon_S5_short,item_DescVNCL_PlasmaCannon_S5,,5,1,Gun,5500,,,,,,
vncl_lasercannon_s1,item_NameVNCL_LaserCannon_S1,item_NameVNCL_LaserCannon_S1_short,item_DescVNCL_LaserCannon_S1,,1,1,Gun,550,,,,,,
vncl_lasercannon_s2,item_NameVNCL_LaserCannon_S2,item_NameVNCL_LaserCannon_S2_short,item_DescVNCL_LaserCannon_S2,,2,1,Gun,850,,,,,,
vncl_neutroncannon_s5,item_NameVNCL_NeutronCannon_S5,item_NameVNCL_NeutronCannon_S5_short,item_DescVNCL_NeutronCannon_S5,,5,1,Gun,2640,,,,,,
vncl_plasmacannon_s2,item_NameVNCL_PlasmaCannon_S2,item_NameVNCL_PlasmaCannon_S2,item_NameVNCL_PlasmaCannon_S2,,2,1,Gun,850,,,,,,
vncl_plasmacannon_s3,item_NameVNCL_PlasmaCannon_S3,item_NameVNCL_PlasmaCannon_S3,item_NameVNCL_PlasmaCannon_S3,,3,1,Gun,1024,,,,,,
vncl_plasmacannon_s5,item_NameVNCL_PlasmaCannon_S5,item_NameVNCL_PlasmaCannon_S5_short,item_DescVNCL_PlasmaCannon_S5,,5,1,Gun,1050,,,,,,
weaponaimableangle_antimaterial_s7fe,,,,,,,,,,,,,,
weaponaimableangle_default,,,,,,,,,,,,,,
weaponaimableangle_high,,,,,,,,,,,,,,
weaponaimableangle_low,,,,,,,,,,,,,,
weaponaimableangle_medium,,,,,,,,,,,,,,
weaponaimableangle_mining,,,,,,,,,,,,,,
weaponaimableangle_null,,,,,,,,,,,,,,
weaponaimableangle_pdc,,,,,,,,,,,,,,
weaponaimableangle_veryhigh,,,,,,,,,,,,,,
weaponaimableangle_verylow,,,,,,,,,,,,,,
weapongimbalmodemodifier_default,,,,,,,,,,,,,,
weapongimbalmodemodifier_scatterguns,,,,,,,,,,,,,,
wep_towingbeam_s3_template,item_NameGRIN_TractorBeam_S3,item_NameGRIN_TractorBeam_S3_short,item_DescGRIN_TractorBeam_S1,,3,1,UNDEFINED,1050,,,,,,
wep_tractorbeam_s1_military_1,item_NameGRIN_TractorBeam_003_S1,item_NameGRIN_TractorBeam_003_S1,item_DescGRIN_TractorBeam_003_shared,,1,1,UNDEFINED,1050,,,,,,
wep_tractorbeam_s1_template,item_NameGRIN_TractorBeam_S1,item_NameGRIN_TractorBeam_S1_short,item_DescGRIN_TractorBeam_S1,,1,1,UNDEFINED,1050,,,,,,
wep_tractorbeam_s1_utility_1,item_NameGRIN_TractorBeam_002_S1_UT1,item_NameGRIN_TractorBeam_002_S1_UT1,item_DescGRIN_TractorBeam_002_shared_UT1,,1,1,UNDEFINED,1050,,,,,,
wep_tractorbeam_s1_utility_2,item_NameGRIN_TractorBeam_002_S1_UT2,item_NameGRIN_TractorBeam_002_S1_UT2,item_DescGRIN_TractorBeam_002_shared_UT2,,1,1,UNDEFINED,1050,,,,,,
wep_tractorbeam_s2_military_1,item_NameGRIN_TractorBeam_003_S2,item_NameGRIN_TractorBeam_003_S2,item_DescGRIN_TractorBeam_003_shared,,2,1,UNDEFINED,1050,,,,,,
wep_tractorbeam_s2_template,item_NameGRIN_TractorBeam_S2,item_NameGRIN_TractorBeam_S2_short,item_DescGRIN_TractorBeam_S1,,2,1,UNDEFINED,1050,,,,,,
wep_tractorbeam_s2_utility_1,item_NameGRIN_TractorBeam_002_S2_UT1,item_NameGRIN_TractorBeam_002_S2_UT1,item_DescGRIN_TractorBeam_002_shared_UT1,,2,1,UNDEFINED,1050,,,,,,
wep_tractorbeam_s2_utility_2,item_NameGRIN_TractorBeam_002_S2_UT2,item_NameGRIN_TractorBeam_002_S2_UT2,item_DescGRIN_TractorBeam_002_shared_UT2,,2,1,UNDEFINED,1050,,,,,,
wep_tractorbeam_s3_military_1,item_NameGRIN_TractorBeam_003_S3,item_NameGRIN_TractorBeam_003_S3,item_DescGRIN_TractorBeam_003_shared,,3,1,UNDEFINED,1050,,,,,,
wep_tractorbeam_s3_template,item_NameGRIN_TractorBeam_S3,item_NameGRIN_TractorBeam_S3_short,item_DescGRIN_TractorBeam_S1,,3,1,UNDEFINED,1050,,,,,,
wep_tractorbeam_s3_utility_1,item_NameGRIN_TractorBeam_002_S3_UT1,item_NameGRIN_TractorBeam_002_S3_UT1,item_DescGRIN_TractorBeam_002_shared_UT1,,3,1,UNDEFINED,1050,,,,,,
wep_tractorbeam_s3_utility_2,item_NameGRIN_TractorBeam_002_S3_UT2,item_NameGRIN_TractorBeam_002_S3_UT2,item_DescGRIN_TractorBeam_002_shared_UT2,,3,1,UNDEFINED,1050,,,,,,
wep_tractorbeam_s4_template,item_NameGRIN_TractorBeam_S4,item_NameGRIN_TractorBeam_S4_short,item_DescGRIN_TractorBeam_S1,,4,1,UNDEFINED,1050,,,,,,
