description_key,mema_uec,rate_p50,dur_avg,avg_diff,avg_sat,runs
@vaughn_assassination_FPS_UGF_illegal_boss_desc_001,397179,4.71428571428571,21,3,3.5,2
@Foxwell_SecurityPatrol_E_Desc_001,421875,7.5,7.1,1,4,7
@RAIN_collectresources_multiple_GEN_desc_01,138333,1.33333333333333,45,1,5,1
@HaulCargo_AtoB_desc,247500,5.5,11,1,7,2
@Foxwell_bombingrun_E_desc_001,224438,6.75,9,2,3.5,2
@LingFamily_HaulCargo_MultiToSingle_desc_Party,304023,1.18181818181818,52,1.5,7,2
@Vaughn_EliminateSpecific_FPS_Rockcracker_Power_desc_001,465000,6,10,3,,1
@Shubin_Industrial_HandMining_Pyro_E_Local_Desc_001,96000,1,60,3,3,2
@eckhart_defendship_VLRT_desc_001,355714,8.57142857142857,7.2,1.7,3.9,34
@Foxwell_bombingrun_M_desc_001,166000,4,15,3,5,1
@Foxwell_DefendLocation_VE_Desc_001,118125,3.5,14.8,1.3,3.5,4
@headhunters_EliminateSpecific_Generic_E_desc_001,960000,15,6.6,1,2.3,8
@HaulCargo_AtoB_desc,90000,2.60869565217391,18.2,1.3,5.5,5
@HaulCargo_AtoB_desc,114750,1.5,22,1,7,59
@HaulCargo_AtoB_desc,68523,1.36363636363636,38.7,1.8,7,22
@HaulCargo_AtoB_desc,149000,4,31.3,1,7,3
@headhunters_eliminateall_base_Generic_E_desc_001,180000,4.28571428571429,13.3,1.7,2.6,58
@HaulCargo_AtoB_desc,183059,3.45394736842105,17,1.4,4.8,6
@vaughn_assassination_FPS_UGF_legal_boss_desc_001,530000,6.66666666666667,8,2.5,3.5,3
@Covalex_HaulCargo_SingleToMulti_RefinedOre,385465,1.3953488372093,43,,,1
@headhunters_EliminateSpecific_Asteroid_Generic_VE_desc_001,181667,6.66666666666667,9.2,2,5,5
@headhunters_eliminateall_XT_derelicts_desc_01,633462,4.61538461538461,13,3,3,1
@Headhunters_DefendLocation_VE_Desc_001,155769,4.61538461538461,12.3,2,,3
@Foxwell_SecurityPatrol_VH_Desc_001,455000,2,30,7,4,1
@Foxwell_DefendLocation_VE_Desc_001,135000,4,17,2,6,8
@Covalex_HaulCargo_SingleToMulti_Processed_Mixed_QTFuelHydroFuelShipAmmo,700745,2.10909090909091,29,2,5.5,2
@CFP_SecurityPatrol_VE_Desc_001,97200,2.7,22.5,1.5,1,2
@blackbox_recover_desc_intro_001,112500,3.33333333333333,19.3,2.5,3,3
@HaulCargo_AtoB_desc,262500,6,10,1,7,1
@cfp_eliminateall_intro_desc_001,118000,4,23.3,2,3.5,3
@Foxwell_ShipAmbush_E_desc_001,286875,8.4375,26.5,1.5,4,4
@Foxwell_ShipAmbush_VE_desc_001,270000,12,5.7,1.4,3.6,9
@RAIN_intro_desc_01,207500,2,36.5,1.3,3.3,4
@LingFamily_HaulCargo_MultiToSingle_desc_CFPAmenities,414348,0.869565217391304,64.7,2,5.5,3
@GFS_ShipWaveAttack_Mission01_Desc,200727,8.72727272727273,8.8,1,6,4
@RAIN_collectresources_multiple_GEN_desc_01,345833,3.33333333333333,22.3,1,6,3
@bhg_bounty_desc_ASD_Engineering_001,185500,3.5,23.1,1.5,4,8
@Eckhart_ShipAmbush_E_desc,226500,6,10.8,2.2,4.2,5
@CleanAir_ResourceGathering_Small_Filters_desc,565000,4,15,1,6,1
@Foxwell_SecurityPatrol_VE_Desc_001,337500,10,5.7,1.7,4,3
@searchbodyspace_desc_VE,183750,7.5,7.7,1,4,3
@bitzeros_shipheist_E_desc_001,,6.33333333333333,9.5,2.5,6,2
@headhunters_EliminateSpecific_Asteroid_Generic_VE_desc_001,163500,6,8.7,1.4,3.2,7
@RAIN_collectresources_multiple_GEN_desc_01,138333,1.33333333333333,45,1,5,1
@cfp_sabotage_servers_VH_XT_desc_001,976500,6,10,1,5,1
@Hockcrow_SearchBody_VeryEasy_Description_001,196500,6,10,3,5,1
@Shubin_Industrial_GroundVehicle_Stanton_E_DiscoverPlanetary_Desc_001,199950,2.86666666666667,21.5,1,6,2
@blackbox_recover_desc_VE_001,133759,3.63970588235294,15.7,1.8,3.5,6
@InterSec_ResourceGathering_Cryopods_Desc,852000,6,11.8,2.3,3,8
@cfp_bombingrun_E_desc_001,786000,12,6.8,1,5.3,4
@Shubin_Industrial_ShipMining_Stanton_VE_Local_Desc_001,1455000,30,2.6,1,3.5,19
@headhunters_EliminateSpecific_Generic_M_desc_001,372500,10,5.2,1.3,3.5,10
@destroyprobelegal_desc,79000,4,25.7,1.3,4.3,15
@Shubin_Industrial_HandMining_Intro_Local_Desc_001,114921,2.53968253968254,28.8,1.5,5,8
@northrock_bounty_fps_UGF_boss_desc_001,491488,5.47619047619048,13.5,5,6,6
@blackbox_recover_desc_intro_001,252656,6.875,10.8,1,4,6
@Foxwell_EliminateAll_Allies_desc_001,275455,5.45454545454545,11.6,1.5,2.7,9
@CleanAir_ResourceGathering_Small_Filters_desc,505000,4,15,1,6,1
@Shubin_Industrial_ShipMining_Nyx_E_Local_Desc_001,81000,1.33333333333333,45,3,,1
@blackbox_recover_desc_E_001,140294,3.52941176470588,14.3,1.7,4,3
@CleanAir_Courier_Combat_desc,407000,4,15,1,7,1
@cfp_defend-criminals_desc_001,765000,12,5,,,1
@cfp_sabotage_servers_M_HH_desc_001,,6.47727272727273,8.8,1,5,4
@Intersec_DefendShip_Vanduul_Desc_VeryHard_001,720498,3.67132867132867,42,3.7,4.7,4
@Foxwell_EliminateAll_desc_001,180000,5,10.7,2.7,3.7,3
@EckhartSecurity_EliminateAll_storm_shut_H_desc_001,77102,1.34090909090909,27,,,2
@Hockrow_FacilityDelve_P2M1_Repeat_desc,110893,1.07142857142857,61.8,3.7,5,13
@foxwell_DefendShip_H_desc_001,4672200,31.2,13,2.5,3,2
@Highpoint_KillAnimals_storm_H_desc_001,2787750,31.5,10.5,4,4,2
@cfp_defend_regionshift_desc_001,298000,4,15,2,1,1
@EckhartSecurity_Mercenary_Intro_Desc_001,85909,5.45454545454545,13.3,1,4,7
@Headhunters_EliminateAll_PAF_H_desc_001,119400,2.4,25,7,7,1
@Foxwell_ShipWaveAttack_ClearHostiles_Desc_M_001,718875,6.75,7.8,2,4.7,4
@Shubin_Industrial_ShipMining_Stanton_VE_Local_Desc_001,262083,5.66666666666667,25.5,2,6,2
@cfp_sabotage_generators_VE_desc_001,166250,4.375,13.8,3,4.3,4
@shubin_rockcracker_pvp_desc_01,,0.5,120.3,7,7,4
@Headhunters_defend_XT_VH_desc_001,1664351,6.05769230769231,10.5,3,3,2
@cfp_sabotage_generators_VE_desc_001,367500,6,33,2.3,5,3
@Foxwell_Mercenary_Intro_desc_001,216932,5.22727272727273,15.9,1.7,4.5,18
@HaulCargo_AtoB_desc,17641,0.422535211267606,142,,,1
@Eckhart_EscortShips_E_desc,310651,3.90756302521008,21.8,2,3,8
@Hockrow_FacilityDelve_P2M1_Repeat_desc,166000,4,20.2,1.1,3,12
@RAIN_collectresources_multiple_GEN_desc_01,466500,2,201.2,5.4,1.9,11
@Foxwell_ShipWaveAttack_ClearHostiles_Desc_E_001,412500,6,9.8,3.8,5.3,19
@headhunters_EliminateSpecific_Asteroid_Generic_M_desc_001,706500,6,11.9,2.4,4.7,7
@northrock_bounty_fps_UGF_boss_nocivs_desc_001,446625,4.5,13.5,3,6.5,2
@cfp_bounty_desc_HeadHunters_001,795000,12,5.7,1,4,3
@HeadHunters_ShipAmbush_Intro_desc_001,270000,12,6.5,1.5,1,11
@Foxwell_DestroyNarcotics_H_desc_001,567000,4,15,3.5,3,2
@Foxwell_SecurityPatrol_M_Desc_001,456818,5.45454545454545,10.2,2,4,5
@Foxwell_bombingrun_VE_desc_001,87353,3.52941176470588,17.4,2.2,4.2,11
@CFP_RecoverCargo_Easy_Description,131000,4,16.6,1.5,3.7,7
@HeadHunters_ShipAmbush_E_desc_001,408000,12,7.1,1,1,7
@EckhartSecurity_Defend_E_Desc_001,394659,5.22727272727273,12.4,2.5,4,10
@Shubin_Industrial_HandMining_Pyro_M_DiscoverPlanetary_Desc_001,223125,4.25,94,1.7,2.7,4
@HaulCargo_AtoB_desc,301500,6,10,1,7,2
@Covalex_HaulCargo_AToB_Scrap,372000,6,10,1,7,1
@Covalex_HaulCargo_SingleToMulti_Processed_Mixed_QTFuelHydroFuelShipAmmo,261000,4,15,2,7,1
@HaulCargo_SingleToMulti_desc,261000,4,15,2,7,1
@HaulCargo_MultiToSingle_desc,239000,4,15,2,7,1
@HaulCargo_MultiToSingle_desc,239000,4,15,2,7,1
@Covalex_HaulCargo_SingleToMulti_desc_ProcessedFood_Stanton2,365250,3,20,3,7,1
@HaulCargo_SingleToMulti_desc,270750,3,20,3,7,1
@HaulCargo_SingleToMulti_desc,245909,1.81818181818182,33,3,4,1
@Covalex_HaulCargo_SingleToMulti_Processed_Stims,170455,1.81818181818182,33,3,4,1
@HaulCargo_MultiToSingle_desc,165441,1.76470588235294,34,3,4,1
@HaulCargo_MultiToSingle_desc,214444,2.22222222222222,27,3,5,1
@HaulCargo_AtoB_desc,499500,3,20,2,6,1
@HaulCargo_SingleToMulti_desc,170571,1.71428571428571,44.7,2,5.5,3
@Covalex_HaulCargo_SingleToMulti_Processed_Stims,245025,2.7,22.5,2,6,2
@HaulCargo_AtoB_desc,337759,2.06896551724138,30.6,3,5.5,7
@HaulCargo_MultiToSingle_desc,265263,3.15789473684211,22.7,1.3,6,7
@HaulCargo_AtoB_desc,139154,2.76923076923077,27.8,1.3,6,4
@HaulCargo_SingleToMulti_desc,307500,5,12.5,1.5,6,2
@Covalex_HaulCargo_SingleToMulti_Processed_Stims,180133,1.86666666666667,37.5,2,4.5,4
@Covalex_HaulCargo_AToB_Scrap,328500,4.5,15,1.5,7,2
@Covalex_HaulCargo_SingleToMulti_Processed_Stims,270750,3,27.7,3,7,3
@HaulCargo_SingleToMulti_desc,121837,1.22448979591837,43.8,3,7,6
@HaulCargo_SingleToMulti_desc,108300,1.2,40,3,7,3
@HaulCargo_SingleToMulti_desc,97869,0.983606557377049,55.8,2,7,18
@Covalex_HaulCargo_AToB_Intro_desc,357000,3,20,,,1
@Hockrow_FacilityDelve_P2M4_desc,105284,1.01724137931034,53.2,,,6
@HaulCargo_MultiToSingle_desc,491250,3,20,2,5,1
@Covalex_HaulCargo_MultiToSingle_desc_ScrapWaste_Stanton3,278000,2,30,2,5,1
@HaulCargo_AtoB_desc,88421,1.57894736842105,21.4,2,4,33
@UWC_Refueling_easy_desc_001,985000,20,4.9,2,5.4,8
@Covalex_HaulCargo_SingleToMulti_Processed_Stims,333600,2.4,25,2,5,1
@UWC_Refueling_moderate_desc_001,235909,5.45454545454545,10.2,1.7,4.4,11
@HaulCargo_SingleToMulti_desc,361200,2.4,25,2,5,1
@headhunters_killship_asteroid_rank0_desc_001,310714,8.57142857142857,8.2,1,,9
@HaulCargo_MultiToSingle_desc,150750,3,20,1,3,1
@HaulCargo_SingleToMulti_desc,322174,2.60869565217391,23,1,5,1
@Covalex_HaulCargo_SingleToMulti_Processed_Mixed_QTFuelHydroFuelShipAmmo,308750,2.5,24,1,5,1
@Covalex_HaulCargo_SingleToMulti_Processed_Mixed_QTFuelHydroFuelShipAmmo,393000,2.4,25,2,5,1
@HaulCargo_MultiToSingle_desc,367800,2.4,25,2,5,1
@HaulCargo_AtoB_desc,343929,2.14285714285714,25.3,2,6,7
@SalvageContractor_Description,,6,13.5,1,7,21
@Intersec_DefendShip_Desc_Medium_001,760500,6,11.3,3.4,5,7
@HaulCargo_AtoB_desc,421580,2.58241758241758,24.9,2,6,8
@InterSec_ResourceGathering_Tech_Desc,449505,0.659340659340659,68.4,2.5,3,5
@UWC_Refueling_easy_desc_001,178125,7.5,8.9,1.7,4.7,16
@UWC_Refueling_intro_desc_001,122143,5.14285714285714,83.5,1,4,4
@HaulCargo_AtoB_desc,370933,2.31111111111111,25.3,1.5,5,6
@Covalex_HaulCargo_SingleToMulti_desc_RefinedOre_Mixed,174462,2.15384615384615,28,3,3,2
@FTL_Courier_Stanton_Easy_Desc_001,174000,6,10,1,3,1
@InterSec_SecurityPatrol_VH_desc_001,293750,1.25,28,5,5,2
@UWC_Refueling_multiple_med_desc_001,255938,3.25,19.5,3,5,2
@RedWind_HaulCargo_SingleToMulti_desc_ToCFP_Danger_Timed,403784,0.540540540540541,93.3,3,6,3
@headhunters_killship_gen_vlrt_rank0_desc_001,155357,4.28571428571429,14.9,1,1,9
@FTL_Courier_Stanton_Easy_Desc_001,109611,2.94258373205742,21.9,1.2,4.8,10
@headhunters_killship_gen_vlrt_desc_001,617857,14.2857142857143,5,2,,2
@HaulCargo_AtoB_desc,129422,2.31111111111111,35.3,2,4.3,8
@Eckhart_ShipAmbush_Intro_desc,236250,9,7.5,1.5,3,2
@BHG_Certification_VeryEasy_Desc,245417,6.33333333333333,8.4,1.3,1.7,14
@Hockrow_FacilityDelve_P2M2_desc,137778,2.22222222222222,28,,,8
@Covalex_HaulCargo_AtoB_desc_DeliverAll,337021,1.27659574468085,47,2,6,1
@headhunters_killship_gen_vlrt_rank0_desc_001,483333,13.3333333333333,6,1.5,1,2
@headhunters_killship_gen_lrt_desc_001,1160000,20,4,1.5,1,3
@headhunters_killship_gen_vlrt_rank0_desc_001,489375,13.5,5,2,,8
@Intersec_TSG_Group_Desc_001,2558585,0.888937664618086,73.2,6.3,6.2,36
@cfp_defendship_Intro_Desc_001,415000,10,6.5,2.5,3.5,4
@Shubin_Industrial_ShipMining_Stanton_VE_Local_Desc_001,173182,5.45454545454545,15.5,2,5,23
@headhunters_EliminateSpecific_Asteroid_Generic_VE_desc_001,231625,8.5,17,2,5,2
@Intersec_DefendShip_Desc_Hard_001,416376,2.47474747474747,13,4,4.8,6
@HaulCargo_AtoB_desc,241500,3,20.6,2,5.1,9
@RedWind_HaulCargo_desc_intro,180147,3.43137254901961,19.4,1,5.5,8
@Covalex_HaulCargo_AtoB_desc_ToRuinStation,313953,1.22399020807834,50,2,6,2
@Covalex_HaulCargo_SingleToMulti_desc_ProcessedFood_Stanton2,88271,1.58333333333333,38,1,,2
@HeadHunters_ShipAmbush_Intro_desc_001,262500,10,6,1,1,1
@Foxwell_Mercenary_Rehire_desc_001,173143,3.42857142857143,20.8,2.5,4.5,6
@Hockrow_FacilityDelve_P1M2_desc,90144,2.40384615384615,29.5,2,2,4
@UWC_Refueling_intro_desc_001,153462,4.61538461538461,13,2,6,1
@Shubin_Industrial_ShipMining_Nyx_VE_Local_Desc_001,443571,19.2857142857143,4.5,,,2
@HaulCargo_AtoB_desc,57000,1.09090909090909,44.7,1,4.5,3
@cfp_sabotage_generators_VE_desc_001,175385,4.61538461538461,19.8,2.3,3.7,11
@HaulCargo_AtoB_desc,123472,1.94444444444444,31.5,1,,2
@headhunters_defendship_VLRT_desc_001,622500,15,4.6,1,1.5,5
@SalvageContractor_Description,,4,14.3,1,5.3,4
@LingFamily_HaulCargo_AToB_Intro_desc,260385,1.53846153846154,36.3,1.7,5,3
@SalvageContractor_Description,,2.14285714285714,28,,,13
@Covalex_HaulCargo_AtoB_desc_ToRuinStation,368372,1.3953488372093,41.6,2,6,5
@bhg_bounty_desc_gen_001,525000,20,4.2,1,3.5,5
@UWC_Refueling_easy_desc_001,450750,3,23,2.3,5.7,7
@bhg_bounty_desc_gen_001,665000,20,3.2,1,4,6
@HaulCargo_AtoB_desc,134894,2.39811912225705,33.3,1,5,12
@HaulCargo_AtoB_desc,177658,2.03619909502262,28.3,2,4,4
@Hockrow_FacilityDelve_P1M3_desc,153409,2.72727272727273,19.7,,,3
@headhunters_killship_asteroid_rank0_desc_001,725000,20,4,1,1,7
@UWC_Refueling_multiple_med_desc_001,302308,4.61538461538461,12.7,1.5,5.3,3
@bhg_bounty_desc_gen_001,358125,7.5,8,,,1
@GFS_ShipWaveAttack_Mission05_Desc,1389000,12,5.6,2.6,4.7,27
@HaulCargo_SingleToMulti_desc,369000,6,10,1,7,1
@Adagio_Industrial_Salvage_Universal_E_Desc_002,47391,0.869565217391304,69,,,1
@foxwell_DefendShip_E_desc_001,810000,13.5,4.1,1.7,4.7,12
@HaulCargo_SingleToMulti_desc,369000,6,10,1,7,1
@HaulCargo_SingleToMulti_desc,369000,6,10,1,7,1
@UWC_Refueling_easy_desc_001,391667,6.66666666666667,9.3,,,6
@HaulCargo_SingleToMulti_desc,369000,6,10,1,7,1
@HaulCargo_SingleToMulti_desc,369000,6,10,1,7,1
@HaulCargo_SingleToMulti_desc,369000,6,10,1,7,1
@HaulCargo_AtoB_desc,301500,6,10,1,7,1
@HaulCargo_AtoB_desc,190714,4.28571428571429,14,,,1
@GFS_ShipWaveAttack_Mission07_Desc,1708125,7.5,8.4,2.5,5,9
@HaulCargo_AtoB_desc,201000,4,15.9,1,4.8,9
@HaulCargo_AtoB_desc,106071,2.14285714285714,23.7,1,7,3
@Covalex_HaulCargo_AToB_Intro_desc,177353,3.52941176470588,14.7,1,2,3
@FTL_Courier_Nyx_Easy_Desc_001,79839,1.93548387096774,31,1,2,1
@UWC_Refueling_easy_desc_001,124143,6.28571428571429,14.8,1,2.5,4
@HaulCargo_SingleToMulti_desc,127366,1.60714285714286,35,3,4,4
@Adagio_Industrial_Salvage_Universal_M_Desc_001,247304,2.50434782608696,20.5,1,3.3,6
@UWC_Refueling_high_desc_001,1503333,3.33333333333333,19.8,2.8,6.8,9
@GFS_ShipWaveAttack_Mission03_Desc,832500,15,4.1,1,5,17
@SalvageContractor_Difficulty_Hard,,7.36363636363636,13.5,1,1,2
@bhg_bounty_desc_gen_001,64432,5.72727272727273,12.3,1.5,3.8,4
@HaulCargo_SingleToMulti_desc,36143,0.571428571428571,105,,,1
@headhunters_defendship_VLRT_PA_desc_001,149900,3.61204013377926,16.8,2,2,4
@EckhartSecurity_DestroyServers_FacilityDelving_Desc_004,189643,4.28571428571429,14,1,4,1
@cfp_sabotage_servers_M_HH_desc_001,465000,7.5,16.5,1.3,4.7,13
@cfp_defendship_VLRT_SB_desc_001,226364,5.45454545454545,11,2,3,1
@HaulCargo_AtoB_desc,90517,2.06896551724138,29,,,2
@Headhunters_DefendLocation_E_Desc_001,366923,4.61538461538461,13,1,1,1
@bhg_bounty_desc_ShatteredBlade_001,215000,10,6,,,1
@Adagio_Industrial_Salvage_Universal_Intro_Desc_001,150000,3.33333333333333,18.6,1,5,5
@HaulCargo_AtoB_desc,50250,1,37.3,1,7,3
@Shubin_Industrial_ShipMining_Nyx_VH_Secondary_Desc_001,1136180,5.59006211180124,15,,,2
@HeadHunters_ShipAmbush_VE_desc_001,112500,4.28571428571429,18.3,1.5,2,3
@LingFamily_HaulCargo_AToB_desc_Fruit_Timed,319584,1.61406025824964,35,1.3,4,4
@LingFamily_HaulCargo_AToB_Intro_desc,307419,0.645161290322581,76,1.6,4.6,7
@Headhunters_SecurityPatrol_VE_Desc_001,93913,2.60869565217391,23,1.3,1.7,3
@UWC_Refueling_multiple_med_desc_001,6773438,3.75,31.6,2.1,5.8,19
@spacecollect_cargo_desc_intro_01,147000,4,15,,,1
@spacecollect_cargo_desc_VE_01,105000,2.85714285714286,21,,,1
@Headhunters_SecurityPatrol_M_Desc_001,295588,3.52941176470588,17,,,1
@headhunters_EliminateSpecific_Generic_M_desc_001,795000,12,5,1,3,1
@UWC_Refueling_easy_desc_001,288333,6.66666666666667,43,,,9
@headhunters_killship_gen_vlrt_rank0_desc_001,435000,12,7.3,2,3,8
@HeadHunters_ShipAmbush_VE_desc_001,270000,12,8,,,3
@LingFamily_HaulCargo_MultiToSingle_desc_Party,251391,0.977224576271186,45.8,1,5,6
@Shubin_Industrial_ShipMining_Stanton_VE_Local_Desc_001,111563,3.75,14.3,,,4
@cfp_sabotage_generators_VE_desc_001,147000,2.4,94.3,3,3,3
@HaulCargo_AtoB_desc,252500,5,12,,,1
@HaulCargo_AtoB_desc,275455,5.45454545454545,11,,,1
@Adagio_Industrial_Salvage_Universal_Intro_Desc_001,142105,3.15789473684211,19,1,4,1
@Intersec_TSG_Assist_Solo_Desc_001,267273,5.45454545454545,12.5,3.6,4.3,30
@HaulCargo_AtoB_desc,52682,0.944976076555024,39.5,,,2
@Foxwell_DefendLocation_E_Desc_001,366923,4.61538461538461,12.8,2.7,4.7,4
@cfp_defendship_VLRT_desc_001,249000,6,10.4,3,3.5,9
@UWC_Refueling_moderate_desc_001,311827,5.30769230769231,19.2,2,4.7,16
@headhunters_defendship_LRT_desc_001,940625,17.5,4.8,1,1,4
@Foxwell_SecurityPatrol_VE_Desc_001,253125,7.5,11.9,1.4,3.2,19
@Headhunters_DefendLocation_VE_Desc_001,115809,3.43137254901961,18,1.7,2.7,4
@EckhartSecurity_RecoverCargo_Medium_Description,205000,3.33333333333333,18,,,2
@Hockrow_FacilityDelve_P3M1_desc,409381,0.530973451327434,119.7,5,6,3
@HaulCargo_AtoB_desc,41223,0.713815789473684,68.5,,,2
@HeadHunters_ShipAmbush_E_desc_001,244517,6.47727272727273,9.5,1.5,2,2
@vaughn_assassination_FPS_UGF_legal_desc_001,605893,9.28571428571428,6.5,1,5,4
@Shubin_Industrial_GroundVehicle_Stanton_E_DiscoverPlanetary_Desc_001,805000,10,6,,,1
@Shubin_Industrial_HandMining_Stanton_M_DiscoverPlanetary_Desc_001,328125,7.5,8,,,1
@Shubin_Industrial_ShipMining_Stanton_M_Solar_Desc_001,509250,10.5,7,1,6,2
@Covalex_HaulCargo_AToB_Intro_desc,188438,3.75,16,1,4,1
@HeadHunters_ShipAmbush_VE_desc_001,168750,7.5,8,3,4,1
@Shubin_Industrial_ShipMining_Stanton_H_Secondary_Desc_001,207705,3.36363636363636,20,1,2.8,4
@Headhunters_DefendLocation_E_Desc_001,318000,4,15,3,4,4
@vaughn_assassination_description_S,808500,6,9.2,,,5
@HaulCargo_SingleToMulti_desc,194000,4,15,1,7,1
@Covalex_HaulCargo_SingleToMulti_Processed_Stims,194000,4,15,1,7,1
@HaulCargo_SingleToMulti_desc,194000,4,15,1,7,1
@HaulCargo_AtoB_desc,149000,4,15,1,7,1
@RedWind_HaulCargo_AToB_desc_01,215000,4,15,1,7,1
@RedWind_HaulCargo_AToB_desc_01,215000,4,15,1,7,1
@LingFamily_HaulCargo_AToB_desc_Party_Timed,356583,1.83333333333333,36,1,,6
@northrock_boarders_890J_desc_001,618182,6.06060606060606,10,2.5,3.5,4
@searchbodyspace_desc_intro,122500,8.75,7,,,2
@HaulCargo_AtoB_desc,124398,2.04769736842105,41.5,,,2
@headhunters_EliminateSpecific_Asteroid_Generic_VE_desc_001,218000,8,8,1.5,3,2
@Adagio_Industrial_Salvage_Universal_E_Desc_001,95808,1.76603773584906,39,1,4,2
@headhunters_killship_asteroid_rank0_desc_001,245982,6.78571428571429,9.5,1,4,2
@Intersec_KillShip_Desc_Intro_001,589500,6,11.1,3,5,8
@HeadHunters_ShipAmbush_E_desc_001,255000,7.5,9,2,4,2
@HaulCargo_AtoB_desc,153537,2.77894736842105,40.8,1,6,4
@BHG_ShipWaveAttack_DrawOutBoss_H_Desc_001,636000,3,17.6,3,6,5
@DeadSaints_HaulCargo_AToB_intro_desc,289756,1.46341463414634,41,,,1
@Covalex_HaulCargo_SingleToMulti_RefinedOre,285000,1.01694915254237,59,,,1
@Adagio_Industrial_Salvage_Universal_Intro_Desc_001,135000,3,20,1,5,1
@headhunters_killship_asteroid_rank0_desc_001,271875,7.5,8.6,1.7,2.5,7
@HaulCargo_AtoB_desc,991000,4,15,4,4,1
@cfp_maintenance_E_desc_001,137625,1.5,40,,,1
@Foxwell_EliminateAll_OLP_M_desc_001,98182,2.72727272727273,22,,,1
@Shubin_Industrial_GroundVehicle_Stanton_E_DiscoverPlanetary_Desc_001,427000,4,15,,,1
@headhunters_killship_gen_lrt_desc_001,580000,10,8.3,1,1.3,7
@Covalex_HaulCargo_AtoB_desc_FromRuinStation,271512,1.00096711798839,69,,,2
@vaughn_assassination_VE_desc_intro,173333,6.66666666666667,3,,,1
@Shubin_Industrial_ShipMining_Stanton_VH_Secondary_Desc_001,2223000,12,5.8,1,4,11
@SalvageContractor_Description,,3.15789473684211,19,,,1
@headhunters_killship_asteroid_rank1_desc_001,199615,4.61538461538461,16.8,,,6
@Shubin_Industrial_HandMining_Intro_Local_Desc_001,218000,4,27,1.5,5.8,5
@Intersec_KillShip_Desc_Easy_001,540375,5.5,16.6,1.9,5.4,28
@foxwell_DefendShip_E_desc_001,810000,13.5,4.7,1.5,5.5,6
@headhunters_killship_gen_vlrt_desc_001,432500,10,5,,,7
@HaulCargo_AtoB_desc,249004,1.55384615384615,50.5,,,2
@HaulCargo_MultiToSingle_desc,558943,2.66798418972332,25.5,1,6,16
@headhunters_eliminateall_base_Generic_E_desc_001,315000,7.5,9.3,3,5.5,6
@headhunters_killship_gen_lrt_desc_001,362500,6.25,10,3,5,2
@EckhartSecurity_EliminateBoss_DC_Desc_001,271250,4.375,11.5,3.7,6,8
@headhunters_killship_asteroid_rank1_desc_001,1297500,30,6,1,1,5
@InterSec_KillShip_Vanduul_Desc_Super_001,1324313,5.25,9,2,1,2
@Foxwell_DefendEntitesAndEscort_VE_Desc,306250,5,13.3,2.4,4.5,13
@Foxwell_bombingrun_VH_desc_001,425000,6.66666666666667,9.3,2.6,2.2,6
@FTL_Courier_Nyx_Easy_Desc_001,146094,3.54166666666667,17.7,1,3.2,6
@vaughn_assassination_VE_desc_intro,143382,5.51470588235294,12.3,2,3,4
@headhunters_killship_gen_lrt_desc_001,1218000,21,3.5,,,2
@Foxwell_ShipAmbush_M_desc_001,452500,10,6,1,6,1
@RedWind_HaulCargo_AToB_desc_01,215000,4,15,1,7,1
@HaulCargo_AtoB_desc,180000,4,15,1,7,1
@headhunters_killship_gen_vlrt_desc_001,540625,12.5,4.8,1,2.3,8
@headhunters_killship_gen_vlrt_desc_001,865000,20,3,2,5,1
@Eckhart_ShipAmbush_M_desc,371250,7.5,11.8,1.6,1,10
@HaulCargo_AtoB_desc,149000,4,15,1,7,1
@RedWind_HaulCargo_desc_intro,317105,1.05263157894737,57,,,1
@HaulCargo_SingleToMulti_desc,220000,4,15,,,1
@Covalex_RecoverCargo_Hard_Description,271000,4,15,,,1
@HaulCargo_AtoB_desc,184200,2.4,25,1,7,1
@HaulCargo_AtoB_desc,115000,2,30,1,7,1
@HaulCargo_AtoB_desc,126000,2.4,25,1,7,1
@Covalex_HaulCargo_SingleToMulti_RefinedOre,70000,1.33333333333333,45,1,7,1
@eckhart_defendship_LRT_desc_001,531429,8.57142857142857,8,2,,3
@Adagio_Industrial_Component_Salvage_Stanton_H_Desc_001,922895,1.57894736842105,38,,,1
@HaulCargo_AtoB_desc,67667,1.33333333333333,45,,,1
@shubin_rockcracker_pvp_desc_01,,0.155844155844156,77,,,1
@RAIN_collectresources_multiple_GEN_desc_01,102049,0.983606557377049,61,,,1
@BHG_ShipWaveAttack_DrawOutBoss_S_Desc_001,8965000,20,3,,,1
@HaulCargo_AtoB_desc,148750,2.5,24,,,1
@shubin_rockcracker_pvp_desc_01,,0.197368421052632,76,,,1
@DeadSaints_HaulCargo_MultiToSingle_desc_Drugs_Danger,384103,0.717948717948718,91,,,2
@shubin_rockcracker_solo_desc_01,,0.5,102,4.3,6.7,9
@RedWind_HaulCargo_AToB_desc_LuxuryGoods_Danger_Timed,751359,2.4375,26,,,2
@GFS_ShipWaveAttack_Mission02_Desc,396000,11,5.3,,,4
@headhunters_eliminateall_outpost_desc_01,422143,8.57142857142857,7,1,1,1
@headhunters_sabotage_generators_VE_desc_001,415000,10,6,1,1,1
@Vaughn_EliminateSpecific_FPS_Rockcracker_Warehouse_desc_001,122368,3.15789473684211,19,3,5,1
@searchbodyspace_desc_intro,141000,12,5,,,1
@EckhartSecurity_EliminateAll_DC_Desc_001,248571,4.28571428571429,14,,,1
@HaulCargo_AtoB_desc,108621,2.06896551724138,29,,,1
@Headhunters_SecurityPatrol_VE_Desc_001,84375,2.5,24,1,3,1
@HeadHunters_ShipAmbush_H_desc_001,1023000,12,5,3,5,1
@HeadHunters_ShipAmbush_H_desc_001,852500,10,6,,,1
@LingFamily_RecoverCargo_Easy_Description,80455,2.72727272727273,22,2,3,1
@LingFamily_RecoverCargo_Medium_Description,158571,2.85714285714286,21,1,4,1
@HeadHunters_DefendEntitesAndEscort_VE_Desc,367500,6,9.9,1,1.1,13
@Shubin_Industrial_ShipMining_Stanton_M_Solar_Desc_001,472500,10,46,,,3
@SalvageContractor_Description,,1.0086682427108,64,2,6,2
@headhunters_eliminateall_outpost_desc_01,236000,5.33333333333333,12,3,5,2
@blackbox_recover_desc_VE_001,184091,5.45454545454545,11.7,1.3,6,3
@Foxwell_EliminateAll_PAF_M_desc_001,231429,6.42857142857143,10.5,2.5,4,2
@Foxwell_ShipAmbush_VE_desc_001,135000,6,10.5,1.6,4.7,27
@FTL_Courier_Stanton_Medium_Desc_001,118696,2.60869565217391,23,1,5,2
@Headhunters_eliminateall_caves_desc_01,266000,6.33333333333333,10.5,3,5.5,4
@Shubin_Industrial_ShipMining_Pyro_M_Solar_Desc_001,115909,2.72727272727273,22,,,2
@SalvageContractor_Description,,2.06896551724138,28,1,7,3
@cfp_hauling_intro_desc_001,172125,3.375,18,2,3,2
@Hockrow_FacilityDelve_P2M3_Repeat_desc,315238,3.80952380952381,22.6,2.1,3.9,14
@HaulCargo_SingleToMulti_desc,234536,2.35714285714286,27.5,3,7,2
@HeadHunters_ShipAmbush_M_desc_001,246818,5.45454545454545,11,2,4,2
@HeadHunters_RecoverCargo_VeryEasy_Description,115000,5,12,1,4,1
@HaulCargo_AtoB_desc,157500,3,20,,,3
@Foxwell_ShipAmbush_S_desc_001,171000,0.75,10,,,1
@TheCollector_Conversion_Favors_Desc_2,,10,6,,,1
@HaulCargo_SingleToMulti_desc,82603,0.821917808219178,68.6,1,7,7
@Foxwell_DefendLocation_S_Desc_001,3534167,3.33333333333333,18,,,1
@Foxwell_DefendDestructibleEntites_VE_Desc_001,206250,7.5,8.7,2,6,3
@Shubin_Industrial_ShipMining_Stanton_VH_Secondary_Desc_001,1438412,7.76470588235294,11,,,2
@Eckhart_EscortShips_VE_desc,135000,4,17.9,1.3,1.8,15
@Hockrow_FacilityDelve_P2M1_desc,108261,2.60869565217391,25.2,2,3,5
@Shubin_Industrial_ShipMining_Pyro_M_Solar_Desc_001,85286,1.71428571428571,35,,,3
@bhg_bounty_desc_gen_001,161250,7.5,8.3,,,3
@LingFamily_RecoverCargo_Easy_Description,35400,1.2,50,2,,1
@LingFamily_RecoverCargo_VeryEasy_Description,15000,0.923076923076923,65,1,,1
@cfp_sabotage_generators_M_desc_001,206667,3.33333333333333,18,2,5,1
@cfp_sabotage_VH_desc_001,651000,4,15,4,6,1
@Hockrow_FacilityDelve_P1M1_desc,29976,1.39423076923077,36.8,1.5,3,4
@Shubin_Industrial_ShipMining_Stanton_M_Solar_Desc_001,203860,4.91228070175439,14,,,2
@vaughn_assassination_VE_desc_rehire,250714,8.57142857142857,7.7,2,4,3
@HaulCargo_AtoB_desc,161471,3.52941176470588,17,1,,1
@RedWind_HaulCargo_AToB_desc_ToPyro_Danger,151179,0.416470588235294,147.5,4,4,2
@eckhart_defendship_LRT_SB_desc_001,338182,5.45454545454545,11,3,4,1
@Foxwell_DefendEntitesAndEscort_VE_Desc,408333,6.66666666666667,9.2,2.2,3.8,15
@HaulCargo_AtoB_desc,113906,1.875,32,4,4,6
@cfp_EliminateSpecific_Generic_E_desc_001,263571,4.28571428571429,14,,,1
@HaulCargo_AtoB_desc,101500,2,30,,,1
@bhg_bounty_desc_ShatteredBlade_001,332500,10,6,,,2
@EckhartSecurity_RecoverCargo_VeryEasy_Description,86250,3.75,16,2,4,1
@GFS_ShipWaveAttack_Mission04_Desc,1196250,15,4.6,1.8,5.8,26
@HaulCargo_MultiToSingle_desc,115714,1.71428571428571,35,1,,1
@HaulCargo_AtoB_desc,106607,2.14285714285714,28,1,,1
@Covalex_HaulCargo_SingleToMulti_Processed_Stims,109459,1.62162162162162,37,1,,1
@Covalex_HaulCargo_SingleToMulti_Processed_Stims,70000,1.66666666666667,36,1,,1
@HaulCargo_AtoB_desc,52125,1.5,36.3,1,,3
@bhg_bounty_desc_ShatteredBlade_001,61607,5.47619047619048,11.5,2,3.5,2
@BHG_ShipWaveAttack_DrawOutBoss_H_Desc_001,624286,2.85714285714286,21,5,6,1
@HaulCargo_AtoB_desc,57134,1.64414414414414,36.5,1,,2
@Foxwell_EliminateSpecific_desc_001,550714,8.57142857142857,7,1,6,3
@bhg_bounty_desc_gen_001,96429,8.57142857142857,5.5,1.2,1,13
@BHG_Certification_Easy_Desc,477000,12,4.7,1,2,3
@Intersec_ShipWaveAttack_DrawOutBoss_VH_Desc_001,298828,0.9375,32,,,1
@cfp_sabotage_generators_VE_desc_001,152000,4,15,3,5,1
@vaughn_assassination_description_M,930000,20,3,1,1,1
@searchbodyspace_desc_VE,178500,7.28571428571429,8.5,1,2,2
@CFP_RecoverCargo_Medium_Description,246000,4,15,2,5,1
@HaulCargo_AtoB_desc,585000,3.52941176470588,17,,,1
@vaughn_assassination_VE_desc_intro,390000,15,4,1,1,1
@BHG_ShipWaveAttack_DrawOutBoss_S_Desc_001,203222,0.444444444444444,45,6,5,1
@Covalex_HaulCargo_SingleToMulti_desc_RefinedOre_Mixed,132857,1.71428571428571,35,3,,1
@Adagio_Industrial_Salvage_Universal_E_Desc_002,43897,0.882352941176471,68,,,2
@cfp_maintenance_E_desc_001,165429,1.71428571428571,35,1,3,1
@TheCollector_Ships_Drake_Golem_Dec,,30,2,,,1
@CFP_SabotageRelays_XT_001_Desc,47010,0.618556701030928,97,,,1
@Foxwell_DefendLocation_H_Desc_001,1615000,4,15,3,5,1
@CFP_ShipWaveAttack_ClearHostiles_Desc_VE_001,159000,4,15.3,2.7,4,3
@cfp_defendship_VLRT_desc_001,316190,7.61904761904762,10,2,3.8,8
@RedWind_HaulCargo_SingleToMulti_desc_01,587045,2.72727272727273,22,,,1
@Covalex_RecoverCargo_Hard_Description,271000,4,15,,,2
@Foxwell_ShipAmbush_H_desc_001,1023000,12,5,,,2
@Shubin_Industrial_ShipMining_Nyx_M_Solar_Desc_001,99828,2.06896551724138,29,,,1
@cfp_bombingrun_E_desc_001,477214,7.28571428571429,9.2,1.8,4.7,6
@Intersec_KillShip_Desc_Hard_001,651969,3.875,15.3,3,4.7,40
@RedWind_HaulCargo_AToB_desc_01,583065,1.93548387096774,31,,,1
@bhg_bounty_desc_ASD_Research_001,322393,7.28571428571429,8.2,2.3,4,6
@RedWind_HaulCargo_AToB_desc_01,411627,1.3663967611336,45,,,2
@RedWind_HaulCargo_AToB_desc_01,447857,4.28571428571429,14,,,1
@RedWind_HaulCargo_AToB_waste_desc_01,348333,3.33333333333333,18,,,1
@FTL_Courier_Stanton_Easy_Desc_001,159643,4.28571428571429,26,1,5,32
@RedWind_HaulCargo_AToB_desc_01,447857,4.28571428571429,14,,,1
@RedWind_HaulCargo_AToB_desc_01,447857,4.28571428571429,14,,,1
@RedWind_HaulCargo_AToB_desc_01,418000,4,15,,,1
@CFP_ShipWaveAttack_ClearHostiles_Desc_VE_001,193636,5.45454545454545,11,1,4,1
@DeadSaints_HaulCargo_AToB_desc_Cryopods_Danger,77200,0.2,300,,,1
@BHG_ShipWaveAttack_DrawOutBoss_VH_Desc_001,1267534,4.07239819004525,15,,,2
@BHG_Certification_Medium_Desc,1020000,20,3,,,1
@Headhunters_DefendDestructibleEntites_E_Desc_001,122500,3.33333333333333,9,1,7,1
@GFS_ShipWaveAttack_Mission08_Desc,599571,1.71428571428571,37.4,,,5
@spacecollect_cargo_desc_VE_01,101250,3,20,,,1
@GFS_ShipWaveAttack_Mission06_Desc,2568750,15,4.6,1.5,6.4,43
@Foxwell_DefendDestructibleEntites_VE_Desc_001,305000,10,6,1,5,3
@UWC_Refueling_moderate_desc_001,184286,1.71428571428571,34.3,,,52
@Foxwell_DefendEntitesAndEscort_E_Desc,581083,6.33333333333333,9.5,3.7,5.3,4
@Intersec_DefendShip_Desc_Easy_001,655000,6.66666666666667,12.5,2.6,3.9,21
@Covalex_HaulCargo_AtoB_desc_FromLevski,286974,1.57894736842105,38,,,1
@Covalex_HaulCargo_AtoB_desc_FromLevski,323289,1.57894736842105,38,,,2
@searchbodyspace_desc_VE,129000,6,10,,,1
@Foxwell_DefendEntitesAndEscort_H_Desc,336500,1,12,6,5,1
@Covalex_HaulCargo_AtoB_desc_ToRuinStation,2198571,8.57142857142857,7,,,2
@Foxwell_DefendEntitesAndEscort_H_Desc,448667,1.33333333333333,15,4,5,1
@HaulCargo_AtoB_desc,14167,0.238095238095238,126,,,1
@HeadHunters_DefendEntitesAndEscort_VE_Desc,118548,1.93548387096774,28.8,2.4,2.6,13
@Intersec_KillShip_Desc_Medium_001,609375,4.80769230769231,11.9,3,5.4,44
@Foxwell_DefendEntitesAndEscort_E_Desc,500455,5.45454545454545,11,3,,2
@Foxwell_DefendEntitesAndEscort_VE_Desc,459375,7.5,7.8,,,6
@Foxwell_DefendDestructibleEntites_E_Desc_001,280000,7.61904761904762,9.5,1,6,8
@Headhunters_DefendDestructibleEntites_VE_Desc_001,166364,5.45454545454545,11,2,4,1
@vaughn_assassination_description_VH,1140000,12,5,2,6,1
@vaughn_assassination_FPS_UGF_illegal_desc_001,381000,6,14.3,2,5.7,9
@Covalex_HaulCargo_AToB_Intro_desc,215357,4.28571428571429,14,1,,1
@Kaboos_Intro_Description,489264,0.356996726677578,78.4,4.3,4.5,8
@LingFamily_RecoverCargo_Easy_Description,196500,6,10,,,1
@RedWind_HaulCargo_MultiToSingle_desc_01,709762,0.952380952380952,63,,,1
@HeadHunters_DefendEntitesAndEscort_VE_Desc,334091,5.45454545454545,12.7,1.3,3,9
@Kaboos_Mission_Description,1455512,1.06203007518797,75,3.7,3.5,22
@Foxwell_EliminateSpecific_NonHostiles_desc_001,532500,7.5,10.3,2,4.5,7
@RedWind_HaulCargo_MultiToSingle_desc_01,1342251,1.8010752688172,33.5,,,2
@Headhunters_DefendLocation_H_Desc_001,1345833,3.33333333333333,18,,,1
@Eckhart_ShipAmbush_VE_desc,196875,7.5,9.9,1.4,3.4,27
@headhunters_HaulCargo_RegionLink_desc_001,363261,2.60869565217391,23,,,1
@HeadHunters_DefendEntitesAndEscort_E_Desc,504625,5.5,11,1,2,2
@searchbodyspace_desc_M,223750,5,13.3,,,3
@vaughn_assassination_description_E,441000,12,5.7,2,3,3
@vaughn_assassination_description_VE,195000,6.66666666666667,9,2,3,2
@Hockrow_FacilityDelve_P2M2_Repeat_desc,103653,1.671826625387,35.9,3.8,3.8,8
@Eckhart_EscortShips_H_desc,1211250,3,20,,,1
@Headhunters_DefendDestructibleEntites_E_Desc_001,275625,7.5,8,4,5,1
@Adagio_Industrial_Salvage_Universal_E_Desc_001,246250,5,11.3,1,4.5,7
@Hockrow_FacilityDelve_P3M1_desc,633699,0.821917808219178,53.4,4.3,5.9,29
@TheCollector_Recipes_Desc_HeavyUtil,,1.25,48,,,1
@Headhunters_DefendDestructibleEntites_E_Desc_001,275625,7.5,8,,,1
@Eckhart_EscortShips_M_desc,795000,4,14.3,1.3,1.7,4
@Intersec_TSG_BombRun_Solo_Desc_001,336429,8.57142857142857,11.7,3.1,5,65
@searchbodyspace_desc_E,235714,8.57142857142857,7,1,2,1
@vaughn_assassination_description_M,234126,5.03496503496504,12,2,3,2
@searchbodyspace_desc_M,223750,5,12,1,2,1
@Covalex_HaulCargo_AtoB_desc_FromLevski,290143,1.71428571428571,35,3,7,1
@shubin_rockcracker_pvp_desc_01,,0.0833333333333333,240,,,1
@HeadHunters_ShipAmbush_M_desc_001,452500,10,6,,,1
@Hockrow_FacilityDelve_P2M3_desc,110643,1.33707865168539,44.5,1,5,4
@headhunters_defendship_LRT_PA_desc_001,310000,5,12,,,1
@headhunters_defend_xt_desc_001,27578,0.372670807453416,161,,,2
@Shubin_Industrial_ShipMining_Stanton_M_Solar_Desc_001,2227500,30,2,,,23
@HaulCargo_AtoB_desc,275455,5.45454545454545,11,,,1
@DeadSaints_HaulCargo_SingleToMulti_desc_Stormwal_Danger_Timed,540849,1.13207547169811,53,,,1
@bhg_bounty_desc_gen_001,322500,15,4.8,1.5,4.3,8
@bhg_bounty_desc_FPS_intro,88214,9.28571428571428,7.8,1.3,3.3,8
@Intersec_KillShip_Vanduul_Desc_VeryHard_001,1177500,6,10.1,2,3.3,11
@Foxwell_ShipWaveAttack_ClearHostiles_Desc_VE_001,355000,10,7.3,1.2,4.8,36
@Shubin_Industrial_ShipMining_Nyx_H_Secondary_Desc_001,2805000,30,9,,,4
@RedWind_HaulCargo_AToB_desc_FromPyro_Danger,665870,1.30434782608696,46,,,50
@InterSec_SecurityPatrol_H_Desc_001,381000,2.4,26.5,4.3,4.4,42
