Template Class,Objective Debug Name,Order Index,Resource GUID,Resource Class,Resource Name Key,Min SCU,Max SCU,Max Container Size,Order Summary,Record GUID,Record Path
HaulCargo_AtoB_Bulk_Carbon,Hauling,1,9dc16af8-bfb9-4119-9e54-6db11b0a7ed2,carbon,items_commodities_carbon,400,600,32,,24f1b6c9-f666-4b87-bd1f-6652597ba39f,libs/foundry/records/contracts/contracttemplates/haulcargo_atob_bulk_carbon.xml
HaulCargo_AtoB_Bulk_CleanAir_Cryopods,Hauling,1,f386a33c-ac9a-400a-a7b8-fe1fc7c8d270,iron,items_commodities_iron,400,600,32,,3855544f-61e8-4a66-a74a-49f7cf08d309,libs/foundry/records/contracts/contracttemplates/haulcargo_atob_bulk_cleanair_cryopods.xml
HaulCargo_AtoB_Bulk_CleanAir_MedicalSupplies_Interstellar,Hauling,1,d5506a24-5729-4354-81fb-0959173357c4,medicalSupplies,items_commodities_medicalSupplies,1304,1304,8,,d57eb8b6-abe3-4255-9ff3-e234f7a73aa5,libs/foundry/records/contracts/contracttemplates/haulcargo_atob_bulk_cleanair_medicalsupplies_interstellar.xml
HaulCargo_AtoB_Bulk_CleanAir_MedicalSupplies,Hauling,1,d5506a24-5729-4354-81fb-0959173357c4,medicalSupplies,items_commodities_medicalSupplies,616,616,8,,58914553-515f-47c2-a2d0-93b90d07da31,libs/foundry/records/contracts/contracttemplates/haulcargo_atob_bulk_cleanair_medicalsupplies.xml
HaulCargo_AtoB_Bulk_CleanAir_MoldSample,Hauling,1,70f388a3-a84c-44c6-be8b-3ed295d39e77,MoldSamples,items_commodities_MoldSamples,2992,2992,16,,844469b8-ab07-4e12-b2d1-db3b54fa8677,libs/foundry/records/contracts/contracttemplates/haulcargo_atob_bulk_cleanair_moldsample.xml
HaulCargo_AtoB_Bulk_CleanAir_MoldTreatment,Hauling,1,c87a8d56-8998-46ba-b056-0ebd0b07eed6,MoldTreatment,items_commodities_MoldTreatment,2992,2992,16,,67671b02-3ed4-4280-b87b-70987095f971,libs/foundry/records/contracts/contracttemplates/haulcargo_atob_bulk_cleanair_moldtreatment.xml
HaulCargo_AtoB_Bulk_CleanAir_Resources,Hauling,1,f386a33c-ac9a-400a-a7b8-fe1fc7c8d270,iron,items_commodities_iron,400,600,32,,d19cef13-851e-4d93-82cf-afe2ea96ee81,libs/foundry/records/contracts/contracttemplates/haulcargo_atob_bulk_cleanair_resources.xml
HaulCargo_AtoB_Bulk_CleanAir_VentFilters,Hauling,1,990291f7-211f-4c04-914f-bc98385451be,VentFilters,items_commodities_VentFilters,2992,2992,16,,b9a2fc87-9580-481d-b5d6-f72952edef5d,libs/foundry/records/contracts/contracttemplates/haulcargo_atob_bulk_cleanair_ventfilters.xml
HaulCargo_AtoB_Bulk_Mixed_IronHydroFuelPressIceSpiritsConstMats,Hauling,1,f386a33c-ac9a-400a-a7b8-fe1fc7c8d270,iron,items_commodities_iron,120,120,24,,1df67154-3e05-4b54-86ed-90a2ac8c400a,libs/foundry/records/contracts/contracttemplates/haulcargo_atob_bulk_mixed_ironhydrofuelpressicespiritsconstmats.xml
HaulCargo_AtoB_Bulk_Mixed_IronHydroFuelPressIceSpiritsConstMats,Hauling,2,de9f4d03-6b60-429d-9b26-9f2308bae973,typePlasmaFuel,items_commodities_type_plasmaFuel,120,120,24,,1df67154-3e05-4b54-86ed-90a2ac8c400a,libs/foundry/records/contracts/contracttemplates/haulcargo_atob_bulk_mixed_ironhydrofuelpressicespiritsconstmats.xml
HaulCargo_AtoB_Bulk_Mixed_IronHydroFuelPressIceSpiritsConstMats,Hauling,3,f9f3251a-8e48-408a-b957-f1e3d5d3e213,pressurizedIce,items_commodities_pressurized_ice,120,120,24,,1df67154-3e05-4b54-86ed-90a2ac8c400a,libs/foundry/records/contracts/contracttemplates/haulcargo_atob_bulk_mixed_ironhydrofuelpressicespiritsconstmats.xml
HaulCargo_AtoB_Bulk_Mixed_IronHydroFuelPressIceSpiritsConstMats,Hauling,4,e938ab24-2af8-48b5-9af7-8e82fb26dcb3,distilledSpirits,items_commodities_distilledSpirits,120,120,24,,1df67154-3e05-4b54-86ed-90a2ac8c400a,libs/foundry/records/contracts/contracttemplates/haulcargo_atob_bulk_mixed_ironhydrofuelpressicespiritsconstmats.xml
HaulCargo_AtoB_Bulk_Mixed_IronHydroFuelPressIceSpiritsConstMats,Hauling,5,98aa6a70-80e7-41d7-9128-9692053d57a2,ConstructionMaterials,items_commodities_ConstructionMaterials,80,80,16,,1df67154-3e05-4b54-86ed-90a2ac8c400a,libs/foundry/records/contracts/contracttemplates/haulcargo_atob_bulk_mixed_ironhydrofuelpressicespiritsconstmats.xml
HaulCargo_AtoB_Bulk_Potasium,Hauling,1,8dda1cf4-dc6c-4b31-93f2-8ca28ef6ec55,potassium,items_commodities_potassium,400,600,32,,0ac9ce6e-bc7c-48a0-92f7-879e9c31d814,libs/foundry/records/contracts/contracttemplates/haulcargo_atob_bulk_potasium.xml
HaulCargo_AtoB_Bulk_Waste,Hauling,1,b999ef65-35be-45bf-908a-5eac6e06ba12,waste,items_commodities_waste,400,600,32,,484d42ed-b1ab-4545-8970-3ffc61daba0e,libs/foundry/records/contracts/contracttemplates/haulcargo_atob_bulk_waste.xml
HaulCargo_AtoB_Bulk,Hauling,1,f386a33c-ac9a-400a-a7b8-fe1fc7c8d270,iron,items_commodities_iron,400,600,32,,a713f5d5-a6e1-4b48-896c-926d9842560e,libs/foundry/records/contracts/contracttemplates/haulcargo_atob_bulk.xml
HaulCargo_AtoB_Firesale_LiquidOpium_Large,Hauling,1,8bc60017-e4b6-47b1-bbe0-f2eb944fdeaf,detatrine,items_commodities_detatrine,2500,2500,16,,8fd35d1f-7fb8-4cd5-8c97-78a277df580e,libs/foundry/records/contracts/contracttemplates/haulcargo_atob_firesale_liquidopium_large.xml
HaulCargo_AtoB_Firesale_LiquidOpium_Medium,Hauling,1,8bc60017-e4b6-47b1-bbe0-f2eb944fdeaf,detatrine,items_commodities_detatrine,550,550,16,,a4537ac6-e856-4357-9e92-2969f7523f05,libs/foundry/records/contracts/contracttemplates/haulcargo_atob_firesale_liquidopium_medium.xml
HaulCargo_AtoB_Firesale_LiquidOpium,Hauling,1,8bc60017-e4b6-47b1-bbe0-f2eb944fdeaf,detatrine,items_commodities_detatrine,62,62,16,,4ab16b0f-2f6b-458d-bad7-353258e81e26,libs/foundry/records/contracts/contracttemplates/haulcargo_atob_firesale_liquidopium.xml
HaulCargo_AtoB_GoblinG_Intro,Hauling,1,a789f57a-e12b-4bcd-8132-e0c03d84fc89,copper,items_commodities_copper,1,0,1,,f583a48b-dfb3-4140-b6f6-deae7151dc76,libs/foundry/records/contracts/contracttemplates/haulcargo_atob_gobling_intro.xml
HaulCargo_AtoB_GoblinG_Intro,Hauling,2,60f116f4-c02a-45b2-9ded-333747795124,tungsten,items_commodities_tungsten,1,0,1,,f583a48b-dfb3-4140-b6f6-deae7151dc76,libs/foundry/records/contracts/contracttemplates/haulcargo_atob_gobling_intro.xml
HaulCargo_AtoB_GoblinG_Intro,Hauling,3,4236c16b-c47f-4083-9e26-4313733f2326,corundum,items_commodities_corundum,1,0,1,,f583a48b-dfb3-4140-b6f6-deae7151dc76,libs/foundry/records/contracts/contracttemplates/haulcargo_atob_gobling_intro.xml
HaulCargo_AtoB_GoblinG_Large,Hauling,1,a789f57a-e12b-4bcd-8132-e0c03d84fc89,copper,items_commodities_copper,72,72,4,,9ae04bf0-3f7d-4fdc-8b4d-5569d4c29dc5,libs/foundry/records/contracts/contracttemplates/haulcargo_atob_gobling_large.xml
HaulCargo_AtoB_GoblinG_Large,Hauling,2,60f116f4-c02a-45b2-9ded-333747795124,tungsten,items_commodities_tungsten,36,36,4,,9ae04bf0-3f7d-4fdc-8b4d-5569d4c29dc5,libs/foundry/records/contracts/contracttemplates/haulcargo_atob_gobling_large.xml
HaulCargo_AtoB_GoblinG_Large,Hauling,3,4236c16b-c47f-4083-9e26-4313733f2326,corundum,items_commodities_corundum,72,72,4,,9ae04bf0-3f7d-4fdc-8b4d-5569d4c29dc5,libs/foundry/records/contracts/contracttemplates/haulcargo_atob_gobling_large.xml
HaulCargo_AtoB_GoblinG_Medium,Hauling,1,a789f57a-e12b-4bcd-8132-e0c03d84fc89,copper,items_commodities_copper,19,19,4,,37828e64-28a7-4499-ae71-32500d87d253,libs/foundry/records/contracts/contracttemplates/haulcargo_atob_gobling_medium.xml
HaulCargo_AtoB_GoblinG_Medium,Hauling,2,60f116f4-c02a-45b2-9ded-333747795124,tungsten,items_commodities_tungsten,10,10,4,,37828e64-28a7-4499-ae71-32500d87d253,libs/foundry/records/contracts/contracttemplates/haulcargo_atob_gobling_medium.xml
HaulCargo_AtoB_GoblinG_Medium,Hauling,3,4236c16b-c47f-4083-9e26-4313733f2326,corundum,items_commodities_corundum,19,19,4,,37828e64-28a7-4499-ae71-32500d87d253,libs/foundry/records/contracts/contracttemplates/haulcargo_atob_gobling_medium.xml
HaulCargo_AtoB_GoblinG_Small,Hauling,1,a789f57a-e12b-4bcd-8132-e0c03d84fc89,copper,items_commodities_copper,2,2,1,,2e607a7a-c661-4b5d-b38f-90b53ab4225c,libs/foundry/records/contracts/contracttemplates/haulcargo_atob_gobling_small.xml
HaulCargo_AtoB_GoblinG_Small,Hauling,2,60f116f4-c02a-45b2-9ded-333747795124,tungsten,items_commodities_tungsten,4,4,1,,2e607a7a-c661-4b5d-b38f-90b53ab4225c,libs/foundry/records/contracts/contracttemplates/haulcargo_atob_gobling_small.xml
HaulCargo_AtoB_GoblinG_Small,Hauling,3,4236c16b-c47f-4083-9e26-4313733f2326,corundum,items_commodities_corundum,2,2,1,,2e607a7a-c661-4b5d-b38f-90b53ab4225c,libs/foundry/records/contracts/contracttemplates/haulcargo_atob_gobling_small.xml
HaulCargo_AtoB_GoblinG_Template,Hauling,1,a789f57a-e12b-4bcd-8132-e0c03d84fc89,copper,items_commodities_copper,1,0,1,,be8311a4-869a-4d3e-8fc6-951775dfb841,libs/foundry/records/contracts/contracttemplates/haulcargo_atob_gobling_template.xml
HaulCargo_AtoB_GoblinG_Template,Hauling,2,60f116f4-c02a-45b2-9ded-333747795124,tungsten,items_commodities_tungsten,1,0,1,,be8311a4-869a-4d3e-8fc6-951775dfb841,libs/foundry/records/contracts/contracttemplates/haulcargo_atob_gobling_template.xml
HaulCargo_AtoB_GoblinG_Template,Hauling,3,4236c16b-c47f-4083-9e26-4313733f2326,corundum,items_commodities_corundum,1,0,1,,be8311a4-869a-4d3e-8fc6-951775dfb841,libs/foundry/records/contracts/contracttemplates/haulcargo_atob_gobling_template.xml
HaulCargo_AtoB_Large_Mixed_CarbonPotassiumConstrMatsWidow,Hauling,1,8dda1cf4-dc6c-4b31-93f2-8ca28ef6ec55,potassium,items_commodities_potassium,128,128,16,,8c417a2d-f6b2-4d3b-a75b-7792b8d21f5d,libs/foundry/records/contracts/contracttemplates/haulcargo_atob_large_mixed_carbonpotassiumconstrmatswidow.xml
HaulCargo_AtoB_Large_Mixed_CarbonPotassiumConstrMatsWidow,Hauling,2,98aa6a70-80e7-41d7-9128-9692053d57a2,ConstructionMaterials,items_commodities_ConstructionMaterials,80,80,16,,8c417a2d-f6b2-4d3b-a75b-7792b8d21f5d,libs/foundry/records/contracts/contracttemplates/haulcargo_atob_large_mixed_carbonpotassiumconstrmatswidow.xml
HaulCargo_AtoB_Large_Mixed_CarbonPotassiumConstrMatsWidow,Hauling,3,a69c19f9-f33e-4c87-bfd2-09663585d158,widow,items_commodities_widow,4,4,4,,8c417a2d-f6b2-4d3b-a75b-7792b8d21f5d,libs/foundry/records/contracts/contracttemplates/haulcargo_atob_large_mixed_carbonpotassiumconstrmatswidow.xml
HaulCargo_AtoB_LateBulk_AgriculturalSupplies,Hauling,1,9c09556c-a9c7-4af8-893d-7a3cd6152746,agriculturalSupplies,items_commodities_agriculturalSupplies,640,4600,32,,114a3529-4af6-4fca-bc4f-c3a84972b52e,libs/foundry/records/contracts/contracttemplates/haulcargo_atob_latebulk_agriculturalsupplies.xml
HaulCargo_AtoB_LateBulk_Aluminum,Hauling,1,48c7080a-bbef-43d2-901a-698321ed4340,aluminum,items_commodities_aluminum,640,4600,32,,992e366c-b6b1-429b-8c1a-d6bdbabbd078,libs/foundry/records/contracts/contracttemplates/haulcargo_atob_latebulk_aluminum.xml
HaulCargo_AtoB_LateBulk_Copper,Hauling,1,a789f57a-e12b-4bcd-8132-e0c03d84fc89,copper,items_commodities_copper,640,4600,32,,f825eafb-a1be-4e4c-8f05-c5df5b9d3de2,libs/foundry/records/contracts/contracttemplates/haulcargo_atob_latebulk_copper.xml
HaulCargo_AtoB_LateBulk_Potassium,Hauling,1,8dda1cf4-dc6c-4b31-93f2-8ca28ef6ec55,potassium,items_commodities_potassium,640,4600,32,,6088c912-1432-4e5f-ab45-4970290d0d56,libs/foundry/records/contracts/contracttemplates/haulcargo_atob_latebulk_potassium.xml
HaulCargo_AtoB_LateBulk_ProcessedFood,Hauling,1,accacd33-3a1a-4ec7-8b4a-14b9f028047c,processedFood,items_commodities_processedFood,640,4600,32,,53434a4a-673b-489c-9720-8a5fb3819230,libs/foundry/records/contracts/contracttemplates/haulcargo_atob_latebulk_processedfood.xml
HaulCargo_AtoB_LateBulk_Quartz,Hauling,1,35121003-f1af-481a-b16f-7f48d8af0efb,quartz,items_commodities_quartz,640,4600,32,,683e7f48-9fdc-458c-b1a0-717f096f7142,libs/foundry/records/contracts/contracttemplates/haulcargo_atob_latebulk_quartz.xml
HaulCargo_AtoB_LateBulk_Silicon,Hauling,1,7bbd3197-a6e1-49b3-a495-0b7ef4f8ce40,silicon,items_commodities_silicon,640,4600,32,,ffe446cb-6e86-49cf-bf8d-58c2b6a5ce06,libs/foundry/records/contracts/contracttemplates/haulcargo_atob_latebulk_silicon.xml
HaulCargo_AtoB_LateBulk,Hauling,1,f386a33c-ac9a-400a-a7b8-fe1fc7c8d270,iron,items_commodities_iron,640,4600,32,,0999f5b9-9fc8-4af4-ac81-b92057aa33d4,libs/foundry/records/contracts/contracttemplates/haulcargo_atob_latebulk.xml
HaulCargo_AtoB_Small_AgriculturalSupplies,Hauling,1,9c09556c-a9c7-4af8-893d-7a3cd6152746,agriculturalSupplies,items_commodities_agriculturalSupplies,6,32,4,,16d18b1b-0bef-4591-85a6-ceacddf3c1d8,libs/foundry/records/contracts/contracttemplates/haulcargo_atob_small_agriculturalsupplies.xml
HaulCargo_AtoB_Small_Aluminum,Hauling,1,48c7080a-bbef-43d2-901a-698321ed4340,aluminum,items_commodities_aluminum,6,32,4,,43727988-9180-4332-92ab-68cca4e4ddea,libs/foundry/records/contracts/contracttemplates/haulcargo_atob_small_aluminum.xml
HaulCargo_AtoB_Small_Carbon,Hauling,1,9dc16af8-bfb9-4119-9e54-6db11b0a7ed2,carbon,items_commodities_carbon,6,32,4,,b40ba53b-1dbe-4d1d-925c-be07fcf0cf14,libs/foundry/records/contracts/contracttemplates/haulcargo_atob_small_carbon.xml
HaulCargo_AtoB_Small_CleanAir_MedicalSupplies_Interstellar,Hauling,1,d5506a24-5729-4354-81fb-0959173357c4,medicalSupplies,items_commodities_medicalSupplies,6,6,1,,e843f7cb-9f76-40df-b0d9-d1eea482ecee,libs/foundry/records/contracts/contracttemplates/haulcargo_atob_small_cleanair_medicalsupplies_interstellar.xml
HaulCargo_AtoB_Small_CleanAir_MedicalSupplies,Hauling,1,d5506a24-5729-4354-81fb-0959173357c4,medicalSupplies,items_commodities_medicalSupplies,6,6,1,,53420957-ccfc-46e3-9e82-9ff312e4aba0,libs/foundry/records/contracts/contracttemplates/haulcargo_atob_small_cleanair_medicalsupplies.xml
HaulCargo_AtoB_Small_CleanAir_MoldSamples,Hauling,1,70f388a3-a84c-44c6-be8b-3ed295d39e77,MoldSamples,items_commodities_MoldSamples,8,8,1,,2ca5b1b3-d57f-4c4b-b64b-d51114493723,libs/foundry/records/contracts/contracttemplates/haulcargo_atob_small_cleanair_moldsamples.xml
HaulCargo_AtoB_Small_CleanAir_MoldTreatment_Interstellar,Hauling,1,c87a8d56-8998-46ba-b056-0ebd0b07eed6,MoldTreatment,items_commodities_MoldTreatment,8,8,1,,f9a12e1d-a41d-4dca-bf4c-66640f8b55cd,libs/foundry/records/contracts/contracttemplates/haulcargo_atob_small_cleanair_moldtreatment_interstellar.xml
HaulCargo_AtoB_Small_CleanAir_MoldTreatment,Hauling,1,c87a8d56-8998-46ba-b056-0ebd0b07eed6,MoldTreatment,items_commodities_MoldTreatment,6,6,1,,22a79236-3ebe-492b-ad42-ed8ad65e5cbc,libs/foundry/records/contracts/contracttemplates/haulcargo_atob_small_cleanair_moldtreatment.xml
HaulCargo_AtoB_Small_CleanAir_Resources,Hauling,1,f386a33c-ac9a-400a-a7b8-fe1fc7c8d270,iron,items_commodities_iron,6,32,4,,0c1f30fc-bf22-4d04-8216-64822a6f40fa,libs/foundry/records/contracts/contracttemplates/haulcargo_atob_small_cleanair_resources.xml
HaulCargo_AtoB_Small_CleanAir_VentFilters,Hauling,1,990291f7-211f-4c04-914f-bc98385451be,VentFilters,items_commodities_VentFilters,8,8,1,,222c8a9f-f404-4936-9084-9a868fcf5a04,libs/foundry/records/contracts/contracttemplates/haulcargo_atob_small_cleanair_ventfilters.xml
HaulCargo_AtoB_Small_ConstructionMaterials,Hauling,1,98aa6a70-80e7-41d7-9128-9692053d57a2,ConstructionMaterials,items_commodities_ConstructionMaterials,6,32,4,,533af4dd-33a3-41e0-8d27-5a478f93b2ba,libs/foundry/records/contracts/contracttemplates/haulcargo_atob_small_constructionmaterials.xml
HaulCargo_AtoB_Small_Copper,Hauling,1,a789f57a-e12b-4bcd-8132-e0c03d84fc89,copper,items_commodities_copper,6,32,4,,acd84fa3-4b90-474b-9423-94f25db805ec,libs/foundry/records/contracts/contracttemplates/haulcargo_atob_small_copper.xml
HaulCargo_AtoB_Small_EletronicEquipment,Hauling,1,5f2d394d-6e69-4cb8-afb2-81a96544936e,Carryable_TBO_FL_16SCU_Commodity_ProcessedGoods_ElectronicsEquipment,,6,32,4,,fb6a2f55-a601-41c2-a4c0-3e7fb0868a0e,libs/foundry/records/contracts/contracttemplates/haulcargo_atob_small_eletronicequipment.xml
HaulCargo_AtoB_Small_Hydrogen,Hauling,1,530da47b-c6bb-4d95-a1ee-23a1e4e27b45,hydrogen,items_commodities_hydrogen,6,32,4,,6d6fa0c0-8c68-4eba-a2a1-4863753ca844,libs/foundry/records/contracts/contracttemplates/haulcargo_atob_small_hydrogen.xml
HaulCargo_AtoB_Small_MedicalSupplies,Hauling,1,d5506a24-5729-4354-81fb-0959173357c4,medicalSupplies,items_commodities_medicalSupplies,6,32,4,,2e174a32-cb3c-46cb-a244-58a0e7827d9b,libs/foundry/records/contracts/contracttemplates/haulcargo_atob_small_medicalsupplies.xml
HaulCargo_AtoB_Small_Potassium,Hauling,1,8dda1cf4-dc6c-4b31-93f2-8ca28ef6ec55,potassium,items_commodities_potassium,6,10,4,,42213ab2-607e-4fc6-a01d-01d6e73d16df,libs/foundry/records/contracts/contracttemplates/haulcargo_atob_small_potassium.xml
HaulCargo_AtoB_Small_ProcessedFood,Hauling,1,accacd33-3a1a-4ec7-8b4a-14b9f028047c,processedFood,items_commodities_processedFood,6,32,4,,2859e5f5-4657-4f02-af58-534d32447283,libs/foundry/records/contracts/contracttemplates/haulcargo_atob_small_processedfood.xml
HaulCargo_AtoB_Small_Quartz,Hauling,1,35121003-f1af-481a-b16f-7f48d8af0efb,quartz,items_commodities_quartz,6,32,4,,7c690094-b9d7-48ec-bae8-b6793e3aa4cc,libs/foundry/records/contracts/contracttemplates/haulcargo_atob_small_quartz.xml
HaulCargo_AtoB_Small_RantaDung,Hauling,1,5cc98bf3-8edd-4184-9e47-2ff40e4c556b,rantadung,items_commodities_rantadung,8,8,4,,76791432-695f-42a1-b431-169e1d69089e,libs/foundry/records/contracts/contracttemplates/haulcargo_atob_small_rantadung.xml
HaulCargo_AtoB_Small_ShipAmmo,Hauling,1,984c2ac5-70dc-43be-85a2-15b8db95dcd2,militarySupplies,items_commodities_militarySupplies,6,32,4,,514008aa-477a-4e8c-88c5-f64bd75f7aae,libs/foundry/records/contracts/contracttemplates/haulcargo_atob_small_shipammo.xml
HaulCargo_AtoB_Small_Silicon,Hauling,1,7bbd3197-a6e1-49b3-a495-0b7ef4f8ce40,silicon,items_commodities_silicon,6,32,4,,a0f6e96e-a7b2-4bea-a53e-8022871e16ac,libs/foundry/records/contracts/contracttemplates/haulcargo_atob_small_silicon.xml
HaulCargo_AtoB_Small_Slam_unproccessed,Hauling,1,9890f3ac-8b41-4821-a1bd-2d64ab507c2b,slam,items_commodities_slam,6,32,4,,a1220fff-fb8f-43d2-b545-368bae56572a,libs/foundry/records/contracts/contracttemplates/haulcargo_atob_small_slam_unproccessed.xml
HaulCargo_AtoB_Small_Tungsten,Hauling,1,60f116f4-c02a-45b2-9ded-333747795124,tungsten,items_commodities_tungsten,6,32,4,,01e62498-5f52-4905-8303-13818835d202,libs/foundry/records/contracts/contracttemplates/haulcargo_atob_small_tungsten.xml
HaulCargo_AtoB_Small_Waste,Hauling,1,b999ef65-35be-45bf-908a-5eac6e06ba12,waste,items_commodities_waste,6,32,4,,b73a313d-5d1a-471b-b883-c3fc4dd7ff29,libs/foundry/records/contracts/contracttemplates/haulcargo_atob_small_waste.xml
HaulCargo_AtoB_Small,Hauling,1,f386a33c-ac9a-400a-a7b8-fe1fc7c8d270,iron,items_commodities_iron,6,32,4,,667d721c-bd92-47a7-bf33-89ec1216ba25,libs/foundry/records/contracts/contracttemplates/haulcargo_atob_small.xml
HaulCargo_AtoB_Supply_Carbon,Hauling,1,9dc16af8-bfb9-4119-9e54-6db11b0a7ed2,carbon,items_commodities_carbon,50,350,8,,9479785c-4680-4ccb-87c4-55a58f3d49f3,libs/foundry/records/contracts/contracttemplates/haulcargo_atob_supply_carbon.xml
HaulCargo_AtoB_Supply_CleanAir_MedicalSupplies_Interstellar,Hauling,1,d5506a24-5729-4354-81fb-0959173357c4,medicalSupplies,items_commodities_medicalSupplies,176,176,4,,ec096f2f-be14-4175-bc15-162a3a979845,libs/foundry/records/contracts/contracttemplates/haulcargo_atob_supply_cleanair_medicalsupplies_interstellar.xml
HaulCargo_AtoB_Supply_CleanAir_MedicalSupplies,Hauling,1,d5506a24-5729-4354-81fb-0959173357c4,medicalSupplies,items_commodities_medicalSupplies,256,256,4,,fb24143a-4c5a-440d-bd65-2f8ecac34904,libs/foundry/records/contracts/contracttemplates/haulcargo_atob_supply_cleanair_medicalsupplies.xml
HaulCargo_AtoB_Supply_CleanAir_MoldSamples,Hauling,1,70f388a3-a84c-44c6-be8b-3ed295d39e77,MoldSamples,items_commodities_MoldSamples,296,296,8,,8bd80072-77c4-4e92-bc4b-a4ff8a1c8d89,libs/foundry/records/contracts/contracttemplates/haulcargo_atob_supply_cleanair_moldsamples.xml
HaulCargo_AtoB_Supply_CleanAir_MoldTreatment,Hauling,1,c87a8d56-8998-46ba-b056-0ebd0b07eed6,MoldTreatment,items_commodities_MoldTreatment,296,296,8,,3c012c89-77e5-486a-9fa2-8c261c82b5e0,libs/foundry/records/contracts/contracttemplates/haulcargo_atob_supply_cleanair_moldtreatment.xml
HaulCargo_AtoB_Supply_CleanAir_Resources,Hauling,1,f386a33c-ac9a-400a-a7b8-fe1fc7c8d270,iron,items_commodities_iron,50,350,8,,408d8591-3de3-4db5-97b1-41cf4fb73e02,libs/foundry/records/contracts/contracttemplates/haulcargo_atob_supply_cleanair_resources.xml
HaulCargo_AtoB_Supply_CleanAir_VentFilters,Hauling,1,990291f7-211f-4c04-914f-bc98385451be,VentFilters,items_commodities_VentFilters,296,296,8,,de554ef0-f21b-4cb8-a511-79e91cd4e0e6,libs/foundry/records/contracts/contracttemplates/haulcargo_atob_supply_cleanair_ventfilters.xml
HaulCargo_AtoB_Supply_Potassium,Hauling,1,8dda1cf4-dc6c-4b31-93f2-8ca28ef6ec55,potassium,items_commodities_potassium,50,350,8,,ce1479e5-47b4-492c-a09a-55bce2526b2f,libs/foundry/records/contracts/contracttemplates/haulcargo_atob_supply_potassium.xml
HaulCargo_AtoB_Supply_Waste,Hauling,1,b999ef65-35be-45bf-908a-5eac6e06ba12,waste,items_commodities_waste,50,350,8,,203167cf-a30c-4f35-8ac7-6799defd7f2e,libs/foundry/records/contracts/contracttemplates/haulcargo_atob_supply_waste.xml
HaulCargo_AtoB_Supply,Hauling,1,f386a33c-ac9a-400a-a7b8-fe1fc7c8d270,iron,items_commodities_iron,50,350,8,,967c2f2d-02e1-4e1b-9efd-585427a3e7b5,libs/foundry/records/contracts/contracttemplates/haulcargo_atob_supply.xml
HaulCargo_AtoB_WTP_AgriculturalSupplies,Hauling,1,9c09556c-a9c7-4af8-893d-7a3cd6152746,agriculturalSupplies,items_commodities_agriculturalSupplies,3,3,1,,9d3424fe-881c-492a-97f7-40ed54eaf2ec,libs/foundry/records/contracts/contracttemplates/haulcargo_atob_wtp_agriculturalsupplies.xml
HaulCargo_AtoB_WTP_MedicalSupplies,Hauling,1,d5506a24-5729-4354-81fb-0959173357c4,medicalSupplies,items_commodities_medicalSupplies,3,5,1,,aece763a-811a-4f88-9771-e12bdeb3c92a,libs/foundry/records/contracts/contracttemplates/haulcargo_atob_wtp_medicalsupplies.xml
HaulCargo_AtoB_WTP_ProcessedFood,Hauling,1,accacd33-3a1a-4ec7-8b4a-14b9f028047c,processedFood,items_commodities_processedFood,3,7,1,,56e5d179-e629-4af2-af27-3128d2d323dc,libs/foundry/records/contracts/contracttemplates/haulcargo_atob_wtp_processedfood.xml
HaulCargo_AtoB_YardRush_Mining_Large_Stanton,Hauling,1,a789f57a-e12b-4bcd-8132-e0c03d84fc89,copper,items_commodities_copper,334,334,-1,,b4cfdcf2-03ba-4bd5-8921-020982454597,libs/foundry/records/contracts/contracttemplates/haulcargo_atob_yardrush_mining_large_stanton.xml
HaulCargo_AtoB_YardRush_Mining_Large_Stanton,Hauling,2,4236c16b-c47f-4083-9e26-4313733f2326,corundum,items_commodities_corundum,334,334,-1,,b4cfdcf2-03ba-4bd5-8921-020982454597,libs/foundry/records/contracts/contracttemplates/haulcargo_atob_yardrush_mining_large_stanton.xml
HaulCargo_AtoB_YardRush_Mining_Large,Hauling,1,1b4c4042-5fdc-4b52-bec4-07085cb3520a,tin,items_commodities_tin,228,228,-1,,b3d06464-9854-420c-bed3-98d5bac0efc1,libs/foundry/records/contracts/contracttemplates/haulcargo_atob_yardrush_mining_large.xml
HaulCargo_AtoB_YardRush_Mining_Large,Hauling,2,f9f3251a-8e48-408a-b957-f1e3d5d3e213,pressurizedIce,items_commodities_pressurized_ice,228,228,-1,,b3d06464-9854-420c-bed3-98d5bac0efc1,libs/foundry/records/contracts/contracttemplates/haulcargo_atob_yardrush_mining_large.xml
HaulCargo_AtoB_YardRush_Mining_Medium_Stanton,Hauling,1,a789f57a-e12b-4bcd-8132-e0c03d84fc89,copper,items_commodities_copper,94,94,-1,,f0c14924-c180-4c07-8828-97722283d8c6,libs/foundry/records/contracts/contracttemplates/haulcargo_atob_yardrush_mining_medium_stanton.xml
HaulCargo_AtoB_YardRush_Mining_Medium_Stanton,Hauling,2,4236c16b-c47f-4083-9e26-4313733f2326,corundum,items_commodities_corundum,94,94,-1,,f0c14924-c180-4c07-8828-97722283d8c6,libs/foundry/records/contracts/contracttemplates/haulcargo_atob_yardrush_mining_medium_stanton.xml
HaulCargo_AtoB_YardRush_Mining_Medium,Hauling,1,1b4c4042-5fdc-4b52-bec4-07085cb3520a,tin,items_commodities_tin,63,63,-1,,1d00ce29-ce27-440b-bdbc-31577edba416,libs/foundry/records/contracts/contracttemplates/haulcargo_atob_yardrush_mining_medium.xml
HaulCargo_AtoB_YardRush_Mining_Medium,Hauling,2,f9f3251a-8e48-408a-b957-f1e3d5d3e213,pressurizedIce,items_commodities_pressurized_ice,63,63,-1,,1d00ce29-ce27-440b-bdbc-31577edba416,libs/foundry/records/contracts/contracttemplates/haulcargo_atob_yardrush_mining_medium.xml
HaulCargo_AtoB_YardRush_Mining_Stanton,Hauling,1,a789f57a-e12b-4bcd-8132-e0c03d84fc89,copper,items_commodities_copper,13,13,-1,,d44ce2f5-4369-4e01-8e4d-f4d9f2f40d14,libs/foundry/records/contracts/contracttemplates/haulcargo_atob_yardrush_mining_stanton.xml
HaulCargo_AtoB_YardRush_Mining_Stanton,Hauling,2,4236c16b-c47f-4083-9e26-4313733f2326,corundum,items_commodities_corundum,13,13,-1,,d44ce2f5-4369-4e01-8e4d-f4d9f2f40d14,libs/foundry/records/contracts/contracttemplates/haulcargo_atob_yardrush_mining_stanton.xml
HaulCargo_AtoB_YardRush_Mining,Hauling,1,1b4c4042-5fdc-4b52-bec4-07085cb3520a,tin,items_commodities_tin,6,6,-1,,54a3c53f-0c43-44ec-ab97-0cbd0d62e60b,libs/foundry/records/contracts/contracttemplates/haulcargo_atob_yardrush_mining.xml
HaulCargo_AtoB_YardRush_Mining,Hauling,2,f9f3251a-8e48-408a-b957-f1e3d5d3e213,pressurizedIce,items_commodities_pressurized_ice,6,6,-1,,54a3c53f-0c43-44ec-ab97-0cbd0d62e60b,libs/foundry/records/contracts/contracttemplates/haulcargo_atob_yardrush_mining.xml
HaulCargo_AtoB_YardRush_Salvage_Large,Hauling,1,a0e6c4cf-face-4f52-a020-dfa869607901,typeRMC,items_commodities_type_RMC,200,200,-1,,41b91e55-8e33-4080-b708-bb11481cd306,libs/foundry/records/contracts/contracttemplates/haulcargo_atob_yardrush_salvage_large.xml
HaulCargo_AtoB_YardRush_Salvage_Large,Hauling,2,98aa6a70-80e7-41d7-9128-9692053d57a2,ConstructionMaterials,items_commodities_ConstructionMaterials,400,400,-1,,41b91e55-8e33-4080-b708-bb11481cd306,libs/foundry/records/contracts/contracttemplates/haulcargo_atob_yardrush_salvage_large.xml
HaulCargo_AtoB_YardRush_Salvage_Medium,Hauling,1,a0e6c4cf-face-4f52-a020-dfa869607901,typeRMC,items_commodities_type_RMC,56,56,-1,,67d142f5-9df6-40ed-a177-59056ddcab00,libs/foundry/records/contracts/contracttemplates/haulcargo_atob_yardrush_salvage_medium.xml
HaulCargo_AtoB_YardRush_Salvage_Medium,Hauling,2,98aa6a70-80e7-41d7-9128-9692053d57a2,ConstructionMaterials,items_commodities_ConstructionMaterials,105,105,-1,,67d142f5-9df6-40ed-a177-59056ddcab00,libs/foundry/records/contracts/contracttemplates/haulcargo_atob_yardrush_salvage_medium.xml
HaulCargo_AtoB_YardRush_Salvage,Hauling,1,a0e6c4cf-face-4f52-a020-dfa869607901,typeRMC,items_commodities_type_RMC,7,7,-1,,f68360c9-2b3b-4066-81e3-c4690ba6da28,libs/foundry/records/contracts/contracttemplates/haulcargo_atob_yardrush_salvage.xml
HaulCargo_AtoB_YardRush_Salvage,Hauling,2,98aa6a70-80e7-41d7-9128-9692053d57a2,ConstructionMaterials,items_commodities_ConstructionMaterials,14,14,-1,,f68360c9-2b3b-4066-81e3-c4690ba6da28,libs/foundry/records/contracts/contracttemplates/haulcargo_atob_yardrush_salvage.xml
HaulCargo_AtoB_YardRushAndFireSale,Hauling,1,8bc60017-e4b6-47b1-bbe0-f2eb944fdeaf,detatrine,items_commodities_detatrine,1,0,16,,cc2a552a-14cc-475b-a0ce-7bba6e840344,libs/foundry/records/contracts/contracttemplates/haulcargo_atob_yardrushandfiresale.xml
HaulCargo_AtoB,Hauling,1,f386a33c-ac9a-400a-a7b8-fe1fc7c8d270,iron,items_commodities_iron,1,0,-1,,bc745e7e-f3d3-406c-a4f0-54475937c7f0,libs/foundry/records/contracts/contracttemplates/haulcargo_atob.xml
HaulCargo_Multi2ToSingle_Bulk_Carbon,Hauling,1,9dc16af8-bfb9-4119-9e54-6db11b0a7ed2,carbon,items_commodities_carbon,200,300,32,,fd7b6b95-3a4d-4fd4-b8cc-cdb2dc403319,libs/foundry/records/contracts/contracttemplates/haulcargo_multi2tosingle_bulk_carbon.xml
HaulCargo_Multi2ToSingle_Bulk_Carbon,Hauling,2,9dc16af8-bfb9-4119-9e54-6db11b0a7ed2,carbon,items_commodities_carbon,200,300,32,,fd7b6b95-3a4d-4fd4-b8cc-cdb2dc403319,libs/foundry/records/contracts/contracttemplates/haulcargo_multi2tosingle_bulk_carbon.xml
HaulCargo_Multi2ToSingle_Bulk_Potassium,Hauling,1,8dda1cf4-dc6c-4b31-93f2-8ca28ef6ec55,potassium,items_commodities_potassium,200,300,32,,45f69b4d-239d-4f2a-9944-7cc8d3bf1fef,libs/foundry/records/contracts/contracttemplates/haulcargo_multi2tosingle_bulk_potassium.xml
HaulCargo_Multi2ToSingle_Bulk_Potassium,Hauling,2,8dda1cf4-dc6c-4b31-93f2-8ca28ef6ec55,potassium,items_commodities_potassium,200,300,32,,45f69b4d-239d-4f2a-9944-7cc8d3bf1fef,libs/foundry/records/contracts/contracttemplates/haulcargo_multi2tosingle_bulk_potassium.xml
HaulCargo_Multi2ToSingle_Bulk_Waste,Hauling,1,b999ef65-35be-45bf-908a-5eac6e06ba12,waste,items_commodities_waste,200,300,32,,686c0152-9b1f-483b-a48f-395a8eb36c1f,libs/foundry/records/contracts/contracttemplates/haulcargo_multi2tosingle_bulk_waste.xml
HaulCargo_Multi2ToSingle_Bulk_Waste,Hauling,2,b999ef65-35be-45bf-908a-5eac6e06ba12,waste,items_commodities_waste,200,300,32,,686c0152-9b1f-483b-a48f-395a8eb36c1f,libs/foundry/records/contracts/contracttemplates/haulcargo_multi2tosingle_bulk_waste.xml
HaulCargo_Multi2ToSingle_Bulk,Hauling,1,f386a33c-ac9a-400a-a7b8-fe1fc7c8d270,iron,items_commodities_iron,200,300,32,,6ac380d2-cfb2-4d74-b63e-335e7178e7da,libs/foundry/records/contracts/contracttemplates/haulcargo_multi2tosingle_bulk.xml
HaulCargo_Multi2ToSingle_Bulk,Hauling,2,f386a33c-ac9a-400a-a7b8-fe1fc7c8d270,iron,items_commodities_iron,200,300,32,,6ac380d2-cfb2-4d74-b63e-335e7178e7da,libs/foundry/records/contracts/contracttemplates/haulcargo_multi2tosingle_bulk.xml
HaulCargo_Multi2ToSingle_Small_Aluminum,Hauling,1,48c7080a-bbef-43d2-901a-698321ed4340,aluminum,items_commodities_aluminum,4,16,4,,8322078e-350a-4443-a113-4fb446ad0e6a,libs/foundry/records/contracts/contracttemplates/haulcargo_multi2tosingle_small_aluminum.xml
HaulCargo_Multi2ToSingle_Small_Aluminum,Hauling,2,48c7080a-bbef-43d2-901a-698321ed4340,aluminum,items_commodities_aluminum,4,16,4,,8322078e-350a-4443-a113-4fb446ad0e6a,libs/foundry/records/contracts/contracttemplates/haulcargo_multi2tosingle_small_aluminum.xml
HaulCargo_Multi2ToSingle_Small_Carbon,Hauling,1,9dc16af8-bfb9-4119-9e54-6db11b0a7ed2,carbon,items_commodities_carbon,4,16,4,,fc108974-fcd9-47a5-8cbe-1e0ccc9f068e,libs/foundry/records/contracts/contracttemplates/haulcargo_multi2tosingle_small_carbon.xml
HaulCargo_Multi2ToSingle_Small_Carbon,Hauling,2,9dc16af8-bfb9-4119-9e54-6db11b0a7ed2,carbon,items_commodities_carbon,4,16,4,,fc108974-fcd9-47a5-8cbe-1e0ccc9f068e,libs/foundry/records/contracts/contracttemplates/haulcargo_multi2tosingle_small_carbon.xml
HaulCargo_Multi2ToSingle_Small_Copper,Hauling,1,a789f57a-e12b-4bcd-8132-e0c03d84fc89,copper,items_commodities_copper,4,16,4,,09d02a46-131b-4fcb-b2d6-5556896f6888,libs/foundry/records/contracts/contracttemplates/haulcargo_multi2tosingle_small_copper.xml
HaulCargo_Multi2ToSingle_Small_Copper,Hauling,2,a789f57a-e12b-4bcd-8132-e0c03d84fc89,copper,items_commodities_copper,4,16,4,,09d02a46-131b-4fcb-b2d6-5556896f6888,libs/foundry/records/contracts/contracttemplates/haulcargo_multi2tosingle_small_copper.xml
HaulCargo_Multi2ToSingle_Small_Hydrogen,Hauling,1,530da47b-c6bb-4d95-a1ee-23a1e4e27b45,hydrogen,items_commodities_hydrogen,4,16,4,,939e66a5-aec3-4637-8854-7e93ebd07f9e,libs/foundry/records/contracts/contracttemplates/haulcargo_multi2tosingle_small_hydrogen.xml
HaulCargo_Multi2ToSingle_Small_Hydrogen,Hauling,2,530da47b-c6bb-4d95-a1ee-23a1e4e27b45,hydrogen,items_commodities_hydrogen,4,16,4,,939e66a5-aec3-4637-8854-7e93ebd07f9e,libs/foundry/records/contracts/contracttemplates/haulcargo_multi2tosingle_small_hydrogen.xml
HaulCargo_Multi2ToSingle_Small_Potassium,Hauling,1,8dda1cf4-dc6c-4b31-93f2-8ca28ef6ec55,potassium,items_commodities_potassium,4,16,4,,1da37fdb-8ef4-4cac-bca2-fda8913c5733,libs/foundry/records/contracts/contracttemplates/haulcargo_multi2tosingle_small_potassium.xml
HaulCargo_Multi2ToSingle_Small_Potassium,Hauling,2,8dda1cf4-dc6c-4b31-93f2-8ca28ef6ec55,potassium,items_commodities_potassium,4,16,4,,1da37fdb-8ef4-4cac-bca2-fda8913c5733,libs/foundry/records/contracts/contracttemplates/haulcargo_multi2tosingle_small_potassium.xml
HaulCargo_Multi2ToSingle_Small_Quartz,Hauling,1,35121003-f1af-481a-b16f-7f48d8af0efb,quartz,items_commodities_quartz,4,16,4,,f63f11d3-bbb9-4db6-822b-e4a392823a11,libs/foundry/records/contracts/contracttemplates/haulcargo_multi2tosingle_small_quartz.xml
HaulCargo_Multi2ToSingle_Small_Quartz,Hauling,2,35121003-f1af-481a-b16f-7f48d8af0efb,quartz,items_commodities_quartz,4,16,4,,f63f11d3-bbb9-4db6-822b-e4a392823a11,libs/foundry/records/contracts/contracttemplates/haulcargo_multi2tosingle_small_quartz.xml
HaulCargo_Multi2ToSingle_Small_Silicon,Hauling,1,7bbd3197-a6e1-49b3-a495-0b7ef4f8ce40,silicon,items_commodities_silicon,4,16,4,,38db6322-ad8d-4395-b796-57db631107e0,libs/foundry/records/contracts/contracttemplates/haulcargo_multi2tosingle_small_silicon.xml
HaulCargo_Multi2ToSingle_Small_Silicon,Hauling,2,7bbd3197-a6e1-49b3-a495-0b7ef4f8ce40,silicon,items_commodities_silicon,4,16,4,,38db6322-ad8d-4395-b796-57db631107e0,libs/foundry/records/contracts/contracttemplates/haulcargo_multi2tosingle_small_silicon.xml
HaulCargo_Multi2ToSingle_Small_Waste,Hauling,1,b999ef65-35be-45bf-908a-5eac6e06ba12,waste,items_commodities_waste,4,16,4,,21b62ec0-4c33-44d4-94be-c304b3798b70,libs/foundry/records/contracts/contracttemplates/haulcargo_multi2tosingle_small_waste.xml
HaulCargo_Multi2ToSingle_Small_Waste,Hauling,2,b999ef65-35be-45bf-908a-5eac6e06ba12,waste,items_commodities_waste,4,16,4,,21b62ec0-4c33-44d4-94be-c304b3798b70,libs/foundry/records/contracts/contracttemplates/haulcargo_multi2tosingle_small_waste.xml
HaulCargo_Multi2ToSingle_Small,Hauling,1,f386a33c-ac9a-400a-a7b8-fe1fc7c8d270,iron,items_commodities_iron,4,16,4,,8b13f591-8c5f-46cf-bdb3-3052c7f8008b,libs/foundry/records/contracts/contracttemplates/haulcargo_multi2tosingle_small.xml
HaulCargo_Multi2ToSingle_Small,Hauling,2,f386a33c-ac9a-400a-a7b8-fe1fc7c8d270,iron,items_commodities_iron,4,16,4,,8b13f591-8c5f-46cf-bdb3-3052c7f8008b,libs/foundry/records/contracts/contracttemplates/haulcargo_multi2tosingle_small.xml
HaulCargo_Multi2ToSingle_Supply_Carbon,Hauling,1,9dc16af8-bfb9-4119-9e54-6db11b0a7ed2,carbon,items_commodities_carbon,25,175,8,,7155c371-795a-47be-82ce-90e0d1cc5f9b,libs/foundry/records/contracts/contracttemplates/haulcargo_multi2tosingle_supply_carbon.xml
HaulCargo_Multi2ToSingle_Supply_Carbon,Hauling,2,9dc16af8-bfb9-4119-9e54-6db11b0a7ed2,carbon,items_commodities_carbon,25,175,8,,7155c371-795a-47be-82ce-90e0d1cc5f9b,libs/foundry/records/contracts/contracttemplates/haulcargo_multi2tosingle_supply_carbon.xml
HaulCargo_Multi2ToSingle_Supply_Potassium,Hauling,1,8dda1cf4-dc6c-4b31-93f2-8ca28ef6ec55,potassium,items_commodities_potassium,25,175,8,,f669cca1-6a78-45eb-a396-cb089a52a7fa,libs/foundry/records/contracts/contracttemplates/haulcargo_multi2tosingle_supply_potassium.xml
HaulCargo_Multi2ToSingle_Supply_Potassium,Hauling,2,8dda1cf4-dc6c-4b31-93f2-8ca28ef6ec55,potassium,items_commodities_potassium,25,175,8,,f669cca1-6a78-45eb-a396-cb089a52a7fa,libs/foundry/records/contracts/contracttemplates/haulcargo_multi2tosingle_supply_potassium.xml
HaulCargo_Multi2ToSingle_Supply_Souv,Hauling,1,e938ab24-2af8-48b5-9af7-8e82fb26dcb3,distilledSpirits,items_commodities_distilledSpirits,24,0,8,,8305c183-9be9-46b8-90e9-ec5e16ec7df5,libs/foundry/records/contracts/contracttemplates/haulcargo_multi2tosingle_supply_souv.xml
HaulCargo_Multi2ToSingle_Supply_Souv,Hauling,2,00f23f09-a8ae-4ccb-845f-accd63dd7906,PartyFavors,items_commodities_PartyFavors,12,0,4,,8305c183-9be9-46b8-90e9-ec5e16ec7df5,libs/foundry/records/contracts/contracttemplates/haulcargo_multi2tosingle_supply_souv.xml
HaulCargo_Multi2ToSingle_Supply_Souv,Hauling,3,5f2d394d-6e69-4cb8-afb2-81a96544936e,Carryable_TBO_FL_16SCU_Commodity_ProcessedGoods_ElectronicsEquipment,,3,0,1,,8305c183-9be9-46b8-90e9-ec5e16ec7df5,libs/foundry/records/contracts/contracttemplates/haulcargo_multi2tosingle_supply_souv.xml
HaulCargo_Multi2ToSingle_Supply_Souv,Hauling,4,18671657-8b11-4407-b190-10c9f73661fe,Souvenirs,items_commodities_Souvenirs,3,0,1,,8305c183-9be9-46b8-90e9-ec5e16ec7df5,libs/foundry/records/contracts/contracttemplates/haulcargo_multi2tosingle_supply_souv.xml
HaulCargo_Multi2ToSingle_Supply_Waste,Hauling,1,b999ef65-35be-45bf-908a-5eac6e06ba12,waste,items_commodities_waste,25,175,8,,49e2345d-57e6-45de-b80f-f18b610d2931,libs/foundry/records/contracts/contracttemplates/haulcargo_multi2tosingle_supply_waste.xml
HaulCargo_Multi2ToSingle_Supply_Waste,Hauling,2,b999ef65-35be-45bf-908a-5eac6e06ba12,waste,items_commodities_waste,25,175,8,,49e2345d-57e6-45de-b80f-f18b610d2931,libs/foundry/records/contracts/contracttemplates/haulcargo_multi2tosingle_supply_waste.xml
HaulCargo_Multi2ToSingle_Supply,Hauling,1,f386a33c-ac9a-400a-a7b8-fe1fc7c8d270,iron,items_commodities_iron,25,175,8,,5fbb28b5-c095-4656-a7c6-9b6b09ccb045,libs/foundry/records/contracts/contracttemplates/haulcargo_multi2tosingle_supply.xml
HaulCargo_Multi2ToSingle_Supply,Hauling,2,f386a33c-ac9a-400a-a7b8-fe1fc7c8d270,iron,items_commodities_iron,25,175,8,,5fbb28b5-c095-4656-a7c6-9b6b09ccb045,libs/foundry/records/contracts/contracttemplates/haulcargo_multi2tosingle_supply.xml
HaulCargo_Multi2ToSingle,Hauling,1,f386a33c-ac9a-400a-a7b8-fe1fc7c8d270,iron,items_commodities_iron,1,0,-1,,99179b63-b37b-47a6-bd12-461ce77c4051,libs/foundry/records/contracts/contracttemplates/haulcargo_multi2tosingle.xml
HaulCargo_Multi2ToSingle,Hauling,2,f386a33c-ac9a-400a-a7b8-fe1fc7c8d270,iron,items_commodities_iron,1,0,-1,,99179b63-b37b-47a6-bd12-461ce77c4051,libs/foundry/records/contracts/contracttemplates/haulcargo_multi2tosingle.xml
HaulCargo_Multi3ToSingle_Bulk_Carbon,Hauling,1,9dc16af8-bfb9-4119-9e54-6db11b0a7ed2,carbon,items_commodities_carbon,132,200,32,,263251a7-3586-4ec4-addc-5c7cf20e8247,libs/foundry/records/contracts/contracttemplates/haulcargo_multi3tosingle_bulk_carbon.xml
HaulCargo_Multi3ToSingle_Bulk_Carbon,Hauling,2,9dc16af8-bfb9-4119-9e54-6db11b0a7ed2,carbon,items_commodities_carbon,132,200,32,,263251a7-3586-4ec4-addc-5c7cf20e8247,libs/foundry/records/contracts/contracttemplates/haulcargo_multi3tosingle_bulk_carbon.xml
HaulCargo_Multi3ToSingle_Bulk_Carbon,Hauling,3,9dc16af8-bfb9-4119-9e54-6db11b0a7ed2,carbon,items_commodities_carbon,132,200,32,,263251a7-3586-4ec4-addc-5c7cf20e8247,libs/foundry/records/contracts/contracttemplates/haulcargo_multi3tosingle_bulk_carbon.xml
HaulCargo_Multi3ToSingle_Bulk_Potassium,Hauling,1,8dda1cf4-dc6c-4b31-93f2-8ca28ef6ec55,potassium,items_commodities_potassium,132,200,32,,8c747ef2-b49c-44f7-95ab-3185cccf8c20,libs/foundry/records/contracts/contracttemplates/haulcargo_multi3tosingle_bulk_potassium.xml
HaulCargo_Multi3ToSingle_Bulk_Potassium,Hauling,2,8dda1cf4-dc6c-4b31-93f2-8ca28ef6ec55,potassium,items_commodities_potassium,132,200,32,,8c747ef2-b49c-44f7-95ab-3185cccf8c20,libs/foundry/records/contracts/contracttemplates/haulcargo_multi3tosingle_bulk_potassium.xml
HaulCargo_Multi3ToSingle_Bulk_Potassium,Hauling,3,8dda1cf4-dc6c-4b31-93f2-8ca28ef6ec55,potassium,items_commodities_potassium,132,200,32,,8c747ef2-b49c-44f7-95ab-3185cccf8c20,libs/foundry/records/contracts/contracttemplates/haulcargo_multi3tosingle_bulk_potassium.xml
HaulCargo_Multi3ToSingle_Bulk_Waste,Hauling,1,b999ef65-35be-45bf-908a-5eac6e06ba12,waste,items_commodities_waste,132,200,32,,c5ddd7aa-6794-45c4-a8b0-42a5cbd7061c,libs/foundry/records/contracts/contracttemplates/haulcargo_multi3tosingle_bulk_waste.xml
HaulCargo_Multi3ToSingle_Bulk_Waste,Hauling,2,b999ef65-35be-45bf-908a-5eac6e06ba12,waste,items_commodities_waste,132,200,32,,c5ddd7aa-6794-45c4-a8b0-42a5cbd7061c,libs/foundry/records/contracts/contracttemplates/haulcargo_multi3tosingle_bulk_waste.xml
HaulCargo_Multi3ToSingle_Bulk_Waste,Hauling,3,b999ef65-35be-45bf-908a-5eac6e06ba12,waste,items_commodities_waste,132,200,32,,c5ddd7aa-6794-45c4-a8b0-42a5cbd7061c,libs/foundry/records/contracts/contracttemplates/haulcargo_multi3tosingle_bulk_waste.xml
HaulCargo_Multi3ToSingle_Bulk,Hauling,1,f386a33c-ac9a-400a-a7b8-fe1fc7c8d270,iron,items_commodities_iron,132,200,32,,4733761a-a721-4d58-a165-7f9ed5576295,libs/foundry/records/contracts/contracttemplates/haulcargo_multi3tosingle_bulk.xml
HaulCargo_Multi3ToSingle_Bulk,Hauling,2,f386a33c-ac9a-400a-a7b8-fe1fc7c8d270,iron,items_commodities_iron,132,200,32,,4733761a-a721-4d58-a165-7f9ed5576295,libs/foundry/records/contracts/contracttemplates/haulcargo_multi3tosingle_bulk.xml
HaulCargo_Multi3ToSingle_Bulk,Hauling,3,f386a33c-ac9a-400a-a7b8-fe1fc7c8d270,iron,items_commodities_iron,132,200,32,,4733761a-a721-4d58-a165-7f9ed5576295,libs/foundry/records/contracts/contracttemplates/haulcargo_multi3tosingle_bulk.xml
HaulCargo_Multi3ToSingle_Small_Aluminum,Hauling,1,48c7080a-bbef-43d2-901a-698321ed4340,aluminum,items_commodities_aluminum,2,10,4,,b1861587-9208-4447-946c-b51b4e9d1936,libs/foundry/records/contracts/contracttemplates/haulcargo_multi3tosingle_small_aluminum.xml
HaulCargo_Multi3ToSingle_Small_Aluminum,Hauling,2,48c7080a-bbef-43d2-901a-698321ed4340,aluminum,items_commodities_aluminum,2,10,4,,b1861587-9208-4447-946c-b51b4e9d1936,libs/foundry/records/contracts/contracttemplates/haulcargo_multi3tosingle_small_aluminum.xml
HaulCargo_Multi3ToSingle_Small_Aluminum,Hauling,3,48c7080a-bbef-43d2-901a-698321ed4340,aluminum,items_commodities_aluminum,2,10,4,,b1861587-9208-4447-946c-b51b4e9d1936,libs/foundry/records/contracts/contracttemplates/haulcargo_multi3tosingle_small_aluminum.xml
HaulCargo_Multi3ToSingle_Small_Copper,Hauling,1,a789f57a-e12b-4bcd-8132-e0c03d84fc89,copper,items_commodities_copper,2,10,4,,d41d4458-5099-4d50-8464-76acb5c5687d,libs/foundry/records/contracts/contracttemplates/haulcargo_multi3tosingle_small_copper.xml
HaulCargo_Multi3ToSingle_Small_Copper,Hauling,2,a789f57a-e12b-4bcd-8132-e0c03d84fc89,copper,items_commodities_copper,2,10,4,,d41d4458-5099-4d50-8464-76acb5c5687d,libs/foundry/records/contracts/contracttemplates/haulcargo_multi3tosingle_small_copper.xml
HaulCargo_Multi3ToSingle_Small_Copper,Hauling,3,a789f57a-e12b-4bcd-8132-e0c03d84fc89,copper,items_commodities_copper,2,10,4,,d41d4458-5099-4d50-8464-76acb5c5687d,libs/foundry/records/contracts/contracttemplates/haulcargo_multi3tosingle_small_copper.xml
HaulCargo_Multi3ToSingle_Small_Hydrogen,Hauling,1,530da47b-c6bb-4d95-a1ee-23a1e4e27b45,hydrogen,items_commodities_hydrogen,2,10,4,,12f2dabb-db35-4223-9939-dc53e179d578,libs/foundry/records/contracts/contracttemplates/haulcargo_multi3tosingle_small_hydrogen.xml
HaulCargo_Multi3ToSingle_Small_Hydrogen,Hauling,2,530da47b-c6bb-4d95-a1ee-23a1e4e27b45,hydrogen,items_commodities_hydrogen,2,10,4,,12f2dabb-db35-4223-9939-dc53e179d578,libs/foundry/records/contracts/contracttemplates/haulcargo_multi3tosingle_small_hydrogen.xml
HaulCargo_Multi3ToSingle_Small_Hydrogen,Hauling,3,530da47b-c6bb-4d95-a1ee-23a1e4e27b45,hydrogen,items_commodities_hydrogen,2,10,4,,12f2dabb-db35-4223-9939-dc53e179d578,libs/foundry/records/contracts/contracttemplates/haulcargo_multi3tosingle_small_hydrogen.xml
HaulCargo_Multi3ToSingle_Small_Potassium,Hauling,1,8dda1cf4-dc6c-4b31-93f2-8ca28ef6ec55,potassium,items_commodities_potassium,2,10,4,,0823dd5a-e543-46ba-a263-b5e41ff14c85,libs/foundry/records/contracts/contracttemplates/haulcargo_multi3tosingle_small_potassium.xml
HaulCargo_Multi3ToSingle_Small_Potassium,Hauling,2,8dda1cf4-dc6c-4b31-93f2-8ca28ef6ec55,potassium,items_commodities_potassium,2,10,4,,0823dd5a-e543-46ba-a263-b5e41ff14c85,libs/foundry/records/contracts/contracttemplates/haulcargo_multi3tosingle_small_potassium.xml
HaulCargo_Multi3ToSingle_Small_Potassium,Hauling,3,8dda1cf4-dc6c-4b31-93f2-8ca28ef6ec55,potassium,items_commodities_potassium,2,10,4,,0823dd5a-e543-46ba-a263-b5e41ff14c85,libs/foundry/records/contracts/contracttemplates/haulcargo_multi3tosingle_small_potassium.xml
HaulCargo_Multi3ToSingle_Small_Quartz,Hauling,1,35121003-f1af-481a-b16f-7f48d8af0efb,quartz,items_commodities_quartz,2,10,4,,6be87e48-6920-4157-bd98-6762954502a4,libs/foundry/records/contracts/contracttemplates/haulcargo_multi3tosingle_small_quartz.xml
HaulCargo_Multi3ToSingle_Small_Quartz,Hauling,2,35121003-f1af-481a-b16f-7f48d8af0efb,quartz,items_commodities_quartz,2,10,4,,6be87e48-6920-4157-bd98-6762954502a4,libs/foundry/records/contracts/contracttemplates/haulcargo_multi3tosingle_small_quartz.xml
HaulCargo_Multi3ToSingle_Small_Quartz,Hauling,3,35121003-f1af-481a-b16f-7f48d8af0efb,quartz,items_commodities_quartz,2,10,4,,6be87e48-6920-4157-bd98-6762954502a4,libs/foundry/records/contracts/contracttemplates/haulcargo_multi3tosingle_small_quartz.xml
HaulCargo_Multi3ToSingle_Small_Silicon,Hauling,1,7bbd3197-a6e1-49b3-a495-0b7ef4f8ce40,silicon,items_commodities_silicon,2,10,4,,f76dbc9c-db08-47a1-9d02-49a0aa5782f2,libs/foundry/records/contracts/contracttemplates/haulcargo_multi3tosingle_small_silicon.xml
HaulCargo_Multi3ToSingle_Small_Silicon,Hauling,2,7bbd3197-a6e1-49b3-a495-0b7ef4f8ce40,silicon,items_commodities_silicon,2,10,4,,f76dbc9c-db08-47a1-9d02-49a0aa5782f2,libs/foundry/records/contracts/contracttemplates/haulcargo_multi3tosingle_small_silicon.xml
HaulCargo_Multi3ToSingle_Small_Silicon,Hauling,3,7bbd3197-a6e1-49b3-a495-0b7ef4f8ce40,silicon,items_commodities_silicon,2,10,4,,f76dbc9c-db08-47a1-9d02-49a0aa5782f2,libs/foundry/records/contracts/contracttemplates/haulcargo_multi3tosingle_small_silicon.xml
HaulCargo_Multi3ToSingle_Small_Waste,Hauling,1,b999ef65-35be-45bf-908a-5eac6e06ba12,waste,items_commodities_waste,2,10,4,,f3fe54d1-2dc4-4615-bda5-45ab1a48f2bb,libs/foundry/records/contracts/contracttemplates/haulcargo_multi3tosingle_small_waste.xml
HaulCargo_Multi3ToSingle_Small_Waste,Hauling,2,b999ef65-35be-45bf-908a-5eac6e06ba12,waste,items_commodities_waste,2,10,4,,f3fe54d1-2dc4-4615-bda5-45ab1a48f2bb,libs/foundry/records/contracts/contracttemplates/haulcargo_multi3tosingle_small_waste.xml
HaulCargo_Multi3ToSingle_Small_Waste,Hauling,3,b999ef65-35be-45bf-908a-5eac6e06ba12,waste,items_commodities_waste,2,10,4,,f3fe54d1-2dc4-4615-bda5-45ab1a48f2bb,libs/foundry/records/contracts/contracttemplates/haulcargo_multi3tosingle_small_waste.xml
HaulCargo_Multi3ToSingle_Small,Hauling,1,f386a33c-ac9a-400a-a7b8-fe1fc7c8d270,iron,items_commodities_iron,2,10,4,,40498b9e-c157-454b-ac1e-a7204615c564,libs/foundry/records/contracts/contracttemplates/haulcargo_multi3tosingle_small.xml
HaulCargo_Multi3ToSingle_Small,Hauling,2,f386a33c-ac9a-400a-a7b8-fe1fc7c8d270,iron,items_commodities_iron,2,10,4,,40498b9e-c157-454b-ac1e-a7204615c564,libs/foundry/records/contracts/contracttemplates/haulcargo_multi3tosingle_small.xml
HaulCargo_Multi3ToSingle_Small,Hauling,3,f386a33c-ac9a-400a-a7b8-fe1fc7c8d270,iron,items_commodities_iron,2,10,4,,40498b9e-c157-454b-ac1e-a7204615c564,libs/foundry/records/contracts/contracttemplates/haulcargo_multi3tosingle_small.xml
HaulCargo_Multi3ToSingle_Supply_Carbon,Hauling,1,9dc16af8-bfb9-4119-9e54-6db11b0a7ed2,carbon,items_commodities_carbon,16,116,8,,057d1cb1-251b-4c58-878b-07e85079824a,libs/foundry/records/contracts/contracttemplates/haulcargo_multi3tosingle_supply_carbon.xml
HaulCargo_Multi3ToSingle_Supply_Carbon,Hauling,2,9dc16af8-bfb9-4119-9e54-6db11b0a7ed2,carbon,items_commodities_carbon,16,116,8,,057d1cb1-251b-4c58-878b-07e85079824a,libs/foundry/records/contracts/contracttemplates/haulcargo_multi3tosingle_supply_carbon.xml
HaulCargo_Multi3ToSingle_Supply_Carbon,Hauling,3,9dc16af8-bfb9-4119-9e54-6db11b0a7ed2,carbon,items_commodities_carbon,16,116,8,,057d1cb1-251b-4c58-878b-07e85079824a,libs/foundry/records/contracts/contracttemplates/haulcargo_multi3tosingle_supply_carbon.xml
HaulCargo_Multi3ToSingle_Supply_Potassium,Hauling,1,8dda1cf4-dc6c-4b31-93f2-8ca28ef6ec55,potassium,items_commodities_potassium,16,116,8,,f198f782-4959-47f4-8c92-a3739488a73c,libs/foundry/records/contracts/contracttemplates/haulcargo_multi3tosingle_supply_potassium.xml
HaulCargo_Multi3ToSingle_Supply_Potassium,Hauling,2,8dda1cf4-dc6c-4b31-93f2-8ca28ef6ec55,potassium,items_commodities_potassium,16,116,8,,f198f782-4959-47f4-8c92-a3739488a73c,libs/foundry/records/contracts/contracttemplates/haulcargo_multi3tosingle_supply_potassium.xml
HaulCargo_Multi3ToSingle_Supply_Potassium,Hauling,3,8dda1cf4-dc6c-4b31-93f2-8ca28ef6ec55,potassium,items_commodities_potassium,16,116,8,,f198f782-4959-47f4-8c92-a3739488a73c,libs/foundry/records/contracts/contracttemplates/haulcargo_multi3tosingle_supply_potassium.xml
HaulCargo_Multi3ToSingle_Supply_Waste,Hauling,1,b999ef65-35be-45bf-908a-5eac6e06ba12,waste,items_commodities_waste,16,116,8,,1fdf4e80-48c9-45db-b0b5-46115e381693,libs/foundry/records/contracts/contracttemplates/haulcargo_multi3tosingle_supply_waste.xml
HaulCargo_Multi3ToSingle_Supply_Waste,Hauling,2,b999ef65-35be-45bf-908a-5eac6e06ba12,waste,items_commodities_waste,16,116,8,,1fdf4e80-48c9-45db-b0b5-46115e381693,libs/foundry/records/contracts/contracttemplates/haulcargo_multi3tosingle_supply_waste.xml
HaulCargo_Multi3ToSingle_Supply_Waste,Hauling,3,b999ef65-35be-45bf-908a-5eac6e06ba12,waste,items_commodities_waste,16,116,8,,1fdf4e80-48c9-45db-b0b5-46115e381693,libs/foundry/records/contracts/contracttemplates/haulcargo_multi3tosingle_supply_waste.xml
HaulCargo_Multi3ToSingle_Supply,Hauling,1,f386a33c-ac9a-400a-a7b8-fe1fc7c8d270,iron,items_commodities_iron,16,116,8,,8125b177-38e0-4283-a9ff-f61d9d2b05ed,libs/foundry/records/contracts/contracttemplates/haulcargo_multi3tosingle_supply.xml
HaulCargo_Multi3ToSingle_Supply,Hauling,2,f386a33c-ac9a-400a-a7b8-fe1fc7c8d270,iron,items_commodities_iron,16,116,8,,8125b177-38e0-4283-a9ff-f61d9d2b05ed,libs/foundry/records/contracts/contracttemplates/haulcargo_multi3tosingle_supply.xml
HaulCargo_Multi3ToSingle_Supply,Hauling,3,f386a33c-ac9a-400a-a7b8-fe1fc7c8d270,iron,items_commodities_iron,16,116,8,,8125b177-38e0-4283-a9ff-f61d9d2b05ed,libs/foundry/records/contracts/contracttemplates/haulcargo_multi3tosingle_supply.xml
HaulCargo_Multi3ToSingle,Hauling,1,f386a33c-ac9a-400a-a7b8-fe1fc7c8d270,iron,items_commodities_iron,1,0,-1,,a4cf16de-1833-4b75-ba50-5ec2310cda4d,libs/foundry/records/contracts/contracttemplates/haulcargo_multi3tosingle.xml
HaulCargo_Multi3ToSingle,Hauling,2,f386a33c-ac9a-400a-a7b8-fe1fc7c8d270,iron,items_commodities_iron,1,0,-1,,a4cf16de-1833-4b75-ba50-5ec2310cda4d,libs/foundry/records/contracts/contracttemplates/haulcargo_multi3tosingle.xml
HaulCargo_Multi3ToSingle,Hauling,3,f386a33c-ac9a-400a-a7b8-fe1fc7c8d270,iron,items_commodities_iron,1,0,-1,,a4cf16de-1833-4b75-ba50-5ec2310cda4d,libs/foundry/records/contracts/contracttemplates/haulcargo_multi3tosingle.xml
HaulCargo_Multi4ToSingle_Bulk_Carbon,Hauling,1,9dc16af8-bfb9-4119-9e54-6db11b0a7ed2,carbon,items_commodities_carbon,100,150,32,,8fa52d00-6ecf-40e0-84e3-614d1809cd3c,libs/foundry/records/contracts/contracttemplates/haulcargo_multi4tosingle_bulk_carbon.xml
HaulCargo_Multi4ToSingle_Bulk_Carbon,Hauling,2,9dc16af8-bfb9-4119-9e54-6db11b0a7ed2,carbon,items_commodities_carbon,100,150,32,,8fa52d00-6ecf-40e0-84e3-614d1809cd3c,libs/foundry/records/contracts/contracttemplates/haulcargo_multi4tosingle_bulk_carbon.xml
HaulCargo_Multi4ToSingle_Bulk_Carbon,Hauling,3,9dc16af8-bfb9-4119-9e54-6db11b0a7ed2,carbon,items_commodities_carbon,100,150,32,,8fa52d00-6ecf-40e0-84e3-614d1809cd3c,libs/foundry/records/contracts/contracttemplates/haulcargo_multi4tosingle_bulk_carbon.xml
HaulCargo_Multi4ToSingle_Bulk_Carbon,Hauling,4,9dc16af8-bfb9-4119-9e54-6db11b0a7ed2,carbon,items_commodities_carbon,100,150,32,,8fa52d00-6ecf-40e0-84e3-614d1809cd3c,libs/foundry/records/contracts/contracttemplates/haulcargo_multi4tosingle_bulk_carbon.xml
HaulCargo_Multi4ToSingle_Bulk_Potassium,Hauling,1,8dda1cf4-dc6c-4b31-93f2-8ca28ef6ec55,potassium,items_commodities_potassium,100,150,32,,da4fe150-51c2-4f76-bc4b-f111291ebe0e,libs/foundry/records/contracts/contracttemplates/haulcargo_multi4tosingle_bulk_potassium.xml
HaulCargo_Multi4ToSingle_Bulk_Potassium,Hauling,2,8dda1cf4-dc6c-4b31-93f2-8ca28ef6ec55,potassium,items_commodities_potassium,100,150,32,,da4fe150-51c2-4f76-bc4b-f111291ebe0e,libs/foundry/records/contracts/contracttemplates/haulcargo_multi4tosingle_bulk_potassium.xml
HaulCargo_Multi4ToSingle_Bulk_Potassium,Hauling,3,8dda1cf4-dc6c-4b31-93f2-8ca28ef6ec55,potassium,items_commodities_potassium,100,150,32,,da4fe150-51c2-4f76-bc4b-f111291ebe0e,libs/foundry/records/contracts/contracttemplates/haulcargo_multi4tosingle_bulk_potassium.xml
HaulCargo_Multi4ToSingle_Bulk_Potassium,Hauling,4,8dda1cf4-dc6c-4b31-93f2-8ca28ef6ec55,potassium,items_commodities_potassium,100,150,32,,da4fe150-51c2-4f76-bc4b-f111291ebe0e,libs/foundry/records/contracts/contracttemplates/haulcargo_multi4tosingle_bulk_potassium.xml
HaulCargo_Multi4ToSingle_Bulk_Waste,Hauling,1,b999ef65-35be-45bf-908a-5eac6e06ba12,waste,items_commodities_waste,100,150,32,,5f2f7251-854d-46fb-83b8-20004db50fb8,libs/foundry/records/contracts/contracttemplates/haulcargo_multi4tosingle_bulk_waste.xml
HaulCargo_Multi4ToSingle_Bulk_Waste,Hauling,2,b999ef65-35be-45bf-908a-5eac6e06ba12,waste,items_commodities_waste,100,150,32,,5f2f7251-854d-46fb-83b8-20004db50fb8,libs/foundry/records/contracts/contracttemplates/haulcargo_multi4tosingle_bulk_waste.xml
HaulCargo_Multi4ToSingle_Bulk_Waste,Hauling,3,b999ef65-35be-45bf-908a-5eac6e06ba12,waste,items_commodities_waste,100,150,32,,5f2f7251-854d-46fb-83b8-20004db50fb8,libs/foundry/records/contracts/contracttemplates/haulcargo_multi4tosingle_bulk_waste.xml
HaulCargo_Multi4ToSingle_Bulk_Waste,Hauling,4,b999ef65-35be-45bf-908a-5eac6e06ba12,waste,items_commodities_waste,100,150,32,,5f2f7251-854d-46fb-83b8-20004db50fb8,libs/foundry/records/contracts/contracttemplates/haulcargo_multi4tosingle_bulk_waste.xml
HaulCargo_Multi4ToSingle_Bulk,Hauling,1,f386a33c-ac9a-400a-a7b8-fe1fc7c8d270,iron,items_commodities_iron,100,150,32,,f09ba85e-df4b-4d25-a0d9-19d108ba2824,libs/foundry/records/contracts/contracttemplates/haulcargo_multi4tosingle_bulk.xml
HaulCargo_Multi4ToSingle_Bulk,Hauling,2,f386a33c-ac9a-400a-a7b8-fe1fc7c8d270,iron,items_commodities_iron,100,150,32,,f09ba85e-df4b-4d25-a0d9-19d108ba2824,libs/foundry/records/contracts/contracttemplates/haulcargo_multi4tosingle_bulk.xml
HaulCargo_Multi4ToSingle_Bulk,Hauling,3,f386a33c-ac9a-400a-a7b8-fe1fc7c8d270,iron,items_commodities_iron,100,150,32,,f09ba85e-df4b-4d25-a0d9-19d108ba2824,libs/foundry/records/contracts/contracttemplates/haulcargo_multi4tosingle_bulk.xml
HaulCargo_Multi4ToSingle_Bulk,Hauling,4,f386a33c-ac9a-400a-a7b8-fe1fc7c8d270,iron,items_commodities_iron,100,150,32,,f09ba85e-df4b-4d25-a0d9-19d108ba2824,libs/foundry/records/contracts/contracttemplates/haulcargo_multi4tosingle_bulk.xml
HaulCargo_Multi4ToSingle_Small_Waste,Hauling,1,b999ef65-35be-45bf-908a-5eac6e06ba12,waste,items_commodities_waste,1,8,4,,b7f69553-b796-4a57-bf72-6e3a979320ff,libs/foundry/records/contracts/contracttemplates/haulcargo_multi4tosingle_small_waste.xml
HaulCargo_Multi4ToSingle_Small_Waste,Hauling,2,b999ef65-35be-45bf-908a-5eac6e06ba12,waste,items_commodities_waste,1,8,4,,b7f69553-b796-4a57-bf72-6e3a979320ff,libs/foundry/records/contracts/contracttemplates/haulcargo_multi4tosingle_small_waste.xml
HaulCargo_Multi4ToSingle_Small_Waste,Hauling,3,b999ef65-35be-45bf-908a-5eac6e06ba12,waste,items_commodities_waste,2,8,4,,b7f69553-b796-4a57-bf72-6e3a979320ff,libs/foundry/records/contracts/contracttemplates/haulcargo_multi4tosingle_small_waste.xml
HaulCargo_Multi4ToSingle_Small_Waste,Hauling,4,b999ef65-35be-45bf-908a-5eac6e06ba12,waste,items_commodities_waste,2,8,4,,b7f69553-b796-4a57-bf72-6e3a979320ff,libs/foundry/records/contracts/contracttemplates/haulcargo_multi4tosingle_small_waste.xml
HaulCargo_Multi4ToSingle_Small,Hauling,1,f386a33c-ac9a-400a-a7b8-fe1fc7c8d270,iron,items_commodities_iron,1,8,4,,f72fdded-4d7d-4296-8eca-9fca3b516507,libs/foundry/records/contracts/contracttemplates/haulcargo_multi4tosingle_small.xml
HaulCargo_Multi4ToSingle_Small,Hauling,2,f386a33c-ac9a-400a-a7b8-fe1fc7c8d270,iron,items_commodities_iron,1,8,4,,f72fdded-4d7d-4296-8eca-9fca3b516507,libs/foundry/records/contracts/contracttemplates/haulcargo_multi4tosingle_small.xml
HaulCargo_Multi4ToSingle_Small,Hauling,3,f386a33c-ac9a-400a-a7b8-fe1fc7c8d270,iron,items_commodities_iron,2,8,4,,f72fdded-4d7d-4296-8eca-9fca3b516507,libs/foundry/records/contracts/contracttemplates/haulcargo_multi4tosingle_small.xml
HaulCargo_Multi4ToSingle_Small,Hauling,4,f386a33c-ac9a-400a-a7b8-fe1fc7c8d270,iron,items_commodities_iron,2,8,4,,f72fdded-4d7d-4296-8eca-9fca3b516507,libs/foundry/records/contracts/contracttemplates/haulcargo_multi4tosingle_small.xml
HaulCargo_Multi4ToSingle_Supply_Carbon,Hauling,1,9dc16af8-bfb9-4119-9e54-6db11b0a7ed2,carbon,items_commodities_carbon,12,87,8,,44a2271f-35fe-497b-8db2-f4a89a37bd8f,libs/foundry/records/contracts/contracttemplates/haulcargo_multi4tosingle_supply_carbon.xml
HaulCargo_Multi4ToSingle_Supply_Carbon,Hauling,2,9dc16af8-bfb9-4119-9e54-6db11b0a7ed2,carbon,items_commodities_carbon,12,87,8,,44a2271f-35fe-497b-8db2-f4a89a37bd8f,libs/foundry/records/contracts/contracttemplates/haulcargo_multi4tosingle_supply_carbon.xml
HaulCargo_Multi4ToSingle_Supply_Carbon,Hauling,3,9dc16af8-bfb9-4119-9e54-6db11b0a7ed2,carbon,items_commodities_carbon,12,87,8,,44a2271f-35fe-497b-8db2-f4a89a37bd8f,libs/foundry/records/contracts/contracttemplates/haulcargo_multi4tosingle_supply_carbon.xml
HaulCargo_Multi4ToSingle_Supply_Carbon,Hauling,4,9dc16af8-bfb9-4119-9e54-6db11b0a7ed2,carbon,items_commodities_carbon,12,87,8,,44a2271f-35fe-497b-8db2-f4a89a37bd8f,libs/foundry/records/contracts/contracttemplates/haulcargo_multi4tosingle_supply_carbon.xml
HaulCargo_Multi4ToSingle_Supply_Potassium,Hauling,1,8dda1cf4-dc6c-4b31-93f2-8ca28ef6ec55,potassium,items_commodities_potassium,12,87,8,,499b602e-c494-48c6-b328-59c9b4e59d6f,libs/foundry/records/contracts/contracttemplates/haulcargo_multi4tosingle_supply_potassium.xml
HaulCargo_Multi4ToSingle_Supply_Potassium,Hauling,2,8dda1cf4-dc6c-4b31-93f2-8ca28ef6ec55,potassium,items_commodities_potassium,12,87,8,,499b602e-c494-48c6-b328-59c9b4e59d6f,libs/foundry/records/contracts/contracttemplates/haulcargo_multi4tosingle_supply_potassium.xml
HaulCargo_Multi4ToSingle_Supply_Potassium,Hauling,3,8dda1cf4-dc6c-4b31-93f2-8ca28ef6ec55,potassium,items_commodities_potassium,12,87,8,,499b602e-c494-48c6-b328-59c9b4e59d6f,libs/foundry/records/contracts/contracttemplates/haulcargo_multi4tosingle_supply_potassium.xml
HaulCargo_Multi4ToSingle_Supply_Potassium,Hauling,4,8dda1cf4-dc6c-4b31-93f2-8ca28ef6ec55,potassium,items_commodities_potassium,12,87,8,,499b602e-c494-48c6-b328-59c9b4e59d6f,libs/foundry/records/contracts/contracttemplates/haulcargo_multi4tosingle_supply_potassium.xml
HaulCargo_Multi4ToSingle_Supply_Waste,Hauling,1,b999ef65-35be-45bf-908a-5eac6e06ba12,waste,items_commodities_waste,12,87,8,,84d8e51f-70be-49c5-968d-95f19565e747,libs/foundry/records/contracts/contracttemplates/haulcargo_multi4tosingle_supply_waste.xml
HaulCargo_Multi4ToSingle_Supply_Waste,Hauling,2,b999ef65-35be-45bf-908a-5eac6e06ba12,waste,items_commodities_waste,12,87,8,,84d8e51f-70be-49c5-968d-95f19565e747,libs/foundry/records/contracts/contracttemplates/haulcargo_multi4tosingle_supply_waste.xml
HaulCargo_Multi4ToSingle_Supply_Waste,Hauling,3,b999ef65-35be-45bf-908a-5eac6e06ba12,waste,items_commodities_waste,12,87,8,,84d8e51f-70be-49c5-968d-95f19565e747,libs/foundry/records/contracts/contracttemplates/haulcargo_multi4tosingle_supply_waste.xml
HaulCargo_Multi4ToSingle_Supply_Waste,Hauling,4,b999ef65-35be-45bf-908a-5eac6e06ba12,waste,items_commodities_waste,12,87,8,,84d8e51f-70be-49c5-968d-95f19565e747,libs/foundry/records/contracts/contracttemplates/haulcargo_multi4tosingle_supply_waste.xml
HaulCargo_Multi4ToSingle_Supply,Hauling,1,f386a33c-ac9a-400a-a7b8-fe1fc7c8d270,iron,items_commodities_iron,12,87,8,,8c104798-9825-441f-81e0-e9a5c93ee467,libs/foundry/records/contracts/contracttemplates/haulcargo_multi4tosingle_supply.xml
HaulCargo_Multi4ToSingle_Supply,Hauling,2,f386a33c-ac9a-400a-a7b8-fe1fc7c8d270,iron,items_commodities_iron,12,87,8,,8c104798-9825-441f-81e0-e9a5c93ee467,libs/foundry/records/contracts/contracttemplates/haulcargo_multi4tosingle_supply.xml
HaulCargo_Multi4ToSingle_Supply,Hauling,3,f386a33c-ac9a-400a-a7b8-fe1fc7c8d270,iron,items_commodities_iron,12,87,8,,8c104798-9825-441f-81e0-e9a5c93ee467,libs/foundry/records/contracts/contracttemplates/haulcargo_multi4tosingle_supply.xml
HaulCargo_Multi4ToSingle_Supply,Hauling,4,f386a33c-ac9a-400a-a7b8-fe1fc7c8d270,iron,items_commodities_iron,12,87,8,,8c104798-9825-441f-81e0-e9a5c93ee467,libs/foundry/records/contracts/contracttemplates/haulcargo_multi4tosingle_supply.xml
HaulCargo_Multi4ToSingle,Hauling,1,f386a33c-ac9a-400a-a7b8-fe1fc7c8d270,iron,items_commodities_iron,1,0,-1,,b7a7d0b7-959a-48f6-8b1d-032b204cbc6e,libs/foundry/records/contracts/contracttemplates/haulcargo_multi4tosingle.xml
HaulCargo_Multi4ToSingle,Hauling,2,f386a33c-ac9a-400a-a7b8-fe1fc7c8d270,iron,items_commodities_iron,1,0,-1,,b7a7d0b7-959a-48f6-8b1d-032b204cbc6e,libs/foundry/records/contracts/contracttemplates/haulcargo_multi4tosingle.xml
HaulCargo_Multi4ToSingle,Hauling,3,f386a33c-ac9a-400a-a7b8-fe1fc7c8d270,iron,items_commodities_iron,1,0,-1,,b7a7d0b7-959a-48f6-8b1d-032b204cbc6e,libs/foundry/records/contracts/contracttemplates/haulcargo_multi4tosingle.xml
HaulCargo_Multi4ToSingle,Hauling,4,f386a33c-ac9a-400a-a7b8-fe1fc7c8d270,iron,items_commodities_iron,1,0,-1,,b7a7d0b7-959a-48f6-8b1d-032b204cbc6e,libs/foundry/records/contracts/contracttemplates/haulcargo_multi4tosingle.xml
HaulCargo_SingleToMulti2_Bulk_Waste,Hauling,1,b999ef65-35be-45bf-908a-5eac6e06ba12,waste,items_commodities_waste,200,300,32,,b9ef1e1f-e01d-4146-91a3-c35fc70016fc,libs/foundry/records/contracts/contracttemplates/haulcargo_singletomulti2_bulk_waste.xml
HaulCargo_SingleToMulti2_Bulk_Waste,Hauling,2,b999ef65-35be-45bf-908a-5eac6e06ba12,waste,items_commodities_waste,200,300,32,,b9ef1e1f-e01d-4146-91a3-c35fc70016fc,libs/foundry/records/contracts/contracttemplates/haulcargo_singletomulti2_bulk_waste.xml
HaulCargo_SingleToMulti2_Bulk,Hauling,1,f386a33c-ac9a-400a-a7b8-fe1fc7c8d270,iron,items_commodities_iron,200,300,32,,6af559d5-fb4d-4bcb-a12e-4a813d65c2cd,libs/foundry/records/contracts/contracttemplates/haulcargo_singletomulti2_bulk.xml
HaulCargo_SingleToMulti2_Bulk,Hauling,2,f386a33c-ac9a-400a-a7b8-fe1fc7c8d270,iron,items_commodities_iron,200,300,32,,6af559d5-fb4d-4bcb-a12e-4a813d65c2cd,libs/foundry/records/contracts/contracttemplates/haulcargo_singletomulti2_bulk.xml
HaulCargo_SingleToMulti2_Small_AgriculturalSupplies,Hauling,1,9c09556c-a9c7-4af8-893d-7a3cd6152746,agriculturalSupplies,items_commodities_agriculturalSupplies,4,16,4,,5f3ec30a-5e89-4b51-8793-30ff89960f1d,libs/foundry/records/contracts/contracttemplates/haulcargo_singletomulti2_small_agriculturalsupplies.xml
HaulCargo_SingleToMulti2_Small_AgriculturalSupplies,Hauling,2,9c09556c-a9c7-4af8-893d-7a3cd6152746,agriculturalSupplies,items_commodities_agriculturalSupplies,4,16,4,,5f3ec30a-5e89-4b51-8793-30ff89960f1d,libs/foundry/records/contracts/contracttemplates/haulcargo_singletomulti2_small_agriculturalsupplies.xml
HaulCargo_SingleToMulti2_Small_Carbon,Hauling,1,9dc16af8-bfb9-4119-9e54-6db11b0a7ed2,carbon,items_commodities_carbon,4,16,4,,95f635a8-ae65-4ea6-a3ef-b571dd3e59f0,libs/foundry/records/contracts/contracttemplates/haulcargo_singletomulti2_small_carbon.xml
HaulCargo_SingleToMulti2_Small_Carbon,Hauling,2,9dc16af8-bfb9-4119-9e54-6db11b0a7ed2,carbon,items_commodities_carbon,4,16,4,,95f635a8-ae65-4ea6-a3ef-b571dd3e59f0,libs/foundry/records/contracts/contracttemplates/haulcargo_singletomulti2_small_carbon.xml
HaulCargo_SingleToMulti2_Small_Copper,Hauling,1,a789f57a-e12b-4bcd-8132-e0c03d84fc89,copper,items_commodities_copper,4,16,4,,76592f77-9723-4d3c-87d0-a152a701d732,libs/foundry/records/contracts/contracttemplates/haulcargo_singletomulti2_small_copper.xml
HaulCargo_SingleToMulti2_Small_Copper,Hauling,2,a789f57a-e12b-4bcd-8132-e0c03d84fc89,copper,items_commodities_copper,4,16,4,,76592f77-9723-4d3c-87d0-a152a701d732,libs/foundry/records/contracts/contracttemplates/haulcargo_singletomulti2_small_copper.xml
HaulCargo_SingleToMulti2_Small_Hydrogen,Hauling,1,530da47b-c6bb-4d95-a1ee-23a1e4e27b45,hydrogen,items_commodities_hydrogen,4,16,4,,76eea570-8716-4093-83ee-8641d8d2288b,libs/foundry/records/contracts/contracttemplates/haulcargo_singletomulti2_small_hydrogen.xml
HaulCargo_SingleToMulti2_Small_Hydrogen,Hauling,2,530da47b-c6bb-4d95-a1ee-23a1e4e27b45,hydrogen,items_commodities_hydrogen,4,16,4,,76eea570-8716-4093-83ee-8641d8d2288b,libs/foundry/records/contracts/contracttemplates/haulcargo_singletomulti2_small_hydrogen.xml
HaulCargo_SingleToMulti2_Small_ProcessedFood,Hauling,1,accacd33-3a1a-4ec7-8b4a-14b9f028047c,processedFood,items_commodities_processedFood,4,16,4,,edb12abb-4527-4b56-960e-e67818cfe59d,libs/foundry/records/contracts/contracttemplates/haulcargo_singletomulti2_small_processedfood.xml
HaulCargo_SingleToMulti2_Small_ProcessedFood,Hauling,2,accacd33-3a1a-4ec7-8b4a-14b9f028047c,processedFood,items_commodities_processedFood,4,16,4,,edb12abb-4527-4b56-960e-e67818cfe59d,libs/foundry/records/contracts/contracttemplates/haulcargo_singletomulti2_small_processedfood.xml
HaulCargo_SingleToMulti2_Small_Quartz,Hauling,1,35121003-f1af-481a-b16f-7f48d8af0efb,quartz,items_commodities_quartz,4,16,4,,bd6b1354-38c2-42f4-9c03-ef2674eb8953,libs/foundry/records/contracts/contracttemplates/haulcargo_singletomulti2_small_quartz.xml
HaulCargo_SingleToMulti2_Small_Quartz,Hauling,2,35121003-f1af-481a-b16f-7f48d8af0efb,quartz,items_commodities_quartz,4,16,4,,bd6b1354-38c2-42f4-9c03-ef2674eb8953,libs/foundry/records/contracts/contracttemplates/haulcargo_singletomulti2_small_quartz.xml
HaulCargo_SingleToMulti2_Small,Hauling,1,f386a33c-ac9a-400a-a7b8-fe1fc7c8d270,iron,items_commodities_iron,4,16,4,,fe047f2b-6e47-448b-8e54-0ffb4e879ef4,libs/foundry/records/contracts/contracttemplates/haulcargo_singletomulti2_small.xml
HaulCargo_SingleToMulti2_Small,Hauling,2,f386a33c-ac9a-400a-a7b8-fe1fc7c8d270,iron,items_commodities_iron,4,16,4,,fe047f2b-6e47-448b-8e54-0ffb4e879ef4,libs/foundry/records/contracts/contracttemplates/haulcargo_singletomulti2_small.xml
HaulCargo_SingleToMulti2_Supply_Carbon,Hauling,1,9dc16af8-bfb9-4119-9e54-6db11b0a7ed2,carbon,items_commodities_carbon,25,175,8,,d63b31db-9119-41d3-a2a6-5821953503ad,libs/foundry/records/contracts/contracttemplates/haulcargo_singletomulti2_supply_carbon.xml
HaulCargo_SingleToMulti2_Supply_Carbon,Hauling,2,9dc16af8-bfb9-4119-9e54-6db11b0a7ed2,carbon,items_commodities_carbon,25,175,8,,d63b31db-9119-41d3-a2a6-5821953503ad,libs/foundry/records/contracts/contracttemplates/haulcargo_singletomulti2_supply_carbon.xml
HaulCargo_SingleToMulti2_Supply_Potassium,Hauling,1,8dda1cf4-dc6c-4b31-93f2-8ca28ef6ec55,potassium,items_commodities_potassium,25,175,8,,6d04c6e1-0c58-45ac-a094-4450d0ec6700,libs/foundry/records/contracts/contracttemplates/haulcargo_singletomulti2_supply_potassium.xml
HaulCargo_SingleToMulti2_Supply_Potassium,Hauling,2,8dda1cf4-dc6c-4b31-93f2-8ca28ef6ec55,potassium,items_commodities_potassium,25,175,8,,6d04c6e1-0c58-45ac-a094-4450d0ec6700,libs/foundry/records/contracts/contracttemplates/haulcargo_singletomulti2_supply_potassium.xml
HaulCargo_SingleToMulti2_Supply_Waste,Hauling,1,b999ef65-35be-45bf-908a-5eac6e06ba12,waste,items_commodities_waste,25,175,8,,d23553bc-01c3-4019-9bcc-b8ea4af5fd67,libs/foundry/records/contracts/contracttemplates/haulcargo_singletomulti2_supply_waste.xml
HaulCargo_SingleToMulti2_Supply_Waste,Hauling,2,b999ef65-35be-45bf-908a-5eac6e06ba12,waste,items_commodities_waste,25,175,8,,d23553bc-01c3-4019-9bcc-b8ea4af5fd67,libs/foundry/records/contracts/contracttemplates/haulcargo_singletomulti2_supply_waste.xml
HaulCargo_SingleToMulti2_Supply,Hauling,1,f386a33c-ac9a-400a-a7b8-fe1fc7c8d270,iron,items_commodities_iron,25,175,8,,a3fc58b1-a5b5-4bc6-9595-36e59a2d34ec,libs/foundry/records/contracts/contracttemplates/haulcargo_singletomulti2_supply.xml
HaulCargo_SingleToMulti2_Supply,Hauling,2,f386a33c-ac9a-400a-a7b8-fe1fc7c8d270,iron,items_commodities_iron,25,175,8,,a3fc58b1-a5b5-4bc6-9595-36e59a2d34ec,libs/foundry/records/contracts/contracttemplates/haulcargo_singletomulti2_supply.xml
HaulCargo_SingleToMulti2,Hauling,1,f386a33c-ac9a-400a-a7b8-fe1fc7c8d270,iron,items_commodities_iron,1,0,-1,,11ccc24b-00ca-41fc-b051-af375602d819,libs/foundry/records/contracts/contracttemplates/haulcargo_singletomulti2.xml
HaulCargo_SingleToMulti2,Hauling,2,f386a33c-ac9a-400a-a7b8-fe1fc7c8d270,iron,items_commodities_iron,1,0,-1,,11ccc24b-00ca-41fc-b051-af375602d819,libs/foundry/records/contracts/contracttemplates/haulcargo_singletomulti2.xml
HaulCargo_SingleToMulti3_Bulk_Waste,Hauling,1,b999ef65-35be-45bf-908a-5eac6e06ba12,waste,items_commodities_waste,132,200,32,,dfca72ae-147f-45a0-8c54-82eb86bef675,libs/foundry/records/contracts/contracttemplates/haulcargo_singletomulti3_bulk_waste.xml
HaulCargo_SingleToMulti3_Bulk_Waste,Hauling,2,b999ef65-35be-45bf-908a-5eac6e06ba12,waste,items_commodities_waste,132,200,32,,dfca72ae-147f-45a0-8c54-82eb86bef675,libs/foundry/records/contracts/contracttemplates/haulcargo_singletomulti3_bulk_waste.xml
HaulCargo_SingleToMulti3_Bulk_Waste,Hauling,3,b999ef65-35be-45bf-908a-5eac6e06ba12,waste,items_commodities_waste,132,200,32,,dfca72ae-147f-45a0-8c54-82eb86bef675,libs/foundry/records/contracts/contracttemplates/haulcargo_singletomulti3_bulk_waste.xml
HaulCargo_SingleToMulti3_Bulk,Hauling,1,f386a33c-ac9a-400a-a7b8-fe1fc7c8d270,iron,items_commodities_iron,132,200,32,,bfe3be58-f03c-4b02-8552-82f046ce6b0f,libs/foundry/records/contracts/contracttemplates/haulcargo_singletomulti3_bulk.xml
HaulCargo_SingleToMulti3_Bulk,Hauling,2,f386a33c-ac9a-400a-a7b8-fe1fc7c8d270,iron,items_commodities_iron,132,200,32,,bfe3be58-f03c-4b02-8552-82f046ce6b0f,libs/foundry/records/contracts/contracttemplates/haulcargo_singletomulti3_bulk.xml
HaulCargo_SingleToMulti3_Bulk,Hauling,3,f386a33c-ac9a-400a-a7b8-fe1fc7c8d270,iron,items_commodities_iron,132,200,32,,bfe3be58-f03c-4b02-8552-82f046ce6b0f,libs/foundry/records/contracts/contracttemplates/haulcargo_singletomulti3_bulk.xml
HaulCargo_SingleToMulti3_Medium_Mixed_AgriSuppsHydroFuelPressIceConstrMats,Hauling,1,9c09556c-a9c7-4af8-893d-7a3cd6152746,agriculturalSupplies,items_commodities_agriculturalSupplies,12,12,4,,b3c8fab5-9f00-4bf0-bbef-c9c5e4b1205c,libs/foundry/records/contracts/contracttemplates/haulcargo_singletomulti3_medium_mixed_agrisuppshydrofuelpressiceconstrmats.xml
HaulCargo_SingleToMulti3_Medium_Mixed_AgriSuppsHydroFuelPressIceConstrMats,Hauling,2,de9f4d03-6b60-429d-9b26-9f2308bae973,typePlasmaFuel,items_commodities_type_plasmaFuel,20,20,4,,b3c8fab5-9f00-4bf0-bbef-c9c5e4b1205c,libs/foundry/records/contracts/contracttemplates/haulcargo_singletomulti3_medium_mixed_agrisuppshydrofuelpressiceconstrmats.xml
HaulCargo_SingleToMulti3_Medium_Mixed_AgriSuppsHydroFuelPressIceConstrMats,Hauling,3,f9f3251a-8e48-408a-b957-f1e3d5d3e213,pressurizedIce,items_commodities_pressurized_ice,16,16,4,,b3c8fab5-9f00-4bf0-bbef-c9c5e4b1205c,libs/foundry/records/contracts/contracttemplates/haulcargo_singletomulti3_medium_mixed_agrisuppshydrofuelpressiceconstrmats.xml
HaulCargo_SingleToMulti3_Medium_Mixed_AgriSuppsHydroFuelPressIceConstrMats,Hauling,4,98aa6a70-80e7-41d7-9128-9692053d57a2,ConstructionMaterials,items_commodities_ConstructionMaterials,12,12,4,,b3c8fab5-9f00-4bf0-bbef-c9c5e4b1205c,libs/foundry/records/contracts/contracttemplates/haulcargo_singletomulti3_medium_mixed_agrisuppshydrofuelpressiceconstrmats.xml
HaulCargo_SingleToMulti3_Medium,Hauling,1,f386a33c-ac9a-400a-a7b8-fe1fc7c8d270,iron,items_commodities_iron,1,0,-1,,fb2be70e-64f8-4181-8546-28eba4727256,libs/foundry/records/contracts/contracttemplates/haulcargo_singletomulti3_medium.xml
HaulCargo_SingleToMulti3_Medium,Hauling,2,f386a33c-ac9a-400a-a7b8-fe1fc7c8d270,iron,items_commodities_iron,1,0,-1,,fb2be70e-64f8-4181-8546-28eba4727256,libs/foundry/records/contracts/contracttemplates/haulcargo_singletomulti3_medium.xml
HaulCargo_SingleToMulti3_Medium,Hauling,3,f386a33c-ac9a-400a-a7b8-fe1fc7c8d270,iron,items_commodities_iron,1,0,-1,,fb2be70e-64f8-4181-8546-28eba4727256,libs/foundry/records/contracts/contracttemplates/haulcargo_singletomulti3_medium.xml
HaulCargo_SingleToMulti3_Small_Copper,Hauling,1,a789f57a-e12b-4bcd-8132-e0c03d84fc89,copper,items_commodities_copper,2,10,4,,a2ca825e-d32a-4681-9fb2-d76cb7e40d7d,libs/foundry/records/contracts/contracttemplates/haulcargo_singletomulti3_small_copper.xml
HaulCargo_SingleToMulti3_Small_Copper,Hauling,2,a789f57a-e12b-4bcd-8132-e0c03d84fc89,copper,items_commodities_copper,2,10,4,,a2ca825e-d32a-4681-9fb2-d76cb7e40d7d,libs/foundry/records/contracts/contracttemplates/haulcargo_singletomulti3_small_copper.xml
HaulCargo_SingleToMulti3_Small_Copper,Hauling,3,a789f57a-e12b-4bcd-8132-e0c03d84fc89,copper,items_commodities_copper,2,10,4,,a2ca825e-d32a-4681-9fb2-d76cb7e40d7d,libs/foundry/records/contracts/contracttemplates/haulcargo_singletomulti3_small_copper.xml
HaulCargo_SingleToMulti3_Small_Hydrogen,Hauling,1,530da47b-c6bb-4d95-a1ee-23a1e4e27b45,hydrogen,items_commodities_hydrogen,2,10,4,,1dda5e4a-ea14-4bd7-b391-76e2d07cb411,libs/foundry/records/contracts/contracttemplates/haulcargo_singletomulti3_small_hydrogen.xml
HaulCargo_SingleToMulti3_Small_Hydrogen,Hauling,2,530da47b-c6bb-4d95-a1ee-23a1e4e27b45,hydrogen,items_commodities_hydrogen,2,10,4,,1dda5e4a-ea14-4bd7-b391-76e2d07cb411,libs/foundry/records/contracts/contracttemplates/haulcargo_singletomulti3_small_hydrogen.xml
HaulCargo_SingleToMulti3_Small_Hydrogen,Hauling,3,530da47b-c6bb-4d95-a1ee-23a1e4e27b45,hydrogen,items_commodities_hydrogen,2,10,4,,1dda5e4a-ea14-4bd7-b391-76e2d07cb411,libs/foundry/records/contracts/contracttemplates/haulcargo_singletomulti3_small_hydrogen.xml
HaulCargo_SingleToMulti3_Small_ProcessedFood,Hauling,1,accacd33-3a1a-4ec7-8b4a-14b9f028047c,processedFood,items_commodities_processedFood,2,10,4,,659d010b-13f4-4a01-b292-bf9ba0c94fb1,libs/foundry/records/contracts/contracttemplates/haulcargo_singletomulti3_small_processedfood.xml
HaulCargo_SingleToMulti3_Small_ProcessedFood,Hauling,2,accacd33-3a1a-4ec7-8b4a-14b9f028047c,processedFood,items_commodities_processedFood,2,10,4,,659d010b-13f4-4a01-b292-bf9ba0c94fb1,libs/foundry/records/contracts/contracttemplates/haulcargo_singletomulti3_small_processedfood.xml
HaulCargo_SingleToMulti3_Small_ProcessedFood,Hauling,3,accacd33-3a1a-4ec7-8b4a-14b9f028047c,processedFood,items_commodities_processedFood,2,10,4,,659d010b-13f4-4a01-b292-bf9ba0c94fb1,libs/foundry/records/contracts/contracttemplates/haulcargo_singletomulti3_small_processedfood.xml
HaulCargo_SingleToMulti3_Small,Hauling,1,f386a33c-ac9a-400a-a7b8-fe1fc7c8d270,iron,items_commodities_iron,2,10,4,,097b4b36-d759-43d3-8771-955e2c0fc0c4,libs/foundry/records/contracts/contracttemplates/haulcargo_singletomulti3_small.xml
HaulCargo_SingleToMulti3_Small,Hauling,2,f386a33c-ac9a-400a-a7b8-fe1fc7c8d270,iron,items_commodities_iron,2,10,4,,097b4b36-d759-43d3-8771-955e2c0fc0c4,libs/foundry/records/contracts/contracttemplates/haulcargo_singletomulti3_small.xml
HaulCargo_SingleToMulti3_Small,Hauling,3,f386a33c-ac9a-400a-a7b8-fe1fc7c8d270,iron,items_commodities_iron,2,10,4,,097b4b36-d759-43d3-8771-955e2c0fc0c4,libs/foundry/records/contracts/contracttemplates/haulcargo_singletomulti3_small.xml
HaulCargo_SingleToMulti3_Supply_Carbon,Hauling,1,9dc16af8-bfb9-4119-9e54-6db11b0a7ed2,carbon,items_commodities_carbon,16,116,8,,9cff9e71-1c9d-455d-91e1-115448b8f9ba,libs/foundry/records/contracts/contracttemplates/haulcargo_singletomulti3_supply_carbon.xml
HaulCargo_SingleToMulti3_Supply_Carbon,Hauling,2,9dc16af8-bfb9-4119-9e54-6db11b0a7ed2,carbon,items_commodities_carbon,16,116,8,,9cff9e71-1c9d-455d-91e1-115448b8f9ba,libs/foundry/records/contracts/contracttemplates/haulcargo_singletomulti3_supply_carbon.xml
HaulCargo_SingleToMulti3_Supply_Carbon,Hauling,3,9dc16af8-bfb9-4119-9e54-6db11b0a7ed2,carbon,items_commodities_carbon,16,116,8,,9cff9e71-1c9d-455d-91e1-115448b8f9ba,libs/foundry/records/contracts/contracttemplates/haulcargo_singletomulti3_supply_carbon.xml
HaulCargo_SingleToMulti3_Supply_Potassium,Hauling,1,8dda1cf4-dc6c-4b31-93f2-8ca28ef6ec55,potassium,items_commodities_potassium,16,116,8,,2dd19a70-9ec0-434d-8597-d5208be68c9d,libs/foundry/records/contracts/contracttemplates/haulcargo_singletomulti3_supply_potassium.xml
HaulCargo_SingleToMulti3_Supply_Potassium,Hauling,2,8dda1cf4-dc6c-4b31-93f2-8ca28ef6ec55,potassium,items_commodities_potassium,16,116,8,,2dd19a70-9ec0-434d-8597-d5208be68c9d,libs/foundry/records/contracts/contracttemplates/haulcargo_singletomulti3_supply_potassium.xml
HaulCargo_SingleToMulti3_Supply_Potassium,Hauling,3,8dda1cf4-dc6c-4b31-93f2-8ca28ef6ec55,potassium,items_commodities_potassium,16,116,8,,2dd19a70-9ec0-434d-8597-d5208be68c9d,libs/foundry/records/contracts/contracttemplates/haulcargo_singletomulti3_supply_potassium.xml
HaulCargo_SingleToMulti3_Supply_Waste,Hauling,1,b999ef65-35be-45bf-908a-5eac6e06ba12,waste,items_commodities_waste,16,116,8,,5a091554-8d19-45bc-8653-9a221fe4a66d,libs/foundry/records/contracts/contracttemplates/haulcargo_singletomulti3_supply_waste.xml
HaulCargo_SingleToMulti3_Supply_Waste,Hauling,2,b999ef65-35be-45bf-908a-5eac6e06ba12,waste,items_commodities_waste,16,116,8,,5a091554-8d19-45bc-8653-9a221fe4a66d,libs/foundry/records/contracts/contracttemplates/haulcargo_singletomulti3_supply_waste.xml
HaulCargo_SingleToMulti3_Supply_Waste,Hauling,3,b999ef65-35be-45bf-908a-5eac6e06ba12,waste,items_commodities_waste,16,116,8,,5a091554-8d19-45bc-8653-9a221fe4a66d,libs/foundry/records/contracts/contracttemplates/haulcargo_singletomulti3_supply_waste.xml
HaulCargo_SingleToMulti3_Supply,Hauling,1,f386a33c-ac9a-400a-a7b8-fe1fc7c8d270,iron,items_commodities_iron,16,116,8,,a64d3c56-fb27-48bf-99b4-fde9bf383032,libs/foundry/records/contracts/contracttemplates/haulcargo_singletomulti3_supply.xml
HaulCargo_SingleToMulti3_Supply,Hauling,2,f386a33c-ac9a-400a-a7b8-fe1fc7c8d270,iron,items_commodities_iron,16,116,8,,a64d3c56-fb27-48bf-99b4-fde9bf383032,libs/foundry/records/contracts/contracttemplates/haulcargo_singletomulti3_supply.xml
HaulCargo_SingleToMulti3_Supply,Hauling,3,f386a33c-ac9a-400a-a7b8-fe1fc7c8d270,iron,items_commodities_iron,16,116,8,,a64d3c56-fb27-48bf-99b4-fde9bf383032,libs/foundry/records/contracts/contracttemplates/haulcargo_singletomulti3_supply.xml
HaulCargo_SingleToMulti3_WTP,Hauling,1,accacd33-3a1a-4ec7-8b4a-14b9f028047c,processedFood,items_commodities_processedFood,2,3,2,,97129a3f-9dc8-4628-9723-b447b566dc9e,libs/foundry/records/contracts/contracttemplates/haulcargo_singletomulti3_wtp.xml
HaulCargo_SingleToMulti3_WTP,Hauling,2,d5506a24-5729-4354-81fb-0959173357c4,medicalSupplies,items_commodities_medicalSupplies,2,3,2,,97129a3f-9dc8-4628-9723-b447b566dc9e,libs/foundry/records/contracts/contracttemplates/haulcargo_singletomulti3_wtp.xml
HaulCargo_SingleToMulti3_WTP,Hauling,3,9c09556c-a9c7-4af8-893d-7a3cd6152746,agriculturalSupplies,items_commodities_agriculturalSupplies,2,3,2,,97129a3f-9dc8-4628-9723-b447b566dc9e,libs/foundry/records/contracts/contracttemplates/haulcargo_singletomulti3_wtp.xml
HaulCargo_SingleToMulti3,Hauling,1,f386a33c-ac9a-400a-a7b8-fe1fc7c8d270,iron,items_commodities_iron,1,0,-1,,bbf559f5-05d7-4332-a43d-a8a769fed711,libs/foundry/records/contracts/contracttemplates/haulcargo_singletomulti3.xml
HaulCargo_SingleToMulti3,Hauling,2,f386a33c-ac9a-400a-a7b8-fe1fc7c8d270,iron,items_commodities_iron,1,0,-1,,bbf559f5-05d7-4332-a43d-a8a769fed711,libs/foundry/records/contracts/contracttemplates/haulcargo_singletomulti3.xml
HaulCargo_SingleToMulti3,Hauling,3,f386a33c-ac9a-400a-a7b8-fe1fc7c8d270,iron,items_commodities_iron,1,0,-1,,bbf559f5-05d7-4332-a43d-a8a769fed711,libs/foundry/records/contracts/contracttemplates/haulcargo_singletomulti3.xml
HaulCargo_SingleToMulti4_Bulk_Waste,Hauling,1,b999ef65-35be-45bf-908a-5eac6e06ba12,waste,items_commodities_waste,100,150,32,,255b3dea-f49b-4006-a9b4-0a9ca3b8cc57,libs/foundry/records/contracts/contracttemplates/haulcargo_singletomulti4_bulk_waste.xml
HaulCargo_SingleToMulti4_Bulk_Waste,Hauling,2,b999ef65-35be-45bf-908a-5eac6e06ba12,waste,items_commodities_waste,100,150,32,,255b3dea-f49b-4006-a9b4-0a9ca3b8cc57,libs/foundry/records/contracts/contracttemplates/haulcargo_singletomulti4_bulk_waste.xml
HaulCargo_SingleToMulti4_Bulk_Waste,Hauling,3,b999ef65-35be-45bf-908a-5eac6e06ba12,waste,items_commodities_waste,100,150,32,,255b3dea-f49b-4006-a9b4-0a9ca3b8cc57,libs/foundry/records/contracts/contracttemplates/haulcargo_singletomulti4_bulk_waste.xml
HaulCargo_SingleToMulti4_Bulk_Waste,Hauling,4,b999ef65-35be-45bf-908a-5eac6e06ba12,waste,items_commodities_waste,100,150,32,,255b3dea-f49b-4006-a9b4-0a9ca3b8cc57,libs/foundry/records/contracts/contracttemplates/haulcargo_singletomulti4_bulk_waste.xml
HaulCargo_SingleToMulti4_Bulk,Hauling,1,f386a33c-ac9a-400a-a7b8-fe1fc7c8d270,iron,items_commodities_iron,100,150,32,,3bab730a-e40c-4abb-8556-3c772c811d81,libs/foundry/records/contracts/contracttemplates/haulcargo_singletomulti4_bulk.xml
HaulCargo_SingleToMulti4_Bulk,Hauling,2,f386a33c-ac9a-400a-a7b8-fe1fc7c8d270,iron,items_commodities_iron,100,150,32,,3bab730a-e40c-4abb-8556-3c772c811d81,libs/foundry/records/contracts/contracttemplates/haulcargo_singletomulti4_bulk.xml
HaulCargo_SingleToMulti4_Bulk,Hauling,3,f386a33c-ac9a-400a-a7b8-fe1fc7c8d270,iron,items_commodities_iron,100,150,32,,3bab730a-e40c-4abb-8556-3c772c811d81,libs/foundry/records/contracts/contracttemplates/haulcargo_singletomulti4_bulk.xml
HaulCargo_SingleToMulti4_Bulk,Hauling,4,f386a33c-ac9a-400a-a7b8-fe1fc7c8d270,iron,items_commodities_iron,100,150,32,,3bab730a-e40c-4abb-8556-3c772c811d81,libs/foundry/records/contracts/contracttemplates/haulcargo_singletomulti4_bulk.xml
HaulCargo_SingleToMulti4_Small_AgriculturalSupplies,Hauling,1,9c09556c-a9c7-4af8-893d-7a3cd6152746,agriculturalSupplies,items_commodities_agriculturalSupplies,1,8,4,,37495e48-77f0-4be7-92c6-e4326d8967ec,libs/foundry/records/contracts/contracttemplates/haulcargo_singletomulti4_small_agriculturalsupplies.xml
HaulCargo_SingleToMulti4_Small_AgriculturalSupplies,Hauling,2,9c09556c-a9c7-4af8-893d-7a3cd6152746,agriculturalSupplies,items_commodities_agriculturalSupplies,1,8,4,,37495e48-77f0-4be7-92c6-e4326d8967ec,libs/foundry/records/contracts/contracttemplates/haulcargo_singletomulti4_small_agriculturalsupplies.xml
HaulCargo_SingleToMulti4_Small_AgriculturalSupplies,Hauling,3,9c09556c-a9c7-4af8-893d-7a3cd6152746,agriculturalSupplies,items_commodities_agriculturalSupplies,2,8,4,,37495e48-77f0-4be7-92c6-e4326d8967ec,libs/foundry/records/contracts/contracttemplates/haulcargo_singletomulti4_small_agriculturalsupplies.xml
HaulCargo_SingleToMulti4_Small_AgriculturalSupplies,Hauling,4,9c09556c-a9c7-4af8-893d-7a3cd6152746,agriculturalSupplies,items_commodities_agriculturalSupplies,2,8,4,,37495e48-77f0-4be7-92c6-e4326d8967ec,libs/foundry/records/contracts/contracttemplates/haulcargo_singletomulti4_small_agriculturalsupplies.xml
HaulCargo_SingleToMulti4_Small_Hydrogen,Hauling,1,530da47b-c6bb-4d95-a1ee-23a1e4e27b45,hydrogen,items_commodities_hydrogen,1,8,4,,c0e1c62a-11f2-4f1e-9c83-3ffb353b5d8e,libs/foundry/records/contracts/contracttemplates/haulcargo_singletomulti4_small_hydrogen.xml
HaulCargo_SingleToMulti4_Small_Hydrogen,Hauling,2,530da47b-c6bb-4d95-a1ee-23a1e4e27b45,hydrogen,items_commodities_hydrogen,1,8,4,,c0e1c62a-11f2-4f1e-9c83-3ffb353b5d8e,libs/foundry/records/contracts/contracttemplates/haulcargo_singletomulti4_small_hydrogen.xml
HaulCargo_SingleToMulti4_Small_Hydrogen,Hauling,3,530da47b-c6bb-4d95-a1ee-23a1e4e27b45,hydrogen,items_commodities_hydrogen,2,8,4,,c0e1c62a-11f2-4f1e-9c83-3ffb353b5d8e,libs/foundry/records/contracts/contracttemplates/haulcargo_singletomulti4_small_hydrogen.xml
HaulCargo_SingleToMulti4_Small_Hydrogen,Hauling,4,530da47b-c6bb-4d95-a1ee-23a1e4e27b45,hydrogen,items_commodities_hydrogen,2,8,4,,c0e1c62a-11f2-4f1e-9c83-3ffb353b5d8e,libs/foundry/records/contracts/contracttemplates/haulcargo_singletomulti4_small_hydrogen.xml
HaulCargo_SingleToMulti4_Small_ProcessedFood,Hauling,1,accacd33-3a1a-4ec7-8b4a-14b9f028047c,processedFood,items_commodities_processedFood,1,8,4,,002b1a81-fb21-4e08-ba90-5857f4be5ad8,libs/foundry/records/contracts/contracttemplates/haulcargo_singletomulti4_small_processedfood.xml
HaulCargo_SingleToMulti4_Small_ProcessedFood,Hauling,2,accacd33-3a1a-4ec7-8b4a-14b9f028047c,processedFood,items_commodities_processedFood,1,8,4,,002b1a81-fb21-4e08-ba90-5857f4be5ad8,libs/foundry/records/contracts/contracttemplates/haulcargo_singletomulti4_small_processedfood.xml
HaulCargo_SingleToMulti4_Small_ProcessedFood,Hauling,3,accacd33-3a1a-4ec7-8b4a-14b9f028047c,processedFood,items_commodities_processedFood,2,8,4,,002b1a81-fb21-4e08-ba90-5857f4be5ad8,libs/foundry/records/contracts/contracttemplates/haulcargo_singletomulti4_small_processedfood.xml
HaulCargo_SingleToMulti4_Small_ProcessedFood,Hauling,4,accacd33-3a1a-4ec7-8b4a-14b9f028047c,processedFood,items_commodities_processedFood,2,8,4,,002b1a81-fb21-4e08-ba90-5857f4be5ad8,libs/foundry/records/contracts/contracttemplates/haulcargo_singletomulti4_small_processedfood.xml
HaulCargo_SingleToMulti4_Small,Hauling,1,f386a33c-ac9a-400a-a7b8-fe1fc7c8d270,iron,items_commodities_iron,1,8,4,,d7fa09d2-ee43-474b-ae70-1f4b1db77648,libs/foundry/records/contracts/contracttemplates/haulcargo_singletomulti4_small.xml
HaulCargo_SingleToMulti4_Small,Hauling,2,f386a33c-ac9a-400a-a7b8-fe1fc7c8d270,iron,items_commodities_iron,1,8,4,,d7fa09d2-ee43-474b-ae70-1f4b1db77648,libs/foundry/records/contracts/contracttemplates/haulcargo_singletomulti4_small.xml
HaulCargo_SingleToMulti4_Small,Hauling,3,f386a33c-ac9a-400a-a7b8-fe1fc7c8d270,iron,items_commodities_iron,2,8,4,,d7fa09d2-ee43-474b-ae70-1f4b1db77648,libs/foundry/records/contracts/contracttemplates/haulcargo_singletomulti4_small.xml
HaulCargo_SingleToMulti4_Small,Hauling,4,f386a33c-ac9a-400a-a7b8-fe1fc7c8d270,iron,items_commodities_iron,2,8,4,,d7fa09d2-ee43-474b-ae70-1f4b1db77648,libs/foundry/records/contracts/contracttemplates/haulcargo_singletomulti4_small.xml
HaulCargo_SingleToMulti4_Supply_Carbon,Hauling,1,9dc16af8-bfb9-4119-9e54-6db11b0a7ed2,carbon,items_commodities_carbon,12,87,8,,c7d69ace-784c-4da5-86b6-6f2c7337a822,libs/foundry/records/contracts/contracttemplates/haulcargo_singletomulti4_supply_carbon.xml
HaulCargo_SingleToMulti4_Supply_Carbon,Hauling,2,9dc16af8-bfb9-4119-9e54-6db11b0a7ed2,carbon,items_commodities_carbon,12,87,8,,c7d69ace-784c-4da5-86b6-6f2c7337a822,libs/foundry/records/contracts/contracttemplates/haulcargo_singletomulti4_supply_carbon.xml
HaulCargo_SingleToMulti4_Supply_Carbon,Hauling,3,9dc16af8-bfb9-4119-9e54-6db11b0a7ed2,carbon,items_commodities_carbon,12,87,8,,c7d69ace-784c-4da5-86b6-6f2c7337a822,libs/foundry/records/contracts/contracttemplates/haulcargo_singletomulti4_supply_carbon.xml
HaulCargo_SingleToMulti4_Supply_Carbon,Hauling,4,9dc16af8-bfb9-4119-9e54-6db11b0a7ed2,carbon,items_commodities_carbon,12,87,8,,c7d69ace-784c-4da5-86b6-6f2c7337a822,libs/foundry/records/contracts/contracttemplates/haulcargo_singletomulti4_supply_carbon.xml
HaulCargo_SingleToMulti4_Supply_Potassium,Hauling,1,8dda1cf4-dc6c-4b31-93f2-8ca28ef6ec55,potassium,items_commodities_potassium,12,87,8,,a51859cd-52da-4c81-8654-9548bc33a17a,libs/foundry/records/contracts/contracttemplates/haulcargo_singletomulti4_supply_potassium.xml
HaulCargo_SingleToMulti4_Supply_Potassium,Hauling,2,8dda1cf4-dc6c-4b31-93f2-8ca28ef6ec55,potassium,items_commodities_potassium,12,87,8,,a51859cd-52da-4c81-8654-9548bc33a17a,libs/foundry/records/contracts/contracttemplates/haulcargo_singletomulti4_supply_potassium.xml
HaulCargo_SingleToMulti4_Supply_Potassium,Hauling,3,8dda1cf4-dc6c-4b31-93f2-8ca28ef6ec55,potassium,items_commodities_potassium,12,87,8,,a51859cd-52da-4c81-8654-9548bc33a17a,libs/foundry/records/contracts/contracttemplates/haulcargo_singletomulti4_supply_potassium.xml
HaulCargo_SingleToMulti4_Supply_Potassium,Hauling,4,8dda1cf4-dc6c-4b31-93f2-8ca28ef6ec55,potassium,items_commodities_potassium,12,87,8,,a51859cd-52da-4c81-8654-9548bc33a17a,libs/foundry/records/contracts/contracttemplates/haulcargo_singletomulti4_supply_potassium.xml
HaulCargo_SingleToMulti4_Supply_Waste,Hauling,1,b999ef65-35be-45bf-908a-5eac6e06ba12,waste,items_commodities_waste,12,87,8,,fe48c74d-b226-4ffa-bdf6-f75fd68f934a,libs/foundry/records/contracts/contracttemplates/haulcargo_singletomulti4_supply_waste.xml
HaulCargo_SingleToMulti4_Supply_Waste,Hauling,2,b999ef65-35be-45bf-908a-5eac6e06ba12,waste,items_commodities_waste,12,87,8,,fe48c74d-b226-4ffa-bdf6-f75fd68f934a,libs/foundry/records/contracts/contracttemplates/haulcargo_singletomulti4_supply_waste.xml
HaulCargo_SingleToMulti4_Supply_Waste,Hauling,3,b999ef65-35be-45bf-908a-5eac6e06ba12,waste,items_commodities_waste,12,87,8,,fe48c74d-b226-4ffa-bdf6-f75fd68f934a,libs/foundry/records/contracts/contracttemplates/haulcargo_singletomulti4_supply_waste.xml
HaulCargo_SingleToMulti4_Supply_Waste,Hauling,4,b999ef65-35be-45bf-908a-5eac6e06ba12,waste,items_commodities_waste,12,87,8,,fe48c74d-b226-4ffa-bdf6-f75fd68f934a,libs/foundry/records/contracts/contracttemplates/haulcargo_singletomulti4_supply_waste.xml
HaulCargo_SingleToMulti4_Supply,Hauling,1,f386a33c-ac9a-400a-a7b8-fe1fc7c8d270,iron,items_commodities_iron,12,87,8,,5e5a2074-42a0-4fb2-b007-1a4ca1f7261e,libs/foundry/records/contracts/contracttemplates/haulcargo_singletomulti4_supply.xml
HaulCargo_SingleToMulti4_Supply,Hauling,2,f386a33c-ac9a-400a-a7b8-fe1fc7c8d270,iron,items_commodities_iron,12,87,8,,5e5a2074-42a0-4fb2-b007-1a4ca1f7261e,libs/foundry/records/contracts/contracttemplates/haulcargo_singletomulti4_supply.xml
HaulCargo_SingleToMulti4_Supply,Hauling,3,f386a33c-ac9a-400a-a7b8-fe1fc7c8d270,iron,items_commodities_iron,12,87,8,,5e5a2074-42a0-4fb2-b007-1a4ca1f7261e,libs/foundry/records/contracts/contracttemplates/haulcargo_singletomulti4_supply.xml
HaulCargo_SingleToMulti4_Supply,Hauling,4,f386a33c-ac9a-400a-a7b8-fe1fc7c8d270,iron,items_commodities_iron,12,87,8,,5e5a2074-42a0-4fb2-b007-1a4ca1f7261e,libs/foundry/records/contracts/contracttemplates/haulcargo_singletomulti4_supply.xml
HaulCargo_SingleToMulti4,Hauling,1,f386a33c-ac9a-400a-a7b8-fe1fc7c8d270,iron,items_commodities_iron,1,0,-1,,ff24b202-1d66-4e81-8ec4-ee80de60a810,libs/foundry/records/contracts/contracttemplates/haulcargo_singletomulti4.xml
HaulCargo_SingleToMulti4,Hauling,2,f386a33c-ac9a-400a-a7b8-fe1fc7c8d270,iron,items_commodities_iron,1,0,-1,,ff24b202-1d66-4e81-8ec4-ee80de60a810,libs/foundry/records/contracts/contracttemplates/haulcargo_singletomulti4.xml
HaulCargo_SingleToMulti4,Hauling,3,f386a33c-ac9a-400a-a7b8-fe1fc7c8d270,iron,items_commodities_iron,1,0,-1,,ff24b202-1d66-4e81-8ec4-ee80de60a810,libs/foundry/records/contracts/contracttemplates/haulcargo_singletomulti4.xml
HaulCargo_SingleToMulti4,Hauling,4,f386a33c-ac9a-400a-a7b8-fe1fc7c8d270,iron,items_commodities_iron,1,0,-1,,ff24b202-1d66-4e81-8ec4-ee80de60a810,libs/foundry/records/contracts/contracttemplates/haulcargo_singletomulti4.xml
HaulCargo,Hauling,1,f386a33c-ac9a-400a-a7b8-fe1fc7c8d270,iron,items_commodities_iron,1,0,-1,,2a3ffbb8-02b8-46e7-92f9-d8ce1402d3ad,libs/foundry/records/contracts/contracttemplates/haulcargo.xml
HaulCargo,Hauling,2,f386a33c-ac9a-400a-a7b8-fe1fc7c8d270,iron,items_commodities_iron,1,0,-1,,2a3ffbb8-02b8-46e7-92f9-d8ce1402d3ad,libs/foundry/records/contracts/contracttemplates/haulcargo.xml
HaulCargo,Hauling,3,f386a33c-ac9a-400a-a7b8-fe1fc7c8d270,iron,items_commodities_iron,1,0,-1,,2a3ffbb8-02b8-46e7-92f9-d8ce1402d3ad,libs/foundry/records/contracts/contracttemplates/haulcargo.xml
HaulCargo,Hauling,4,f386a33c-ac9a-400a-a7b8-fe1fc7c8d270,iron,items_commodities_iron,1,0,-1,,2a3ffbb8-02b8-46e7-92f9-d8ce1402d3ad,libs/foundry/records/contracts/contracttemplates/haulcargo.xml
HaulCargo,Hauling,5,f386a33c-ac9a-400a-a7b8-fe1fc7c8d270,iron,items_commodities_iron,1,0,-1,,2a3ffbb8-02b8-46e7-92f9-d8ce1402d3ad,libs/foundry/records/contracts/contracttemplates/haulcargo.xml
TheCollector_ForFavours_PolarisParts,ItemResourceGathering,1,bde5a2c8-2ef4-46ac-9403-2fcb79e4016c,quantainium,items_commodities_quantainium,24,24,-1,,a4fdc291-157c-4209-9eb2-cf3a0851cbd0,libs/foundry/records/contracts/contracttemplates/thecollector_forfavours_polarisparts.xml
TheCollector_Vehicles_ATLS_OrangeNGrey,ItemResourceGathering,1,bde5a2c8-2ef4-46ac-9403-2fcb79e4016c,quantainium,items_commodities_quantainium,36,36,-1,,ecc29cf9-40ca-447e-91d5-851c8a1bfa2d,libs/foundry/records/contracts/contracttemplates/thecollector_vehicles_atls_orangengrey.xml
TheCollector_Vehicles_ATLS_OrangeNGrey,ItemResourceGathering,2,a789f57a-e12b-4bcd-8132-e0c03d84fc89,copper,items_commodities_copper,8,8,-1,,ecc29cf9-40ca-447e-91d5-851c8a1bfa2d,libs/foundry/records/contracts/contracttemplates/thecollector_vehicles_atls_orangengrey.xml
TheCollector_Vehicles_ATLS_OrangeNGrey,ItemResourceGathering,3,60f116f4-c02a-45b2-9ded-333747795124,tungsten,items_commodities_tungsten,8,8,-1,,ecc29cf9-40ca-447e-91d5-851c8a1bfa2d,libs/foundry/records/contracts/contracttemplates/thecollector_vehicles_atls_orangengrey.xml
TheCollector_Vehicles_ATLS_OrangeNGrey,ItemResourceGathering,4,4236c16b-c47f-4083-9e26-4313733f2326,corundum,items_commodities_corundum,8,8,-1,,ecc29cf9-40ca-447e-91d5-851c8a1bfa2d,libs/foundry/records/contracts/contracttemplates/thecollector_vehicles_atls_orangengrey.xml
