Location Name,Ship Mineables,Hand Mineables,Ground Vehicle Mineables,Quality Note
Aaron Halo,"Beryl (Raw) — 18%
Aslarite (Raw) — 14.2%
Titanium (Ore) — 14.2%
Raw Ice — 10.4%
Raw Silicon — 10.3%
Aluminum (Ore) — 10.3%
Iron (Ore) — 10.3%
Copper (Ore) — 10.3%
Quantainium (Raw) — 2%",,,
Aberdeen,"Corundum (Raw) — 29.8%
Aluminum (Ore) — 29.7%
Titanium (Ore) — 28.5%
Ouratite — 10%
Quantainium (Raw) — 2%","Aphorite — 58.6%
Dolivine — 35.4%
Hadanite — 6%","Feynmaline — 64%
Glacosite — 32%
Beradom — 4%",
Akiro Cluster,"Torite (Ore) — 28.5%
Raw Ice — 14.9%
Raw Silicon — 14.9%
Copper (Ore) — 14.9%
Iron (Ore) — 14.8%
Riccite (Ore) — 10%
Stileron — 2%",,,
Arial,"Aluminum (Ore) — 22%
Tin (Ore) — 22%
Hephaestanite (Raw) — 22%
Corundum (Raw) — 22%
Ouratite — 10%
Quantainium (Raw) — 2%","Aphorite — 58.6%
Dolivine — 35.4%
Hadanite — 6%","Feynmaline — 52%
Glacosite — 32%
Beradom — 16%",
Asteroid Cluster (Low Yield),"Raw Ice — 19.6%
Raw Silicon — 19.6%
Aluminum (Ore) — 19.6%
Iron (Ore) — 19.6%
Copper (Ore) — 19.6%
Quantainium (Raw) — 2%",,,
Asteroid Cluster (Medium Yield),"Raw Ice — 19.6%
Raw Silicon — 19.6%
Aluminum (Ore) — 19.6%
Iron (Ore) — 19.6%
Copper (Ore) — 19.6%
Quantainium (Raw) — 2%",,,
Breaker Stations Interior,,"Aphorite — 75%
Sadaryx — 25%",,"Uncommon ship rocks: quality floor 65.1% (standard 50.1%)
Legendary ship rocks: quality floor 65.1% (standard 50.1%)"
Breaker Stations Large Geode,Savrilium (Ore) — 100%,,,"Uncommon ship rocks: quality floor 65.1% (standard 50.1%)
Legendary ship rocks: quality floor 65.1% (standard 50.1%)"
Calliope,"Iron (Ore) — 32.7%
Raw Ice — 32.6%
Hephaestanite (Raw) — 32.6%
Quantainium (Raw) — 2%","Aphorite — 61.1%
Dolivine — 36.9%
Janalite — 2%","Glacosite — 84%
Beradom — 12%
Feynmaline — 4%",
Cellin,"Agricium (Ore) — 28.5%
Raw Silicon — 25.8%
Quartz (Raw) — 25.7%
Taranite (Raw) — 18%
Quantainium (Raw) — 2%","Aphorite — 58.6%
Dolivine — 35.4%
Hadanite — 6%","Beradom — 56%
Glacosite — 32%
Feynmaline — 12%",
Clio,"Raw Ice — 40%
Copper (Ore) — 40%
Taranite (Raw) — 18%
Quantainium (Raw) — 2%","Aphorite — 61.1%
Dolivine — 36.9%
Janalite — 2%","Glacosite — 68%
Beradom — 20%
Feynmaline — 12%",
Daymar,"Raw Silicon — 34.8%
Quartz (Raw) — 34.7%
Agricium (Ore) — 28.5%
Quantainium (Raw) — 2%","Aphorite — 58.6%
Dolivine — 35.4%
Hadanite — 6%","Beradom — 48%
Feynmaline — 40%
Glacosite — 12%",
Euterpe,"Raw Ice — 40%
Copper (Ore) — 40%
Taranite (Raw) — 18%
Quantainium (Raw) — 2%","Aphorite — 61.1%
Dolivine — 36.9%
Janalite — 2%","Glacosite — 88%
Beradom — 12%
Feynmaline — 0%",
Glaciem Ring,"Torite (Ore) — 28.5%
Bexalite (Raw) — 18%
Raw Ice — 13.9%
Aluminum (Ore) — 13.8%
Iron (Ore) — 13.8%
Lindinium (Ore) — 10%
Savrilium (Ore) — 2%",,,
Hathor Caves,,"Aphorite — 30.2%
Jaclium (Ore) — 19.5%
Dolivine — 18.3%
Saldynium (Ore) — 15.8%
Carinite — 11.6%
Hadanite — 3.2%
Janalite — 1.1%
Carinite (Pure) — 0.5%",Carinite — 100%,
Hurston,"Aluminum (Ore) — 44%
Tin (Ore) — 44%
Ouratite — 10%
Quantainium (Raw) — 2%","Aphorite — 58.6%
Dolivine — 35.4%
Hadanite — 6%","Beradom — 64%
Glacosite — 32%
Feynmaline — 4%",
Ita,"Tin (Ore) — 34.8%
Aluminum (Ore) — 34.7%
Aslarite (Raw) — 28.5%
Quantainium (Raw) — 2%","Aphorite — 58.6%
Dolivine — 35.4%
Hadanite — 6%","Glacosite — 69.2%
Feynmaline — 26.9%
Beradom — 3.8%",
Keeger Belt,"Torite (Ore) — 28.5%
Bexalite (Raw) — 18%
Raw Ice — 13.9%
Aluminum (Ore) — 13.8%
Iron (Ore) — 13.8%
Lindinium (Ore) — 10%
Savrilium (Ore) — 2%",,,
Lagrange (Occupied),"Agricium (Ore) — 28.5%
Beryl (Raw) — 18%
Iron (Ore) — 17.9%
Raw Ice — 17.8%
Copper (Ore) — 17.8%",,,
Lagrange A,"Laranite (Raw) — 28.5%
Borase (Ore) — 18%
Aluminum (Ore) — 17.9%
Corundum (Raw) — 17.8%
Hephaestanite (Raw) — 17.8%",,,
Lagrange B,"Aslarite (Raw) — 28.5%
Gold (Ore) — 18%
Iron (Ore) — 17.9%
Raw Ice — 17.8%
Copper (Ore) — 17.8%",,,
Lagrange C,"Torite (Ore) — 28.4%
Aluminum (Ore) — 23.9%
Corundum (Raw) — 23.9%
Hephaestanite (Raw) — 23.9%",,,
Lagrange D,"Agricium (Ore) — 28.5%
Beryl (Raw) — 18%
Iron (Ore) — 17.9%
Raw Ice — 17.8%
Copper (Ore) — 17.8%",,,
Lagrange E,"Titanium (Ore) — 28.5%
Bexalite (Raw) — 18%
Iron (Ore) — 17.9%
Raw Ice — 17.8%
Copper (Ore) — 17.8%",,,
Lagrange F,"Tungsten (Ore) — 28.5%
Taranite (Raw) — 18%
Corundum (Raw) — 17.9%
Aluminum (Ore) — 17.8%
Hephaestanite (Raw) — 17.8%",,,
Lagrange G,"Agricium (Ore) — 28.5%
Beryl (Raw) — 18%
Iron (Ore) — 17.9%
Raw Ice — 17.8%
Copper (Ore) — 17.8%",,,
Lyria,"Iron (Ore) — 34.8%
Copper (Ore) — 34.8%
Laranite (Raw) — 28.5%
Quantainium (Raw) — 2%","Aphorite — 61.1%
Dolivine — 36.9%
Janalite — 2%","Beradom — 48%
Glacosite — 48%
Feynmaline — 4%",
Magda,"Aluminum (Ore) — 34.8%
Iron (Ore) — 34.8%
Titanium (Ore) — 14.2%
Aslarite (Raw) — 14.2%
Quantainium (Raw) — 2%","Aphorite — 58.6%
Dolivine — 35.4%
Hadanite — 6%","Glacosite — 59.3%
Feynmaline — 37%
Beradom — 3.7%",
microTech,"Raw Ice — 32.7%
Hephaestanite (Raw) — 32.7%
Iron (Ore) — 32.6%
Quantainium (Raw) — 2%","Aphorite — 61.1%
Dolivine — 36.9%
Janalite — 2%","Glacosite — 68%
Beradom — 28%
Feynmaline — 4%",
Pyro Belt (Cool 1),"Titanium (Ore) — 28.5%
Raw Ice — 26.8%
Raw Silicon — 26.7%
Borase (Ore) — 18%",,,
Pyro Belt (Cool 2),"Aslarite (Raw) — 28.5%
Raw Ice — 26.8%
Raw Silicon — 26.7%
Taranite (Raw) — 18%",,,
Pyro Belt (Warm 1),"Agricium (Ore) — 28.5%
Iron (Ore) — 26.8%
Copper (Ore) — 26.7%
Bexalite (Raw) — 18%",,,
Pyro Belt (Warm 2),"Tungsten (Ore) — 28.5%
Iron (Ore) — 26.8%
Copper (Ore) — 26.7%
Gold (Ore) — 18%",,,
Pyro Deep Space Asteroids,"Torite (Ore) — 28.5%
Aluminum (Ore) — 14.9%
Corundum (Raw) — 14.9%
Quartz (Raw) — 14.9%
Tin (Ore) — 14.8%
Riccite (Ore) — 10%
Stileron — 2%",,,
Pyro I,"Iron (Ore) — 32.7%
Copper (Ore) — 32.6%
Tin (Ore) — 32.6%
Stileron — 2%","Aphorite — 58.6%
Dolivine — 35.4%
Hadanite — 6%",Beradom — 100%,
Pyro II (Monox),"Hephaestanite (Raw) — 32.7%
Iron (Ore) — 32.6%
Tin (Ore) — 32.6%
Stileron — 2%","Aphorite — 58.6%
Dolivine — 35.4%
Hadanite — 6%",Glacosite — 100%,
Pyro III (Bloom),"Quartz (Raw) — 35%
Iron (Ore) — 35%
Borase (Ore) — 18%
Riccite (Ore) — 10%
Stileron — 2%","Aphorite — 61.1%
Dolivine — 36.9%
Janalite — 2%",Beradom — 100%,
Pyro IV,"Laranite (Raw) — 28.5%
Copper (Ore) — 25.7%
Iron (Ore) — 25.7%
Borase (Ore) — 18%
Stileron — 2%","Aphorite — 58.6%
Dolivine — 35.4%
Hadanite — 6%",Feynmaline — 100%,
Pyro V-a (Ignis),"Tin (Ore) — 36%
Raw Silicon — 36%
Gold (Ore) — 18%
Riccite (Ore) — 10%","Aphorite — 58.6%
Dolivine — 35.4%
Hadanite — 6%",Feynmaline — 100%,
Pyro V-b (Vatra),"Iron (Ore) — 36%
Raw Silicon — 36%
Gold (Ore) — 18%
Riccite (Ore) — 10%","Aphorite — 58.6%
Dolivine — 35.4%
Hadanite — 6%","Beradom — 50%
Glacosite — 50%",
Pyro V-c (Adir),"Iron (Ore) — 43.5%
Tungsten (Ore) — 28.5%
Borase (Ore) — 18%
Riccite (Ore) — 10%","Aphorite — 58.6%
Dolivine — 35.4%
Hadanite — 6%",Glacosite — 100%,
Pyro V-d (Fairo),"Tungsten (Ore) — 28.5%
Raw Silicon — 26.8%
Iron (Ore) — 26.7%
Beryl (Raw) — 9%
Gold (Ore) — 9%","Aphorite — 58.6%
Dolivine — 35.4%
Hadanite — 6%",Beradom — 100%,
Pyro V-e (Fuego),"Aslarite (Raw) — 28.5%
Iron (Ore) — 26.8%
Hephaestanite (Raw) — 26.7%
Borase (Ore) — 9%
Beryl (Raw) — 9%","Aphorite — 61.1%
Dolivine — 36.9%
Janalite — 2%",Feynmaline — 100%,
Pyro V-f (Vuur),"Hephaestanite (Raw) — 26.8%
Iron (Ore) — 26.8%
Beryl (Raw) — 18%
Agricium (Ore) — 14.2%
Aslarite (Raw) — 14.2%","Aphorite — 58.6%
Dolivine — 35.4%
Hadanite — 6%",Glacosite — 100%,
Pyro VI (Terminus),"Raw Ice — 20.8%
Copper (Ore) — 20.8%
Gold (Ore) — 18%
Agricium (Ore) — 14.2%
Titanium (Ore) — 14.2%
Riccite (Ore) — 10%
Stileron — 2%","Aphorite — 61.1%
Dolivine — 36.9%
Janalite — 2%",Feynmaline — 100%,
Wala,"Laranite (Raw) — 28.5%
Copper (Ore) — 25.8%
Iron (Ore) — 25.7%
Beryl (Raw) — 18%
Quantainium (Raw) — 2%","Aphorite — 61.1%
Dolivine — 36.9%
Janalite — 2%","Beradom — 56%
Glacosite — 40%
Feynmaline — 4%",
Yela,"Agricium (Ore) — 28.5%
Raw Silicon — 25.8%
Quartz (Raw) — 25.7%
Taranite (Raw) — 18%
Quantainium (Raw) — 2%","Aphorite — 58.6%
Dolivine — 35.4%
Hadanite — 6%","Glacosite — 68%
Beradom — 24%
Feynmaline — 8%",
Yela Asteroid Belt,"Titanium (Ore) — 28.5%
Iron (Ore) — 20.5%
Raw Ice — 20.5%
Copper (Ore) — 20.5%
Ouratite — 10%",,,
