Entity Class,Name Key,Short Name Key,Description Key,Manufacturer,Size,Grade,Class,Health,Slot,Damage Modifier,Projectile Speed Modifier,Heat Modifier,Magnification,Aim Time Modifier,Sound Radius Modifier
arma_barrel_comp_s1_02,item_Namearma_barrel_comp_s1_02,,item_Descarma_barrel_comp_s1_02,ARMA,1,1,Barrel,,Barrel,1,1,1,1 / 1,1.2,1
arma_barrel_comp_s1_03,item_Namearma_barrel_comp_s1_03,,item_Descarma_barrel_comp_s1_03,ARMA,1,1,Barrel,,Barrel,1,1,1,1 / 1,1.15,1.2
arma_barrel_comp_s1_04,item_Namearma_barrel_comp_s1_04,,item_Descarma_barrel_comp_s1_04,ARMA,1,1,Barrel,,Barrel,1.175,1,1,1 / 1,1,1
arma_barrel_comp_s1_contestedzonereward,item_namarma_barrel_comp_s1_contestedzonereward,,item_descarma_barrel_comp_s1_contestedzonereward,ARMA,1,1,Barrel,,Barrel,1,1,1,1 / 1,1,1
arma_barrel_comp_s1,item_Namearma_barrel_comp_s1,,item_Descarma_barrel_comp_s1,ARMA,1,1,Barrel,,Barrel,1,1,1,1 / 1,1,1.2
arma_barrel_comp_s2_02,item_Namearma_barrel_comp_s2_02,,item_Descarma_barrel_comp_s2_02,ARMA,2,1,Barrel,,Barrel,1,1,1,1 / 1,1,1
arma_barrel_comp_s2_03,item_Namearma_barrel_comp_s2_03,,item_Descarma_barrel_comp_s2_03,ARMA,2,1,Barrel,,Barrel,1.05,1.35,1,1 / 1,1.15,1
arma_barrel_comp_s2_04,item_Namearma_barrel_comp_s2_04,,item_Descarma_barrel_comp_s2_04,ARMA,2,1,Barrel,,Barrel,1,1,1,1 / 1,1.075,1
arma_barrel_comp_s2_contestedzonereward,item_namearma_barrel_comp_s2_contestedzonereward,,item_descarma_barrel_comp_s2_contestedzonereward,ARMA,2,1,Barrel,,Barrel,0.9,1,1,1 / 1,1.25,1.2
arma_barrel_comp_s2_firerats01,item_Namearma_barrel_comp_s2_firerats01,item_Namearma_barrel_comp_s2_firerats01_short,item_Descarma_barrel_comp_s2_firerats01,ARMA,2,1,Barrel,,Barrel,0.9,0.875,1,1 / 1,1,1.2
arma_barrel_comp_s2,item_Namearma_barrel_comp_s2,,item_Descarma_barrel_comp_s2,ARMA,2,1,Barrel,,Barrel,1,1,1,1 / 1,1,1.2
arma_barrel_comp_s3_02,item_Namearma_barrel_comp_s3_02,,item_Descarma_barrel_comp_s3_02,ARMA,3,1,Barrel,,Barrel,1,0.85,1,1 / 1,0.65,1
arma_barrel_comp_s3_03,item_Namearma_barrel_comp_s3_03,,item_Descarma_barrel_comp_s3_03,ARMA,3,1,Barrel,,Barrel,1,1,1,1 / 1,1,1.2
arma_barrel_comp_s3_04,item_Namearma_barrel_comp_s3_04,,item_Descarma_barrel_comp_s3_04,ARMA,3,1,Barrel,,Barrel,1.075,1.075,1,1 / 1,1,1.2
arma_barrel_comp_s3,item_Namearma_barrel_comp_s3,,item_Descarma_barrel_comp_s3,ARMA,3,1,Barrel,,Barrel,1,1,1,1 / 1,1,1.2
arma_barrel_flhd_s1,item_Namearma_barrel_flhd_s1,,item_Descarma_barrel_flhd_s1,ARMA,1,1,Barrel,,Barrel,1,1,1,1 / 1,1,1
arma_barrel_flhd_s2,item_Namearma_barrel_flhd_s2,,item_Descarma_barrel_flhd_s2,ARMA,2,1,Barrel,,Barrel,1,1,1,1 / 1,1,1
arma_barrel_flhd_s3,item_Namearma_barrel_flhd_s3,,item_Descarma_barrel_flhd_s3,ARMA,3,1,Barrel,,Barrel,1,1,1,1 / 1,1,1
arma_barrel_stab_s1_02,item_Namearma_barrel_stab_s1_02,,item_Descarma_barrel_stab_s1_02,ARMA,1,1,Barrel,,Barrel,0.9,1,1,1 / 1,1,1
arma_barrel_stab_s1_firerats01,item_Namearma_barrel_stab_s1_firerats01,item_Namearma_barrel_stab_s1_firerats01_short,item_Descarma_barrel_stab_s1_firerats01,ARMA,1,1,Barrel,,Barrel,1,0.875,1,1 / 1,1,1.2
arma_barrel_stab_s1,item_Namearma_barrel_stab_s1,,item_Descarma_barrel_stab_s1,ARMA,1,1,Barrel,,Barrel,1,1,1,1 / 1,1,1.2
arma_barrel_stab_s2_02,item_Namearma_barrel_stab_s2_02,,item_Descarma_barrel_stab_s2_02,ARMA,2,1,Barrel,,Barrel,0.95,1,1,1 / 1,1,1.2
arma_barrel_stab_s2_contestedzonereward,item_namearma_barrel_stab_s2_contestedzonereward,,item_descarma_barrel_stab_s2_contestedzonereward,ARMA,2,1,Barrel,,Barrel,1.125,1,0.2,1 / 1,1,1.2
arma_barrel_stab_s2,item_Namearma_barrel_stab_s2,,item_Descarma_barrel_stab_s2,ARMA,2,1,Barrel,,Barrel,1,1,1,1 / 1,1,1.2
arma_barrel_stab_s3_02,item_Namearma_barrel_stab_s3_02,,item_Descarma_barrel_stab_s3_02,ARMA,3,1,Barrel,,Barrel,1.1,1,1,1 / 1,1,1
arma_barrel_stab_s3,item_Namearma_barrel_stab_s3,,item_Descarma_barrel_stab_s3,ARMA,3,1,Barrel,,Barrel,1,1,1,1 / 1,1,1.2
arma_barrel_supp_s1_02,item_Namearma_barrel_supp_s1_02,,item_Descarma_barrel_supp_s1_02,ARMA,1,1,Barrel,,Barrel,1,1,1.1,1 / 1,1,0.66
arma_barrel_supp_s1_03,item_Namearma_barrel_supp_s1_03,,item_Descarma_barrel_supp_s1_03,ARMA,1,1,Barrel,,Barrel,1,1,1,1 / 1,1,0.66
arma_barrel_supp_s1,item_Namearma_barrel_supp_s1,,item_Descarma_barrel_supp_s1,ARMA,1,1,Barrel,,Barrel,0.92,1,1,1 / 1,1,0.66
arma_barrel_supp_s2_02,item_Namearma_barrel_supp_s2_02,,item_Descarma_barrel_supp_s2_02,ARMA,2,1,Barrel,,Barrel,1,1,0.75,1 / 1,1,0.66
arma_barrel_supp_s2_03,item_Namearma_barrel_supp_s2_03,,item_Descarma_barrel_supp_s2_03,ARMA,2,1,Barrel,,Barrel,1,1,1,1 / 1,1.125,0.66
arma_barrel_supp_s2,item_Namearma_barrel_supp_s2,,item_Descarma_barrel_supp_s2,ARMA,2,1,Barrel,,Barrel,0.92,1,1,1 / 1,1,0.4
arma_barrel_supp_s3_02,item_Namearma_barrel_supp_s3_02,,item_Descarma_barrel_supp_s3_02,ARMA,3,1,Barrel,,Barrel,1,1,1,1 / 1,1,0.66
arma_barrel_supp_s3_03,item_Namearma_barrel_supp_s3_03,,item_Descarma_barrel_supp_s3_03,ARMA,3,1,Barrel,,Barrel,1,1,1,1 / 1,0.9,0.66
arma_barrel_supp_s3,item_Namearma_barrel_supp_s3,,item_Descarma_barrel_supp_s3,ARMA,3,1,Barrel,,Barrel,0.92,1,1,1 / 1,1,0.4
barrel_attachment,LOC_PLACEHOLDER,,,,0,1,Barrel,,Barrel,1,1,1,1 / 1,1,1
behr_binoculars_01_fakeoptic_collector,item_Namebehr_optics_tsco_x16_s3,,item_Descbehr_optics_tsco_x16_s3,BEHR,1,1,IronSight,,IronSight,1,1,1,10 / 12,1,1
behr_binoculars_01_fakeoptic,item_Namebehr_optics_tsco_x16_s3,,item_Descbehr_optics_tsco_x16_s3,BEHR,1,1,IronSight,,IronSight,1,1,1,10 / 12,1,1
behr_optics_holo_x1_s1,item_Namebehr_optics_holo_x1_s1,,item_Descbehr_optics_holo_x1_s1,BEHR,1,1,IronSight,,IronSight,1,1,1,1 / 2,1.15,1
behr_optics_holo_x2_s1,item_Namebehr_optics_holo_x2_s1,,item_Descbehr_optics_holo_x2_s1,BEHR,1,1,IronSight,,IronSight,1,1,1,2 / 3,1.15,1
behr_optics_holo_x3_s1_tint01,item_Namebehr_optics_holo_x3_s1_tint01,,item_Descbehr_optics_holo_X3_s1_tint01,BEHR,1,1,IronSight,,IronSight,1,1,1,3 / 4,1.15,1
behr_optics_holo_x3_s1,item_Namebehr_optics_holo_x3_s1,,item_Descbehr_optics_holo_x3_s1,BEHR,1,1,IronSight,,IronSight,1,1,1,3 / 4,1.15,1
behr_optics_rdot_x1_s1,item_Namebehr_optics_rdot_x1_s1,,item_Descbehr_optics_rdot_x1_s1,BEHR,1,1,IronSight,,IronSight,1,1,1,1 / 1,1.15,1
behr_optics_tsco_x16_s3,item_Namebehr_optics_tsco_x16_s3,,item_Descbehr_optics_tsco_x16_s3,BEHR,3,1,IronSight,,IronSight,1,1,1,16 / 1,1,1
behr_optics_tsco_x4_s2,item_Namebehr_optics_tsco_x4_s2,,item_Descbehr_optics_tsco_x4_s2,BEHR,2,1,IronSight,,IronSight,1,1,1,4 / 6,1.25,1
behr_optics_tsco_x8_s3,item_Namebehr_optics_tsco_x8_s3,,item_Descbehr_optics_tsco_x8_s3,BEHR,3,1,IronSight,,IronSight,1,1,1,8 / 1,1,1
gmni_optics_tsco_x4_s2_firerats01,item_Namegmni_optics_tsco_x4_s2_firerats02,item_Namegmni_optics_tsco_x4_s2_firerats02_short,item_Descgmni_optics_tsco_x4_s2_firerats02,GMNI,2,1,IronSight,,IronSight,1,1,1,4 / 2.5,1.05,1
gmni_optics_tsco_x4_s2,item_Namegmni_optics_tsco_x4_s2,,item_Descgmni_optics_tsco_x4_s2,GMNI,2,1,IronSight,,IronSight,1,1,1,4 / 1,1.25,1
gmni_optics_tsco_x8_s3_firerats01,item_Namegmni_optics_tsco_x8_s3_firerats01,item_Namegmni_optics_tsco_x8_s3_firerats01_short,item_Descgmni_optics_tsco_x8_s3_firerats01,GMNI,3,1,IronSight,,IronSight,1,1,1,8 / 4,1,1
gmni_optics_tsco_x8_s3_store01,item_Namegmni_optics_tsco_x8_s3_store01,item_Namegmni_optics_tsco_x8_s3_store01_short,item_Descgmni_optics_tsco_x8_s3_store01,GMNI,3,1,IronSight,,IronSight,1,1,1,8 / 1,1,1
gmni_optics_tsco_x8_s3,item_Namegmni_optics_tsco_x8_s3,,item_Descgmni_optics_tsco_x8_s3,GMNI,3,1,IronSight,,IronSight,1,1,1,8 / 1,1,1
grin_multitool_01_cutter,item_Namegrin_multitool_01_cutter,,item_Descgrin_multitool_01_cutter,GRIN,1,1,Utility,,Utility,1,1,1,1 / 1,1,1
grin_multitool_01_healing,item_Namegrin_multitool_01_healing,,item_Descgrin_multitool_01_healing,GRIN,1,1,Utility,,Utility,1,1,1,1 / 1,1,1
grin_multitool_01_mining,item_Namegrin_multitool_01_mining,,item_Descgrin_multitool_01_mining,GRIN,1,1,Utility,,Utility,1,1,1,1 / 1,1,1
grin_multitool_01_salvage_repair,item_Namegrin_multitool_01_salvage,item_Namegrin_multitool_01_salvage,item_Descgrin_multitool_01_salvage,GRIN,1,1,Utility,,Utility,1,1,1,1 / 1,1,1
grin_multitool_01_tractorbeam,item_Namegrin_multitool_01_tractorbeam,item_Namegrin_multitool_01_tractorbeam,item_Descgrin_multitool_01_tractorbeam,GRIN,1,1,Utility,,Utility,1,1,1,1 / 1,1,1
klwe_optics_disp_x8_s3,item_Nameklwe_optics_disp_x8_s3,,item_Descklwe_optics_disp_x8_s3,KLWE,3,1,IronSight,,IronSight,1,1,1,8 / 1,1,1
klwe_optics_holo_x1_5_s1,item_Nameklwe_optics_holo_x1_5_s1,,item_descklwe_optics_holo_x1_5_s1,KLWE,1,1,IronSight,,IronSight,1,1,1,1.5 / 3,1.05,1
klwe_optics_holo_x2_s1,item_Nameklwe_optics_holo_x2_s1,,item_descklwe_optics_holo_x2_s1,KLWE,1,1,IronSight,,IronSight,1,1,1,2 / 4,1.05,1
klwe_optics_holo_x3_s1,item_Nameklwe_optics_holo_x3_s1,,item_descklwe_optics_holo_x3_s1,KLWE,1,1,IronSight,,IronSight,1,1,1,3 / 4.5,1.05,1
klwe_optics_rdot_x1_s1,item_Nameklwe_optics_rdot_x1_s1,,item_descklwe_optics_rdot_x1_s1,KLWE,1,1,IronSight,,IronSight,1,1,1,1 / 3,1.05,1
klwe_optics_tsco_2_5x_s2,item_Nameklwe_optics_tsco_2_5x_s2,,item_descklwe_optics_tsco_2_5x_s2,KLWE,2,1,IronSight,,IronSight,1,1,1,2 / 5,1.05,1
klwe_optics_tsco_3_5x_s2,item_Nameklwe_optics_tsco_3_5x_s2,,item_descklwe_optics_tsco_3_5x_s2,KLWE,2,1,IronSight,,IronSight,1,1,1,3 / 5.5,1.05,1
klwe_ubarrel_flsh_s1,item_Nameklwe_ubarrel_flsh_s1,item_Nameklwe_ubarrel_flsh_s1_short,item_Descklwe_ubarrel_flsh_s1,NVTC,1,1,BottomAttachment,,BottomAttachment,1,1,1,1 / 1,1,1
klwe_ubarrel_lasr_s1_02,item_Nameklwe_ubarrel_lasr_s1_02,item_Nameklwe_ubarrel_lasr_s1_02_short,item_Descklwe_ubarrel_lasr_s1_02,NVTC,1,1,BottomAttachment,,BottomAttachment,1,1,1,1 / 1,1,1
klwe_ubarrel_lasr_s1,item_Nameklwe_ubarrel_lasr_s1,item_Nameklwe_ubarrel_lasr_s1_short,item_Descklwe_ubarrel_lasr_s1,NVTC,1,1,BottomAttachment,,BottomAttachment,1,1,1,1 / 1,1,1
ksar_optics_tsco_x8_s3,item_Nameksar_optics_tsco_x8_s3,,item_Descksar_optics_tsco_x8_s3,KSAR,3,1,IronSight,,IronSight,1,1,1,8 / 1,1,1
lbco_optics_tsco_x16_s3_acid01,item_Namelbco_optics_tsco_x16_s3,,item_Desclbco_optics_tsco_x16_s3,LBCO,3,1,IronSight,,IronSight,1,1,1,16 / 1,0.75,1
lbco_optics_tsco_x16_s3_chromic01,item_Namelbco_optics_tsco_x16_s3,,item_Desclbco_optics_tsco_x16_s3,LBCO,3,1,IronSight,,IronSight,1,1,1,16 / 1,0.75,1
lbco_optics_tsco_x16_s3_imp01,item_Namelbco_optics_tsco_x16_s3,,item_Desclbco_optics_tsco_x16_s3,LBCO,3,1,IronSight,,IronSight,1,1,1,16 / 1,0.75,1
lbco_optics_tsco_x16_s3_sunset01,item_Namelbco_optics_tsco_x16_s3,,item_Desclbco_optics_tsco_x16_s3,LBCO,3,1,IronSight,,IronSight,1,1,1,16 / 1,0.75,1
lbco_optics_tsco_x16_s3,item_Namelbco_optics_tsco_x16_s3,,item_Desclbco_optics_tsco_x16_s3,LBCO,3,1,IronSight,,IronSight,1,1,1,16 / 1,0.75,1
multitool_attachment,LOC_PLACEHOLDER,,,GRIN,0,1,Utility,,Utility,1,1,1,1 / 1,1,1
nvtc_optics_holo_x1_s1_lamp,Item_Namenvtc_optics_holo_x1_s1_LAMP,,Item_Descnvtc_optics_holo_x1_s1_LAMP,NVTC,1,1,IronSight,,IronSight,1,1,1,1 / 1,1.15,1
nvtc_optics_holo_x1_s1_tint01,item_Namenvtc_optics_holo_x1_s1_tint01,,item_Descnvtc_optics_holo_x1_s1_tint01,NVTC,1,1,IronSight,,IronSight,1,1,1,1 / 1,1.15,1
nvtc_optics_holo_x1_s1,item_Namenvtc_optics_holo_x1_s1,,item_Descnvtc_optics_holo_x1_s1,NVTC,1,1,IronSight,,IronSight,1,1,1,1 / 1,1.15,1
nvtc_optics_holo_x2_s1_lamp,Item_Namenvtc_optics_holo_x2_s1_LAMP,,Item_Descnvtc_optics_holo_x2_s1_LAMP,NVTC,1,1,IronSight,,IronSight,1,1,1,2 / 1,1.15,1
nvtc_optics_holo_x2_s1,item_Namenvtc_optics_holo_x2_s1,,item_Descnvtc_optics_holo_x2_s1,NVTC,1,1,IronSight,,IronSight,1,1,1,2 / 3,1.15,1
nvtc_optics_holo_x3_s1_lamp,Item_Namenvtc_optics_holo_x3_s1_LAMP,,Item_Descnvtc_optics_holo_x3_s1_LAMP,NVTC,1,1,IronSight,,IronSight,1,1,1,3 / 1,1.15,1
nvtc_optics_holo_x3_s1_tint01,item_Namenvtc_optics_holo_x3_s1_tint01,,item_Descnvtc_optics_holo_x3_s1_tint01,NVTC,1,1,IronSight,,IronSight,1,1,1,3 / 3,1.15,1
nvtc_optics_holo_x3_s1,item_Namenvtc_optics_holo_x3_s1,,item_Descnvtc_optics_holo_x3_s1,NVTC,1,1,IronSight,,IronSight,1,1,1,3 / 3,1.15,1
nvtc_optics_rdot_x1_s1_firerats01,item_Namenvtc_optics_rdot_x1_s1_firerats01,item_Namenvtc_optics_rdot_x1_s1_firerats01_short,item_Descnvtc_optics_rdot_x1_s1_firerats01,NVTC,1,1,IronSight,,IronSight,1,1,1,1 / 3,1.025,1
nvtc_optics_rdot_x1_s1_lamp,Item_Namenvtc_optics_rdot_x1_s1_LAMP,,Item_Descnvtc_optics_rdot_x1_s1_LAMP,NVTC,1,1,IronSight,,IronSight,1,1,1,1 / 1,1.15,1
nvtc_optics_rdot_x1_s1,item_Namenvtc_optics_rdot_x1_s1,,item_Descnvtc_optics_rdot_x1_s1,NVTC,1,1,IronSight,,IronSight,1,1,1,1 / 1,1.15,1
nvtc_optics_tsco_x4_s2_firerats01,item_Namenvtc_optics_tsco_x4_s2_firerats01,item_Namenvtc_optics_tsco_x4_s2_firerats01_short,item_Descnvtc_optics_tsco_x4_s2_firerats01,NVTC,2,1,IronSight,,IronSight,1,1,1,4 / 2,1.05,1
nvtc_optics_tsco_x4_s2_lamp,Item_Namenvtc_optics_tsco_x4_s2_LAMP,,Item_Descnvtc_optics_tsco_x4_s2_LAMP,NVTC,2,1,IronSight,,IronSight,1,1,1,4 / 6,1.25,1
nvtc_optics_tsco_x4_s2,item_Namenvtc_optics_tsco_x4_s2,,item_Descnvtc_optics_tsco_x4_s2,NVTC,2,1,IronSight,,IronSight,1,1,1,4 / 6,1.25,1
nvtc_optics_tsco_x8_s3_lamp,Item_Namenvtc_optics_tsco_x8_s3_LAMP,,Item_Descnvtc_optics_tsco_x8_s3_LAMP,NVTC,3,1,IronSight,,IronSight,1,1,1,6 / 1,1,1
nvtc_optics_tsco_x8_s3,item_Namenvtc_optics_tsco_x8_s3,,item_Descnvtc_optics_tsco_x8_s3,NVTC,3,1,IronSight,,IronSight,1,1,1,6 / 10,1,1
nvtc_ubarrel_flsh_s1_02,item_Namenvtc_ubarrel_flsh_s1_02,,item_Descnvtc_ubarrel_flsh_s1_02,NVTC,1,1,BottomAttachment,,BottomAttachment,1,1,1,1 / 1,1,1
nvtc_ubarrel_flsh_s1_03,item_Namenvtc_ubarrel_flsh_s1_03,,item_Descnvtc_ubarrel_flsh_s1_03,NVTC,1,1,BottomAttachment,,BottomAttachment,1,1,1,1 / 1,1,1
nvtc_ubarrel_flsh_s1_04,item_Namenvtc_ubarrel_flsh_s1_04,,item_Descnvtc_ubarrel_flsh_s1_04,NVTC,1,1,BottomAttachment,,BottomAttachment,1,1,1,1 / 1,1,1
nvtc_ubarrel_flsh_s1_firerats01,item_Namenvtc_ubarrel_flsh_s1_firerats01,item_Namenvtc_ubarrel_flsh_s1_firerats01_short,item_Descnvtc_ubarrel_flsh_s1_firerats01,NVTC,1,1,BottomAttachment,,BottomAttachment,1,1,1,1 / 1,1,1
nvtc_ubarrel_flsh_s1,item_Namenvtc_ubarrel_flsh_s1,,item_Descnvtc_ubarrel_flsh_s1,NVTC,1,1,BottomAttachment,,BottomAttachment,1,1,1,1 / 1,1,1
nvtc_ubarrel_lasr_s1,item_Namenvtc_ubarrel_lasr_s1,,item_Descnvtc_ubarrel_lasr_s1,NVTC,1,1,BottomAttachment,,BottomAttachment,1,1,1,1 / 1,1,1
optics_template,LOC_PLACEHOLDER,,,,0,1,IronSight,,IronSight,1,1,1,1 / 1,1,1
underbarrel_template,LOC_PLACEHOLDER,,,,0,1,BottomAttachment,,BottomAttachment,1,1,1,1 / 1,1,1
volt_optics_holo_x1_s1,item_Namevolt_optics_holo_x1_s1,,item_Descvolt_optics_holo_x1_s1,VOLT,1,1,IronSight,,IronSight,1,1,1,1 / 1,1.08,1
volt_optics_holo_x2_s1,item_Namevolt_optics_holo_x2_s1,,item_Descvolt_optics_holo_x2_s1,VOLT,1,1,IronSight,,IronSight,1,1,1,2 / 1,1.08,1
volt_optics_holo_x3_s1,item_Namevolt_optics_holo_x3_s1,,item_Descvolt_optics_holo_x3_s1,VOLT,1,1,IronSight,,IronSight,1,1,1,3 / 1,1.08,1
volt_optics_tsco_x8_s3_collector01,item_Namevolt_optics_tsco_x8_s3_collector01,item_Namevolt_optics_tsco_x8_s3_collector01,item_Descvolt_optics_tsco_x8_s3_collector01,LBCO,3,1,IronSight,,IronSight,1,1,1,4 / 8,1,1
volt_optics_tsco_x8_s3_store01,item_Namevolt_optics_tsco_x8_s3_store01,item_Namevolt_optics_tsco_x8_s3_store01,item_Descvolt_optics_tsco_x8_s3_store01,LBCO,3,1,IronSight,,IronSight,1,1,1,4 / 8,1,1
volt_optics_tsco_x8_s3_tint01,item_Namevolt_optics_tsco_x8_s3_tint01,item_Namevolt_optics_tsco_x8_s3_tint01,item_Descvolt_optics_tsco_x8_s3_tint01,LBCO,3,1,IronSight,,IronSight,1,1,1,4 / 8,1,1
volt_optics_tsco_x8_s3_tint02,item_Namevolt_optics_tsco_x8_s3_tint02,item_Namevolt_optics_tsco_x8_s3_tint02,item_Descvolt_optics_tsco_x8_s3_tint02,LBCO,3,1,IronSight,,IronSight,1,1,1,4 / 8,1,1
volt_optics_tsco_x8_s3_tint03,item_Namevolt_optics_tsco_x8_s3_tint03,item_Namevolt_optics_tsco_x8_s3_tint03,item_Descvolt_optics_tsco_x8_s3_tint03,LBCO,3,1,IronSight,,IronSight,1,1,1,4 / 8,1,1
volt_optics_tsco_x8_s3,item_Namevolt_optics_tsco_x8_s3_base,item_Namevolt_optics_tsco_x8_s3_base,item_Descvolt_optics_tsco_x8_s3_base,LBCO,3,1,IronSight,,IronSight,1,1,1,4 / 8,1,1
volt_ubarrel_flsh_s1,item_Namevolt_ubarrel_flsh_s1,item_Namevolt_ubarrel_flsh_s1,item_Descvolt_ubarrel_flsh_s1,NVTC,1,1,BottomAttachment,,BottomAttachment,1,1,1,1 / 1,1,1
weaponmount_nvtc_optics_holo_x1_s1,item_Namenvtc_optics_holo_x1_s1,,item_Descnvtc_optics_holo_x1_s1,NVTC,4,1,IronSight,,IronSight,1,1,1,1 / 1,1,1
asad_distortionrepeater_barrel_s1,LOC_PLACEHOLDER,,,,1,1,Barrel,,Barrel,1,1,1,1 / 1,1,1
asad_distortionrepeater_barrel_s2,LOC_PLACEHOLDER,,,,1,1,Barrel,,Barrel,1,1,1,1 / 1,1,1
asad_distortionrepeater_barrel_s3,LOC_PLACEHOLDER,,,,1,1,Barrel,,Barrel,1,1,1,1 / 1,1,1
asad_distortionrepeater_firingmechanism_s1,LOC_PLACEHOLDER,,,,1,1,FiringMechanism,,FiringMechanism,1,1,1,1 / 1,1,1
asad_distortionrepeater_firingmechanism_s2,LOC_PLACEHOLDER,,,,1,1,FiringMechanism,,FiringMechanism,1,1,1,1 / 1,1,1
asad_distortionrepeater_firingmechanism_s3,LOC_PLACEHOLDER,,,,1,1,FiringMechanism,,FiringMechanism,1,1,1,1 / 1,1,1
asad_distortionrepeater_powerarray_s1,LOC_PLACEHOLDER,,,,1,1,PowerArray,,PowerArray,1,1,1,1 / 1,1,1
asad_distortionrepeater_powerarray_s2,LOC_PLACEHOLDER,,,,1,1,PowerArray,,PowerArray,1,1,1,1 / 1,1,1
asad_distortionrepeater_powerarray_s3,LOC_PLACEHOLDER,,,,1,1,PowerArray,,PowerArray,1,1,1,1 / 1,1,1
asad_distortionrepeater_ventilation_s1,LOC_PLACEHOLDER,,,,1,1,Ventilation,,Ventilation,1,1,1,1 / 1,1,1
asad_distortionrepeater_ventilation_s2,LOC_PLACEHOLDER,,,,1,1,Ventilation,,Ventilation,1,1,1,1 / 1,1,1
asad_distortionrepeater_ventilation_s3,LOC_PLACEHOLDER,,,,1,1,Ventilation,,Ventilation,1,1,1,1 / 1,1,1
banu_tachyoncannon_barrel_s1,LOC_PLACEHOLDER,,,BANU,1,1,Barrel,,Barrel,1,1,1,1 / 1,1,1
banu_tachyoncannon_barrel_s2,LOC_PLACEHOLDER,,,BANU,2,1,Barrel,,Barrel,1,1,1,1 / 1,1,1
banu_tachyoncannon_barrel_s3,LOC_PLACEHOLDER,,,BANU,3,1,Barrel,,Barrel,1,1,1,1 / 1,1,1
banu_tachyoncannon_firingmechanism_s1,LOC_PLACEHOLDER,,,BANU,1,1,FiringMechanism,,FiringMechanism,1,1,1,1 / 1,1,1
banu_tachyoncannon_firingmechanism_s2,LOC_PLACEHOLDER,,,BANU,2,1,FiringMechanism,,FiringMechanism,1,1,1,1 / 1,1,1
banu_tachyoncannon_firingmechanism_s3,LOC_PLACEHOLDER,,,BANU,3,1,FiringMechanism,,FiringMechanism,1,1,1,1 / 1,1,1
banu_tachyoncannon_powerarray_s1,LOC_PLACEHOLDER,,,BANU,3,3,PowerArray,,PowerArray,1,1,1,1 / 1,1,1
banu_tachyoncannon_powerarray_s2,LOC_PLACEHOLDER,,,BANU,2,3,PowerArray,,PowerArray,1,1,1,1 / 1,1,1
banu_tachyoncannon_powerarray_s3,LOC_PLACEHOLDER,,,BANU,3,3,PowerArray,,PowerArray,1,1,1,1 / 1,1,1
banu_tachyoncannon_ventilation_s1,LOC_PLACEHOLDER,,,BANU,1,1,Ventilation,,Ventilation,1,1,1,1 / 1,1,1
banu_tachyoncannon_ventilation_s2,LOC_PLACEHOLDER,,,BANU,2,1,Ventilation,,Ventilation,1,1,1,1 / 1,1,1
banu_tachyoncannon_ventilation_s3,LOC_PLACEHOLDER,,,BANU,3,1,Ventilation,,Ventilation,1,1,1,1 / 1,1,1
behr_ballisticgatling_barrel_s4,LOC_PLACEHOLDER,,,BEHR,4,1,Barrel,,Barrel,1,1,1,1 / 1,1,1
behr_ballisticgatling_barrel_s5,LOC_PLACEHOLDER,,,BEHR,5,1,Barrel,,Barrel,1,1,1,1 / 1,1,1
behr_ballisticgatling_barrel_s6,LOC_PLACEHOLDER,,,BEHR,6,1,Barrel,,Barrel,1,1,1,1 / 1,1,1
behr_ballisticgatling_barrel_s7,LOC_PLACEHOLDER,,,BEHR,7,1,Barrel,1,Barrel,1,1,1,1 / 1,1,1
behr_ballisticgatling_firingmechanism_s4,LOC_PLACEHOLDER,,,BEHR,4,1,FiringMechanism,,FiringMechanism,1,1,1,1 / 1,1,1
behr_ballisticgatling_firingmechanism_s5,LOC_PLACEHOLDER,,,BEHR,5,1,FiringMechanism,,FiringMechanism,1,1,1,1 / 1,1,1
behr_ballisticgatling_firingmechanism_s6,LOC_PLACEHOLDER,,,BEHR,6,1,FiringMechanism,,FiringMechanism,1,1,1,1 / 1,1,1
behr_ballisticgatling_firingmechanism_s7,LOC_PLACEHOLDER,,,BEHR,7,1,FiringMechanism,1,FiringMechanism,1,1,1,1 / 1,1,1
behr_ballisticgatling_powerarray_s4,LOC_PLACEHOLDER,,,BEHR,4,1,PowerArray,,PowerArray,1,1,1,1 / 1,1,1
behr_ballisticgatling_powerarray_s5,LOC_PLACEHOLDER,,,BEHR,5,1,PowerArray,,PowerArray,1,1,1,1 / 1,1,1
behr_ballisticgatling_powerarray_s6,LOC_PLACEHOLDER,,,BEHR,6,1,PowerArray,,PowerArray,1,1,1,1 / 1,1,1
behr_ballisticgatling_powerarray_s7,LOC_PLACEHOLDER,,,BEHR,7,1,PowerArray,1,PowerArray,1,1,1,1 / 1,1,1
behr_ballisticgatling_ventilation_s4,LOC_PLACEHOLDER,,,BEHR,4,1,Ventilation,,Ventilation,1,1,1,1 / 1,1,1
behr_ballisticgatling_ventilation_s5,LOC_PLACEHOLDER,,,BEHR,5,1,Ventilation,,Ventilation,1,1,1,1 / 1,1,1
behr_ballisticgatling_ventilation_s6,LOC_PLACEHOLDER,,,BEHR,6,1,Ventilation,,Ventilation,1,1,1,1 / 1,1,1
behr_ballisticgatling_ventilation_s7,LOC_PLACEHOLDER,,,BEHR,7,1,Ventilation,1,Ventilation,1,1,1,1 / 1,1,1
behr_ballisticrepeater_barrel_s1,LOC_PLACEHOLDER,,,,1,1,Barrel,,Barrel,1,1,1,1 / 1,1,1
behr_ballisticrepeater_barrel_s2,LOC_PLACEHOLDER,,,,1,1,Barrel,,Barrel,1,1,1,1 / 1,1,1
behr_ballisticrepeater_barrel_s3,LOC_PLACEHOLDER,,,,1,1,Barrel,,Barrel,1,1,1,1 / 1,1,1
behr_ballisticrepeater_firingmechanism_s1,LOC_PLACEHOLDER,,,,1,1,FiringMechanism,,FiringMechanism,1,1,1,1 / 1,1,1
behr_ballisticrepeater_firingmechanism_s2,LOC_PLACEHOLDER,,,,1,1,FiringMechanism,,FiringMechanism,1,1,1,1 / 1,1,1
behr_ballisticrepeater_firingmechanism_s3,LOC_PLACEHOLDER,,,,1,1,FiringMechanism,,FiringMechanism,1,1,1,1 / 1,1,1
behr_ballisticrepeater_powerarray_s1,LOC_PLACEHOLDER,,,,1,1,PowerArray,,PowerArray,1,1,1,1 / 1,1,1
behr_ballisticrepeater_powerarray_s2,LOC_PLACEHOLDER,,,,1,1,PowerArray,,PowerArray,1,1,1,1 / 1,1,1
behr_ballisticrepeater_powerarray_s3,LOC_PLACEHOLDER,,,,1,1,PowerArray,,PowerArray,1,1,1,1 / 1,1,1
behr_ballisticrepeater_ventilation_s1,LOC_PLACEHOLDER,,,,1,1,Ventilation,,Ventilation,1,1,1,1 / 1,1,1
behr_ballisticrepeater_ventilation_s2,LOC_PLACEHOLDER,,,,1,1,Ventilation,,Ventilation,1,1,1,1 / 1,1,1
behr_ballisticrepeater_ventilation_s3,LOC_PLACEHOLDER,,,,1,1,Ventilation,,Ventilation,1,1,1,1 / 1,1,1
behr_javelinballisticcannon_barrel_s7,LOC_PLACEHOLDER,,,,7,1,Barrel,,Barrel,1,1,1,1 / 1,1,1
behr_javelinballisticcannon_firingmechanism_s7,LOC_PLACEHOLDER,,,ESPR,7,1,FiringMechanism,,FiringMechanism,1,1,1,1 / 1,1,1
behr_javelinballisticcannon_powerarray_s7,LOC_PLACEHOLDER,,,,7,3,PowerArray,,PowerArray,1,1,1,1 / 1,1,1
behr_javelinballisticcannon_ventilation_s7,LOC_PLACEHOLDER,,,,7,1,Ventilation,,Ventilation,1,1,1,1 / 1,1,1
behr_lasercannon_barrel_s1,LOC_PLACEHOLDER,,,,1,1,Barrel,,Barrel,1,1,1,1 / 1,1,1
behr_lasercannon_barrel_s2,LOC_PLACEHOLDER,,,,1,1,Barrel,,Barrel,1,1,1,1 / 1,1,1
behr_lasercannon_barrel_s3,LOC_PLACEHOLDER,,,,1,1,Barrel,,Barrel,1,1,1,1 / 1,1,1
behr_lasercannon_barrel_s4,LOC_PLACEHOLDER,,,,1,1,Barrel,,Barrel,1,1,1,1 / 1,1,1
behr_lasercannon_barrel_s5,LOC_PLACEHOLDER,,,,1,1,Barrel,,Barrel,1,1,1,1 / 1,1,1
behr_lasercannon_barrel_s6,LOC_PLACEHOLDER,,,,1,1,Barrel,,Barrel,1,1,1,1 / 1,1,1
behr_lasercannon_barrel_s7,LOC_PLACEHOLDER,,,,1,1,Barrel,,Barrel,1,1,1,1 / 1,1,1
behr_lasercannon_barrel_s8,LOC_PLACEHOLDER,,,,1,1,Barrel,,Barrel,1,1,1,1 / 1,1,1
behr_lasercannon_barrel_s9,LOC_PLACEHOLDER,,,,1,1,Barrel,,Barrel,1,1,1,1 / 1,1,1
behr_lasercannon_firingmechanism_s1,LOC_PLACEHOLDER,,,ESPR,1,1,FiringMechanism,,FiringMechanism,1,1,1,1 / 1,1,1
behr_lasercannon_firingmechanism_s2,LOC_PLACEHOLDER,,,ESPR,1,1,FiringMechanism,,FiringMechanism,1,1,1,1 / 1,1,1
behr_lasercannon_firingmechanism_s3,LOC_PLACEHOLDER,,,ESPR,1,1,FiringMechanism,,FiringMechanism,1,1,1,1 / 1,1,1
behr_lasercannon_firingmechanism_s4,LOC_PLACEHOLDER,,,ESPR,1,1,FiringMechanism,,FiringMechanism,1,1,1,1 / 1,1,1
behr_lasercannon_firingmechanism_s5,LOC_PLACEHOLDER,,,ESPR,1,1,FiringMechanism,,FiringMechanism,1,1,1,1 / 1,1,1
behr_lasercannon_firingmechanism_s6,LOC_PLACEHOLDER,,,ESPR,1,1,FiringMechanism,,FiringMechanism,1,1,1,1 / 1,1,1
behr_lasercannon_firingmechanism_s7,LOC_PLACEHOLDER,,,ESPR,1,1,FiringMechanism,,FiringMechanism,1,1,1,1 / 1,1,1
behr_lasercannon_firingmechanism_s8,LOC_PLACEHOLDER,,,ESPR,1,1,FiringMechanism,,FiringMechanism,1,1,1,1 / 1,1,1
behr_lasercannon_firingmechanism_s9,LOC_PLACEHOLDER,,,ESPR,1,1,FiringMechanism,,FiringMechanism,1,1,1,1 / 1,1,1
behr_lasercannon_powerarray_s1,LOC_PLACEHOLDER,,,,3,3,PowerArray,,PowerArray,1,1,1,1 / 1,1,1
behr_lasercannon_powerarray_s2,LOC_PLACEHOLDER,,,,3,3,PowerArray,,PowerArray,1,1,1,1 / 1,1,1
behr_lasercannon_powerarray_s3,LOC_PLACEHOLDER,,,,3,3,PowerArray,,PowerArray,1,1,1,1 / 1,1,1
behr_lasercannon_powerarray_s4,LOC_PLACEHOLDER,,,,3,3,PowerArray,,PowerArray,1,1,1,1 / 1,1,1
behr_lasercannon_powerarray_s5,LOC_PLACEHOLDER,,,,3,3,PowerArray,,PowerArray,1,1,1,1 / 1,1,1
behr_lasercannon_powerarray_s6,LOC_PLACEHOLDER,,,,3,3,PowerArray,,PowerArray,1,1,1,1 / 1,1,1
behr_lasercannon_powerarray_s7,LOC_PLACEHOLDER,,,,3,3,PowerArray,,PowerArray,1,1,1,1 / 1,1,1
behr_lasercannon_powerarray_s8,LOC_PLACEHOLDER,,,,3,3,PowerArray,,PowerArray,1,1,1,1 / 1,1,1
behr_lasercannon_powerarray_s9,LOC_PLACEHOLDER,,,,3,3,PowerArray,,PowerArray,1,1,1,1 / 1,1,1
behr_lasercannon_sf7e_barrel_s7,LOC_PLACEHOLDER,,,BEHR,7,7,Barrel,1,Barrel,1,1,1,1 / 1,1,1
behr_lasercannon_sf7e_firingmechanism_s7,LOC_PLACEHOLDER,,,BEHR,7,7,FiringMechanism,1,FiringMechanism,1,1,1,1 / 1,1,1
behr_lasercannon_sf7e_powerarray_s7,LOC_PLACEHOLDER,,,BEHR,7,7,PowerArray,1,PowerArray,1,1,1,1 / 1,1,1
behr_lasercannon_sf7e_ventilation_s7,LOC_PLACEHOLDER,,,BEHR,7,7,Ventilation,1,Ventilation,1,1,1,1 / 1,1,1
behr_lasercannon_ventilation_s1,LOC_PLACEHOLDER,,,,1,1,Ventilation,,Ventilation,1,1,1,1 / 1,1,1
behr_lasercannon_ventilation_s2,LOC_PLACEHOLDER,,,,1,1,Ventilation,,Ventilation,1,1,1,1 / 1,1,1
behr_lasercannon_ventilation_s3,LOC_PLACEHOLDER,,,,1,1,Ventilation,,Ventilation,1,1,1,1 / 1,1,1
behr_lasercannon_ventilation_s4,LOC_PLACEHOLDER,,,,1,1,Ventilation,,Ventilation,1,1,1,1 / 1,1,1
behr_lasercannon_ventilation_s5,LOC_PLACEHOLDER,,,,1,1,Ventilation,,Ventilation,1,1,1,1 / 1,1,1
behr_lasercannon_ventilation_s6,LOC_PLACEHOLDER,,,,1,1,Ventilation,,Ventilation,1,1,1,1 / 1,1,1
behr_lasercannon_ventilation_s7,LOC_PLACEHOLDER,,,,1,1,Ventilation,,Ventilation,1,1,1,1 / 1,1,1
behr_lasercannon_ventilation_s8,LOC_PLACEHOLDER,,,,1,1,Ventilation,,Ventilation,1,1,1,1 / 1,1,1
behr_lasercannon_ventilation_s9,LOC_PLACEHOLDER,,,,1,1,Ventilation,,Ventilation,1,1,1,1 / 1,1,1
behr_laserrepeater_barrel_s10,LOC_PLACEHOLDER,,,BEHR,10,1,Barrel,,Barrel,1,1,1,1 / 1,1,1
behr_laserrepeater_firingmechanism_s10,LOC_PLACEHOLDER,,,BEHR,10,1,FiringMechanism,,FiringMechanism,1,1,1,1 / 1,1,1
behr_laserrepeater_powerarray_s10,LOC_PLACEHOLDER,,,BEHR,10,1,PowerArray,,PowerArray,1,1,1,1 / 1,1,1
behr_laserrepeater_ventilation_s10,LOC_PLACEHOLDER,,,BEHR,10,1,Ventilation,,Ventilation,1,1,1,1 / 1,1,1
bengal_ballisticcannon_barrel_s7,LOC_PLACEHOLDER,,,GATS,7,1,Barrel,,Barrel,1,1,1,1 / 1,1,1
bengal_ballisticcannon_barrel_s8,LOC_PLACEHOLDER,,,GATS,8,1,Barrel,,Barrel,1,1,1,1 / 1,1,1
bengal_ballisticcannon_firingmechanism_s7,LOC_PLACEHOLDER,,,GATS,7,1,FiringMechanism,,FiringMechanism,1,1,1,1 / 1,1,1
bengal_ballisticcannon_firingmechanism_s8,LOC_PLACEHOLDER,,,GATS,8,1,FiringMechanism,,FiringMechanism,1,1,1,1 / 1,1,1
bengal_ballisticcannon_powerarray_s7,LOC_PLACEHOLDER,,,GATS,7,3,PowerArray,,PowerArray,1,1,1,1 / 1,1,1
bengal_ballisticcannon_powerarray_s8,LOC_PLACEHOLDER,,,GATS,8,3,PowerArray,,PowerArray,1,1,1,1 / 1,1,1
bengal_ballisticcannon_ventilation_s7,LOC_PLACEHOLDER,,,GATS,7,1,Ventilation,,Ventilation,1,1,1,1 / 1,1,1
bengal_ballisticcannon_ventilation_s8,LOC_PLACEHOLDER,,,GATS,8,1,Ventilation,,Ventilation,1,1,1,1 / 1,1,1
bengal_ballisticgatling_barrel_s6,LOC_PLACEHOLDER,,,BEHR,6,1,Barrel,,Barrel,1,1,1,1 / 1,1,1
bengal_ballisticgatling_firingmechanism_s6,LOC_PLACEHOLDER,,,BEHR,6,1,FiringMechanism,,FiringMechanism,1,1,1,1 / 1,1,1
bengal_ballisticgatling_powerarray_s6,LOC_PLACEHOLDER,,,BEHR,6,1,PowerArray,,PowerArray,1,1,1,1 / 1,1,1
bengal_ballisticgatling_ventilation_s6,LOC_PLACEHOLDER,,,BEHR,6,1,Ventilation,,Ventilation,1,1,1,1 / 1,1,1
espr_ballisticcannon_barrel_s1,LOC_PLACEHOLDER,,,,1,1,Barrel,,Barrel,1,1,1,1 / 1,1,1
espr_ballisticcannon_barrel_s2,LOC_PLACEHOLDER,,,,1,1,Barrel,,Barrel,1,1,1,1 / 1,1,1
espr_ballisticcannon_barrel_s3,LOC_PLACEHOLDER,,,,1,1,Barrel,,Barrel,1,1,1,1 / 1,1,1
espr_ballisticcannon_barrel_s4,LOC_PLACEHOLDER,,,,4,4,Barrel,,Barrel,1,1,1,1 / 1,1,1
espr_ballisticcannon_barrel_s5,LOC_PLACEHOLDER,,,,5,5,Barrel,,Barrel,1,1,1,1 / 1,1,1
espr_ballisticcannon_barrel_s6,LOC_PLACEHOLDER,,,,6,6,Barrel,,Barrel,1,1,1,1 / 1,1,1
espr_ballisticcannon_firingmechanism_s1,LOC_PLACEHOLDER,,,ESPR,1,1,FiringMechanism,,FiringMechanism,1,1,1,1 / 1,1,1
espr_ballisticcannon_firingmechanism_s2,LOC_PLACEHOLDER,,,ESPR,1,1,FiringMechanism,,FiringMechanism,1,1,1,1 / 1,1,1
espr_ballisticcannon_firingmechanism_s3,LOC_PLACEHOLDER,,,ESPR,1,1,FiringMechanism,,FiringMechanism,1,1,1,1 / 1,1,1
espr_ballisticcannon_firingmechanism_s4,LOC_PLACEHOLDER,,,ESPR,4,4,FiringMechanism,,FiringMechanism,1,1,1,1 / 1,1,1
espr_ballisticcannon_firingmechanism_s5,LOC_PLACEHOLDER,,,ESPR,5,5,FiringMechanism,,FiringMechanism,1,1,1,1 / 1,1,1
espr_ballisticcannon_firingmechanism_s6,LOC_PLACEHOLDER,,,ESPR,6,6,FiringMechanism,,FiringMechanism,1,1,1,1 / 1,1,1
espr_ballisticcannon_powerarray_s1,LOC_PLACEHOLDER,,,,3,3,PowerArray,,PowerArray,1,1,1,1 / 1,1,1
espr_ballisticcannon_powerarray_s2,LOC_PLACEHOLDER,,,,3,3,PowerArray,,PowerArray,1,1,1,1 / 1,1,1
espr_ballisticcannon_powerarray_s3,LOC_PLACEHOLDER,,,,3,3,PowerArray,,PowerArray,1,1,1,1 / 1,1,1
espr_ballisticcannon_powerarray_s4,LOC_PLACEHOLDER,,,,4,4,PowerArray,,PowerArray,1,1,1,1 / 1,1,1
espr_ballisticcannon_powerarray_s5,LOC_PLACEHOLDER,,,,5,5,PowerArray,,PowerArray,1,1,1,1 / 1,1,1
espr_ballisticcannon_powerarray_s6,LOC_PLACEHOLDER,,,,6,6,PowerArray,,PowerArray,1,1,1,1 / 1,1,1
espr_ballisticcannon_ventilation_s1,LOC_PLACEHOLDER,,,,1,1,Ventilation,,Ventilation,1,1,1,1 / 1,1,1
espr_ballisticcannon_ventilation_s2,LOC_PLACEHOLDER,,,,1,1,Ventilation,,Ventilation,1,1,1,1 / 1,1,1
espr_ballisticcannon_ventilation_s3,LOC_PLACEHOLDER,,,,1,1,Ventilation,,Ventilation,1,1,1,1 / 1,1,1
espr_ballisticcannon_ventilation_s4,LOC_PLACEHOLDER,,,,4,4,Ventilation,,Ventilation,1,1,1,1 / 1,1,1
espr_ballisticcannon_ventilation_s5,LOC_PLACEHOLDER,,,,5,5,Ventilation,,Ventilation,1,1,1,1 / 1,1,1
espr_ballisticcannon_ventilation_s6,LOC_PLACEHOLDER,,,,6,6,Ventilation,,Ventilation,1,1,1,1 / 1,1,1
espr_lasercannon_barrel_s1,LOC_PLACEHOLDER,,,,1,1,Barrel,,Barrel,1,1,1,1 / 1,1,1
espr_lasercannon_barrel_s2,LOC_PLACEHOLDER,,,,1,1,Barrel,,Barrel,1,1,1,1 / 1,1,1
espr_lasercannon_barrel_s3,LOC_PLACEHOLDER,,,,3,3,Barrel,,Barrel,1,1,1,1 / 1,1,1
espr_lasercannon_barrel_s4,LOC_PLACEHOLDER,,,,4,4,Barrel,,Barrel,1,1,1,1 / 1,1,1
espr_lasercannon_barrel_s5,LOC_PLACEHOLDER,,,,5,5,Barrel,,Barrel,1,1,1,1 / 1,1,1
espr_lasercannon_barrel_s6,LOC_PLACEHOLDER,,,,6,6,Barrel,,Barrel,1,1,1,1 / 1,1,1
espr_lasercannon_firingmechanism_s1,LOC_PLACEHOLDER,,,ESPR,1,1,FiringMechanism,,FiringMechanism,1,1,1,1 / 1,1,1
espr_lasercannon_firingmechanism_s2,LOC_PLACEHOLDER,,,ESPR,1,1,FiringMechanism,,FiringMechanism,1,1,1,1 / 1,1,1
espr_lasercannon_firingmechanism_s3,LOC_PLACEHOLDER,,,,3,3,FiringMechanism,,FiringMechanism,1,1,1,1 / 1,1,1
espr_lasercannon_firingmechanism_s4,LOC_PLACEHOLDER,,,,4,4,FiringMechanism,,FiringMechanism,1,1,1,1 / 1,1,1
espr_lasercannon_firingmechanism_s5,LOC_PLACEHOLDER,,,,5,5,FiringMechanism,,FiringMechanism,1,1,1,1 / 1,1,1
espr_lasercannon_firingmechanism_s6,LOC_PLACEHOLDER,,,,6,6,FiringMechanism,,FiringMechanism,1,1,1,1 / 1,1,1
espr_lasercannon_powerarray_s1,LOC_PLACEHOLDER,,,,3,3,PowerArray,,PowerArray,1,1,1,1 / 1,1,1
espr_lasercannon_powerarray_s2,LOC_PLACEHOLDER,,,,3,3,PowerArray,,PowerArray,1,1,1,1 / 1,1,1
espr_lasercannon_powerarray_s3,LOC_PLACEHOLDER,,,,3,3,PowerArray,,PowerArray,1,1,1,1 / 1,1,1
espr_lasercannon_powerarray_s4,LOC_PLACEHOLDER,,,,4,4,PowerArray,,PowerArray,1,1,1,1 / 1,1,1
espr_lasercannon_powerarray_s5,LOC_PLACEHOLDER,,,,5,5,PowerArray,,PowerArray,1,1,1,1 / 1,1,1
espr_lasercannon_powerarray_s6,LOC_PLACEHOLDER,,,,6,6,PowerArray,,PowerArray,1,1,1,1 / 1,1,1
espr_lasercannon_ventilation_s1,LOC_PLACEHOLDER,,,,1,1,Ventilation,,Ventilation,1,1,1,1 / 1,1,1
espr_lasercannon_ventilation_s2,LOC_PLACEHOLDER,,,,1,1,Ventilation,,Ventilation,1,1,1,1 / 1,1,1
espr_lasercannon_ventilation_s3,LOC_PLACEHOLDER,,,,3,3,Ventilation,,Ventilation,1,1,1,1 / 1,1,1
espr_lasercannon_ventilation_s4,LOC_PLACEHOLDER,,,,4,4,Ventilation,,Ventilation,1,1,1,1 / 1,1,1
espr_lasercannon_ventilation_s5,LOC_PLACEHOLDER,,,,5,5,Ventilation,,Ventilation,1,1,1,1 / 1,1,1
espr_lasercannon_ventilation_s6,LOC_PLACEHOLDER,,,,6,6,Ventilation,,Ventilation,1,1,1,1 / 1,1,1
gats_ballisticcannon_barrel_s1,LOC_PLACEHOLDER,,,GATS,1,1,Barrel,,Barrel,1,1,1,1 / 1,1,1
gats_ballisticcannon_barrel_s2,LOC_PLACEHOLDER,,,GATS,1,1,Barrel,,Barrel,1,1,1,1 / 1,1,1
gats_ballisticcannon_barrel_s3,LOC_PLACEHOLDER,,,GATS,1,1,Barrel,,Barrel,1,1,1,1 / 1,1,1
gats_ballisticcannon_firingmechanism_s1,LOC_PLACEHOLDER,,,GATS,1,1,FiringMechanism,,FiringMechanism,1,1,1,1 / 1,1,1
gats_ballisticcannon_firingmechanism_s2,LOC_PLACEHOLDER,,,GATS,1,1,FiringMechanism,,FiringMechanism,1,1,1,1 / 1,1,1
gats_ballisticcannon_firingmechanism_s3,LOC_PLACEHOLDER,,,GATS,1,1,FiringMechanism,,FiringMechanism,1,1,1,1 / 1,1,1
gats_ballisticcannon_powerarray_s1,LOC_PLACEHOLDER,,,GATS,3,3,PowerArray,,PowerArray,1,1,1,1 / 1,1,1
gats_ballisticcannon_powerarray_s2,LOC_PLACEHOLDER,,,GATS,3,3,PowerArray,,PowerArray,1,1,1,1 / 1,1,1
gats_ballisticcannon_powerarray_s3,LOC_PLACEHOLDER,,,GATS,3,3,PowerArray,,PowerArray,1,1,1,1 / 1,1,1
gats_ballisticcannon_ventilation_s1,LOC_PLACEHOLDER,,,GATS,1,1,Ventilation,,Ventilation,1,1,1,1 / 1,1,1
gats_ballisticcannon_ventilation_s2,LOC_PLACEHOLDER,,,GATS,1,1,Ventilation,,Ventilation,1,1,1,1 / 1,1,1
gats_ballisticcannon_ventilation_s3,LOC_PLACEHOLDER,,,GATS,1,1,Ventilation,,Ventilation,1,1,1,1 / 1,1,1
gats_ballisticgatling_barrel_s1,LOC_PLACEHOLDER,,,GATS,1,1,Barrel,,Barrel,1,1,1,1 / 1,1,1
gats_ballisticgatling_barrel_s2,LOC_PLACEHOLDER,,,GATS,1,1,Barrel,,Barrel,1,1,1,1 / 1,1,1
gats_ballisticgatling_barrel_s3,LOC_PLACEHOLDER,,,GATS,1,1,Barrel,,Barrel,1,1,1,1 / 1,1,1
gats_ballisticgatling_firingmechanism_s1,LOC_PLACEHOLDER,,,GATS,1,1,FiringMechanism,,FiringMechanism,1,1,1,1 / 1,1,1
gats_ballisticgatling_firingmechanism_s2,LOC_PLACEHOLDER,,,GATS,1,1,FiringMechanism,,FiringMechanism,1,1,1,1 / 1,1,1
gats_ballisticgatling_firingmechanism_s3,LOC_PLACEHOLDER,,,GATS,1,1,FiringMechanism,,FiringMechanism,1,1,1,1 / 1,1,1
gats_ballisticgatling_powerarray_s1,LOC_PLACEHOLDER,,,GATS,1,1,PowerArray,,PowerArray,1,1,1,1 / 1,1,1
gats_ballisticgatling_powerarray_s2,LOC_PLACEHOLDER,,,GATS,1,1,PowerArray,,PowerArray,1,1,1,1 / 1,1,1
gats_ballisticgatling_powerarray_s3,LOC_PLACEHOLDER,,,GATS,1,1,PowerArray,,PowerArray,1,1,1,1 / 1,1,1
gats_ballisticgatling_ventilation_s1,LOC_PLACEHOLDER,,,GATS,1,1,Ventilation,,Ventilation,1,1,1,1 / 1,1,1
gats_ballisticgatling_ventilation_s2,LOC_PLACEHOLDER,,,GATS,1,1,Ventilation,,Ventilation,1,1,1,1 / 1,1,1
gats_ballisticgatling_ventilation_s3,LOC_PLACEHOLDER,,,GATS,1,1,Ventilation,,Ventilation,1,1,1,1 / 1,1,1
hrst_laserbeam_barrel_s10,LOC_PLACEHOLDER,,,,9,1,Barrel,,Barrel,1,1,1,1 / 1,1,1
hrst_laserrepeater_barrel_s1,LOC_PLACEHOLDER,,,,1,1,Barrel,,Barrel,1,1,1,1 / 1,1,1
hrst_laserrepeater_barrel_s2,LOC_PLACEHOLDER,,,,1,1,Barrel,,Barrel,1,1,1,1 / 1,1,1
hrst_laserrepeater_barrel_s3_storm,LOC_PLACEHOLDER,,,HRST,1,1,Barrel,,Barrel,1,1,1,1 / 1,1,1
hrst_laserrepeater_barrel_s3,LOC_PLACEHOLDER,,,,1,1,Barrel,,Barrel,1,1,1,1 / 1,1,1
hrst_laserrepeater_barrel_s4,LOC_PLACEHOLDER,,,,1,1,Barrel,,Barrel,1,1,1,1 / 1,1,1
hrst_laserrepeater_barrel_s5,LOC_PLACEHOLDER,,,,1,1,Barrel,,Barrel,1,1,1,1 / 1,1,1
hrst_laserrepeater_barrel_s6,LOC_PLACEHOLDER,,,,1,1,Barrel,,Barrel,1,1,1,1 / 1,1,1
hrst_laserrepeater_firingmechanism_s1,LOC_PLACEHOLDER,,,,1,1,FiringMechanism,,FiringMechanism,1,1,1,1 / 1,1,1
hrst_laserrepeater_firingmechanism_s2,LOC_PLACEHOLDER,,,,1,1,FiringMechanism,,FiringMechanism,1,1,1,1 / 1,1,1
hrst_laserrepeater_firingmechanism_s3_storm,LOC_PLACEHOLDER,,,HRST,1,1,FiringMechanism,,FiringMechanism,1,1,1,1 / 1,1,1
hrst_laserrepeater_firingmechanism_s3,LOC_PLACEHOLDER,,,,1,1,FiringMechanism,,FiringMechanism,1,1,1,1 / 1,1,1
hrst_laserrepeater_firingmechanism_s4,LOC_PLACEHOLDER,,,,1,1,FiringMechanism,,FiringMechanism,1,1,1,1 / 1,1,1
hrst_laserrepeater_firingmechanism_s5,LOC_PLACEHOLDER,,,,1,1,FiringMechanism,,FiringMechanism,1,1,1,1 / 1,1,1
hrst_laserrepeater_firingmechanism_s6,LOC_PLACEHOLDER,,,,1,1,FiringMechanism,,FiringMechanism,1,1,1,1 / 1,1,1
hrst_laserrepeater_powerarray_s1,LOC_PLACEHOLDER,,,,1,1,PowerArray,,PowerArray,1,1,1,1 / 1,1,1
hrst_laserrepeater_powerarray_s2,LOC_PLACEHOLDER,,,,1,1,PowerArray,,PowerArray,1,1,1,1 / 1,1,1
hrst_laserrepeater_powerarray_s3_storm,LOC_PLACEHOLDER,,,HRST,1,1,PowerArray,,PowerArray,1,1,1,1 / 1,1,1
hrst_laserrepeater_powerarray_s3,LOC_PLACEHOLDER,,,,1,1,PowerArray,,PowerArray,1,1,1,1 / 1,1,1
hrst_laserrepeater_powerarray_s4,LOC_PLACEHOLDER,,,,1,1,PowerArray,,PowerArray,1,1,1,1 / 1,1,1
hrst_laserrepeater_powerarray_s5,LOC_PLACEHOLDER,,,,1,1,PowerArray,,PowerArray,1,1,1,1 / 1,1,1
hrst_laserrepeater_powerarray_s6,LOC_PLACEHOLDER,,,,1,1,PowerArray,,PowerArray,1,1,1,1 / 1,1,1
hrst_laserrepeater_ventilation_s1,LOC_PLACEHOLDER,,,,1,1,Ventilation,,Ventilation,1,1,1,1 / 1,1,1
hrst_laserrepeater_ventilation_s2,LOC_PLACEHOLDER,,,,1,1,Ventilation,,Ventilation,1,1,1,1 / 1,1,1
hrst_laserrepeater_ventilation_s3_storm,LOC_PLACEHOLDER,,,HRST,1,1,Ventilation,,Ventilation,1,1,1,1 / 1,1,1
hrst_laserrepeater_ventilation_s3,LOC_PLACEHOLDER,,,,1,1,Ventilation,,Ventilation,1,1,1,1 / 1,1,1
hrst_laserrepeater_ventilation_s4,LOC_PLACEHOLDER,,,,1,1,Ventilation,,Ventilation,1,1,1,1 / 1,1,1
hrst_laserrepeater_ventilation_s5,LOC_PLACEHOLDER,,,,1,1,Ventilation,,Ventilation,1,1,1,1 / 1,1,1
hrst_laserrepeater_ventilation_s6,LOC_PLACEHOLDER,,,,1,1,Ventilation,,Ventilation,1,1,1,1 / 1,1,1
hrst_laserscattergun_barrel_s1,LOC_PLACEHOLDER,,,,1,1,Barrel,,Barrel,1,1,1,1 / 1,1,1
hrst_laserscattergun_barrel_s2,LOC_PLACEHOLDER,,,,1,1,Barrel,,Barrel,1,1,1,1 / 1,1,1
hrst_laserscattergun_barrel_s3,LOC_PLACEHOLDER,,,,1,1,Barrel,,Barrel,1,1,1,1 / 1,1,1
hrst_laserscattergun_firingmechanism_s1,LOC_PLACEHOLDER,,,,1,1,FiringMechanism,,FiringMechanism,1,1,1,1 / 1,1,1
hrst_laserscattergun_firingmechanism_s2,LOC_PLACEHOLDER,,,,1,1,FiringMechanism,,FiringMechanism,1,1,1,1 / 1,1,1
hrst_laserscattergun_firingmechanism_s3,LOC_PLACEHOLDER,,,,1,1,FiringMechanism,,FiringMechanism,1,1,1,1 / 1,1,1
hrst_laserscattergun_powerarray_s1,LOC_PLACEHOLDER,,,,1,1,PowerArray,,PowerArray,1,1,1,1 / 1,1,1
hrst_laserscattergun_powerarray_s2,LOC_PLACEHOLDER,,,,1,1,PowerArray,,PowerArray,1,1,1,1 / 1,1,1
hrst_laserscattergun_powerarray_s3,LOC_PLACEHOLDER,,,,1,1,PowerArray,,PowerArray,1,1,1,1 / 1,1,1
hrst_laserscattergun_ventilation_s1,LOC_PLACEHOLDER,,,,1,1,Ventilation,,Ventilation,1,1,1,1 / 1,1,1
hrst_laserscattergun_ventilation_s2,LOC_PLACEHOLDER,,,,1,1,Ventilation,,Ventilation,1,1,1,1 / 1,1,1
hrst_laserscattergun_ventilation_s3,LOC_PLACEHOLDER,,,,1,1,Ventilation,,Ventilation,1,1,1,1 / 1,1,1
jokr_distortioncannon_barrel_s1,LOC_PLACEHOLDER,,,,1,1,Barrel,,Barrel,1,1,1,1 / 1,1,1
jokr_distortioncannon_barrel_s2,LOC_PLACEHOLDER,,,,1,1,Barrel,,Barrel,1,1,1,1 / 1,1,1
jokr_distortioncannon_barrel_s3,LOC_PLACEHOLDER,,,,1,1,Barrel,,Barrel,1,1,1,1 / 1,1,1
jokr_distortioncannon_firingmechanism_s1,LOC_PLACEHOLDER,,,,1,1,FiringMechanism,,FiringMechanism,1,1,1,1 / 1,1,1
jokr_distortioncannon_firingmechanism_s2,LOC_PLACEHOLDER,,,,1,1,FiringMechanism,,FiringMechanism,1,1,1,1 / 1,1,1
jokr_distortioncannon_firingmechanism_s3,LOC_PLACEHOLDER,,,,1,1,FiringMechanism,,FiringMechanism,1,1,1,1 / 1,1,1
jokr_distortioncannon_powerarray_s1,LOC_PLACEHOLDER,,,,3,3,PowerArray,,PowerArray,1,1,1,1 / 1,1,1
jokr_distortioncannon_powerarray_s2,LOC_PLACEHOLDER,,,,3,3,PowerArray,,PowerArray,1,1,1,1 / 1,1,1
jokr_distortioncannon_powerarray_s3,LOC_PLACEHOLDER,,,,3,3,PowerArray,,PowerArray,1,1,1,1 / 1,1,1
jokr_distortioncannon_ventilation_s1,LOC_PLACEHOLDER,,,,1,1,Ventilation,,Ventilation,1,1,1,1 / 1,1,1
jokr_distortioncannon_ventilation_s2,LOC_PLACEHOLDER,,,,1,1,Ventilation,,Ventilation,1,1,1,1 / 1,1,1
jokr_distortioncannon_ventilation_s3,LOC_PLACEHOLDER,,,,1,1,Ventilation,,Ventilation,1,1,1,1 / 1,1,1
klwe_massdriver_barrel_s1,LOC_PLACEHOLDER,,,KLWE,1,1,Barrel,,Barrel,1,1,1,1 / 1,1,1
klwe_massdriver_barrel_s2,LOC_PLACEHOLDER,,,KLWE,2,1,Barrel,,Barrel,1,1,1,1 / 1,1,1
klwe_massdriver_barrel_s3,LOC_PLACEHOLDER,,,,3,1,Barrel,,Barrel,1,1,1,1 / 1,1,1
klwe_massdriver_firingmechanism_s1,LOC_PLACEHOLDER,,,ESPR,1,1,FiringMechanism,,FiringMechanism,1,1,1,1 / 1,1,1
klwe_massdriver_firingmechanism_s2,LOC_PLACEHOLDER,,,KLWE,2,1,FiringMechanism,,FiringMechanism,1,1,1,1 / 1,1,1
klwe_massdriver_firingmechanism_s3,LOC_PLACEHOLDER,,,KLWE,3,1,FiringMechanism,,FiringMechanism,1,1,1,1 / 1,1,1
klwe_massdriver_powerarray_s1,LOC_PLACEHOLDER,,,KLWE,3,3,PowerArray,,PowerArray,1,1,1,1 / 1,1,1
klwe_massdriver_powerarray_s2,LOC_PLACEHOLDER,,,KLWE,2,3,PowerArray,,PowerArray,1,1,1,1 / 1,1,1
klwe_massdriver_powerarray_s3,LOC_PLACEHOLDER,,,KLWE,3,3,PowerArray,,PowerArray,1,1,1,1 / 1,1,1
klwe_massdriver_ventilation_s1,LOC_PLACEHOLDER,,,KLWE,1,1,Ventilation,,Ventilation,1,1,1,1 / 1,1,1
klwe_massdriver_ventilation_s2,LOC_PLACEHOLDER,,,KLWE,2,1,Ventilation,,Ventilation,1,1,1,1 / 1,1,1
klwe_massdriver_ventilation_s3,LOC_PLACEHOLDER,,,KLWE,3,1,Ventilation,,Ventilation,1,1,1,1 / 1,1,1
kron_lasercannon_barrel_s1,LOC_PLACEHOLDER,,,KRON,1,1,Barrel,,Barrel,1,1,1,1 / 1,1,1
kron_lasercannon_barrel_s2,LOC_PLACEHOLDER,,,KRON,1,1,Barrel,,Barrel,1,1,1,1 / 1,1,1
kron_lasercannon_barrel_s3,LOC_PLACEHOLDER,,,KRON,1,1,Barrel,,Barrel,1,1,1,1 / 1,1,1
kron_lasercannon_firingmechanism_s1,LOC_PLACEHOLDER,,,KRON,1,1,FiringMechanism,,FiringMechanism,1,1,1,1 / 1,1,1
kron_lasercannon_firingmechanism_s2,LOC_PLACEHOLDER,,,KRON,1,1,FiringMechanism,,FiringMechanism,1,1,1,1 / 1,1,1
kron_lasercannon_firingmechanism_s3,LOC_PLACEHOLDER,,,KRON,1,1,FiringMechanism,,FiringMechanism,1,1,1,1 / 1,1,1
kron_lasercannon_powerarray_s1,LOC_PLACEHOLDER,,,KRON,3,3,PowerArray,,PowerArray,1,1,1,1 / 1,1,1
kron_lasercannon_powerarray_s2,LOC_PLACEHOLDER,,,KRON,3,3,PowerArray,,PowerArray,1,1,1,1 / 1,1,1
kron_lasercannon_powerarray_s3,LOC_PLACEHOLDER,,,KRON,3,3,PowerArray,,PowerArray,1,1,1,1 / 1,1,1
kron_lasercannon_ventilation_s1,LOC_PLACEHOLDER,,,KRON,1,1,Ventilation,,Ventilation,1,1,1,1 / 1,1,1
kron_lasercannon_ventilation_s2,LOC_PLACEHOLDER,,,KRON,1,1,Ventilation,,Ventilation,1,1,1,1 / 1,1,1
kron_lasercannon_ventilation_s3,LOC_PLACEHOLDER,,,KRON,1,1,Ventilation,,Ventilation,1,1,1,1 / 1,1,1
mxox_neutronrepeater_barrel_s1,LOC_PLACEHOLDER,,,,1,1,Barrel,,Barrel,1,1,1,1 / 1,1,1
mxox_neutronrepeater_barrel_s2,LOC_PLACEHOLDER,,,,1,1,Barrel,,Barrel,1,1,1,1 / 1,1,1
mxox_neutronrepeater_barrel_s3,LOC_PLACEHOLDER,,,,1,1,Barrel,,Barrel,1,1,1,1 / 1,1,1
mxox_neutronrepeater_firingmechanism_s1,LOC_PLACEHOLDER,,,,1,1,FiringMechanism,,FiringMechanism,1,1,1,1 / 1,1,1
mxox_neutronrepeater_firingmechanism_s2,LOC_PLACEHOLDER,,,,1,1,FiringMechanism,,FiringMechanism,1,1,1,1 / 1,1,1
mxox_neutronrepeater_firingmechanism_s3,LOC_PLACEHOLDER,,,,1,1,FiringMechanism,,FiringMechanism,1,1,1,1 / 1,1,1
mxox_neutronrepeater_powerarray_s1,LOC_PLACEHOLDER,,,,1,1,PowerArray,,PowerArray,1,1,1,1 / 1,1,1
mxox_neutronrepeater_powerarray_s2,LOC_PLACEHOLDER,,,,1,1,PowerArray,,PowerArray,1,1,1,1 / 1,1,1
mxox_neutronrepeater_powerarray_s3,LOC_PLACEHOLDER,,,,1,1,PowerArray,,PowerArray,1,1,1,1 / 1,1,1
mxox_neutronrepeater_ventilation_s1,LOC_PLACEHOLDER,,,,1,1,Ventilation,,Ventilation,1,1,1,1 / 1,1,1
mxox_neutronrepeater_ventilation_s2,LOC_PLACEHOLDER,,,,1,1,Ventilation,,Ventilation,1,1,1,1 / 1,1,1
mxox_neutronrepeater_ventilation_s3,LOC_PLACEHOLDER,,,,1,1,Ventilation,,Ventilation,1,1,1,1 / 1,1,1
none_laserrepeater_barrel_s1,LOC_PLACEHOLDER,,,,1,1,Barrel,,Barrel,1,1,1,1 / 1,1,1
none_laserrepeater_barrel_s2,LOC_PLACEHOLDER,,,,1,1,Barrel,,Barrel,1,1,1,1 / 1,1,1
none_laserrepeater_barrel_s3,LOC_PLACEHOLDER,,,,1,1,Barrel,,Barrel,1,1,1,1 / 1,1,1
none_laserrepeater_firingmechanism_s1,LOC_PLACEHOLDER,,,,1,1,FiringMechanism,,FiringMechanism,1,1,1,1 / 1,1,1
none_laserrepeater_firingmechanism_s2,LOC_PLACEHOLDER,,,,1,1,FiringMechanism,,FiringMechanism,1,1,1,1 / 1,1,1
none_laserrepeater_firingmechanism_s3,LOC_PLACEHOLDER,,,,1,1,FiringMechanism,,FiringMechanism,1,1,1,1 / 1,1,1
none_laserrepeater_powerarray_s1,LOC_PLACEHOLDER,,,,1,1,PowerArray,,PowerArray,1,1,1,1 / 1,1,1
none_laserrepeater_powerarray_s2,LOC_PLACEHOLDER,,,,1,1,PowerArray,,PowerArray,1,1,1,1 / 1,1,1
none_laserrepeater_powerarray_s3,LOC_PLACEHOLDER,,,,1,1,PowerArray,,PowerArray,1,1,1,1 / 1,1,1
none_laserrepeater_ventilation_s1,LOC_PLACEHOLDER,,,,1,1,Ventilation,,Ventilation,1,1,1,1 / 1,1,1
none_laserrepeater_ventilation_s2,LOC_PLACEHOLDER,,,,1,1,Ventilation,,Ventilation,1,1,1,1 / 1,1,1
none_laserrepeater_ventilation_s3,LOC_PLACEHOLDER,,,,1,1,Ventilation,,Ventilation,1,1,1,1 / 1,1,1
toag_lasergatling_barrel_s2,LOC_PLACEHOLDER,,,XIAN,1,1,Barrel,,Barrel,1,1,1,1 / 1,1,1
toag_lasergatling_firingmechanism_s2,LOC_PLACEHOLDER,,,GATS,1,1,FiringMechanism,,FiringMechanism,1,1,1,1 / 1,1,1
toag_lasergatling_powerarray_s2,LOC_PLACEHOLDER,,,GATS,1,1,PowerArray,,PowerArray,1,1,1,1 / 1,1,1
toag_lasergatling_ventilation_s2,LOC_PLACEHOLDER,,,GATS,1,1,Ventilation,,Ventilation,1,1,1,1 / 1,1,1
toag_laserrepeater_barrel_s3,LOC_PLACEHOLDER,,,,1,1,Barrel,,Barrel,1,1,1,1 / 1,1,1
toag_laserrepeater_firingmechanism_s3,LOC_PLACEHOLDER,,,,1,1,FiringMechanism,,FiringMechanism,1,1,1,1 / 1,1,1
toag_laserrepeater_powerarray_s3,LOC_PLACEHOLDER,,,,1,1,PowerArray,,PowerArray,1,1,1,1 / 1,1,1
toag_laserrepeater_ventilation_s3,LOC_PLACEHOLDER,,,,1,1,Ventilation,,Ventilation,1,1,1,1 / 1,1,1
vncl_gen2_plasmacannon_barrel_s2,LOC_PLACEHOLDER,,,,2,1,Barrel,,Barrel,1,1,1,1 / 1,1,1
vncl_gen2_plasmacannon_barrel_s4,LOC_PLACEHOLDER,,,,4,1,Barrel,,Barrel,1,1,1,1 / 1,1,1
vncl_gen2_plasmacannon_firingmechanism_s2,LOC_PLACEHOLDER,,,ESPR,2,1,FiringMechanism,,FiringMechanism,1,1,1,1 / 1,1,1
vncl_gen2_plasmacannon_firingmechanism_s4,LOC_PLACEHOLDER,,,ESPR,4,1,FiringMechanism,,FiringMechanism,1,1,1,1 / 1,1,1
vncl_gen2_plasmacannon_powerarray_s2,LOC_PLACEHOLDER,,,,2,1,PowerArray,,PowerArray,1,1,1,1 / 1,1,1
vncl_gen2_plasmacannon_powerarray_s4,LOC_PLACEHOLDER,,,,4,1,PowerArray,,PowerArray,1,1,1,1 / 1,1,1
vncl_gen2_plasmacannon_ventilation_s2,LOC_PLACEHOLDER,,,,2,1,Ventilation,,Ventilation,1,1,1,1 / 1,1,1
vncl_gen2_plasmacannon_ventilation_s4,LOC_PLACEHOLDER,,,,4,1,Ventilation,,Ventilation,1,1,1,1 / 1,1,1
wep_barrel_template,LOC_PLACEHOLDER,,,,1,1,Barrel,,Barrel,1,1,1,1 / 1,1,1
wep_cannonbarrel_template,LOC_PLACEHOLDER,,,,1,1,Barrel,,Barrel,1,1,1,1 / 1,1,1
wep_cannonfiringmechanism_template,LOC_PLACEHOLDER,,,,1,1,FiringMechanism,,FiringMechanism,1,1,1,1 / 1,1,1
wep_cannonpowerarray_template,LOC_PLACEHOLDER,,,,3,3,PowerArray,,PowerArray,1,1,1,1 / 1,1,1
wep_cannonventilation_template,LOC_PLACEHOLDER,,,,1,1,Ventilation,,Ventilation,1,1,1,1 / 1,1,1
wep_firingmechanism_template,LOC_PLACEHOLDER,,,,1,1,FiringMechanism,,FiringMechanism,1,1,1,1 / 1,1,1
wep_gatlingbarrel_template,LOC_PLACEHOLDER,,,,1,1,Barrel,,Barrel,1,1,1,1 / 1,1,1
wep_gatlingfiringmechanism_template,LOC_PLACEHOLDER,,,,1,1,FiringMechanism,,FiringMechanism,1,1,1,1 / 1,1,1
wep_gatlingpowerarray_template,LOC_PLACEHOLDER,,,,1,1,PowerArray,,PowerArray,1,1,1,1 / 1,1,1
wep_gatlingventilation_template,LOC_PLACEHOLDER,,,,1,1,Ventilation,,Ventilation,1,1,1,1 / 1,1,1
wep_powerarray_template,LOC_PLACEHOLDER,,,,1,1,PowerArray,,PowerArray,1,1,1,1 / 1,1,1
wep_repeaterbarrel_template,LOC_PLACEHOLDER,,,,1,1,Barrel,,Barrel,1,1,1,1 / 1,1,1
wep_repeaterfiringmechanism_template,LOC_PLACEHOLDER,,,,1,1,FiringMechanism,,FiringMechanism,1,1,1,1 / 1,1,1
wep_repeaterpowerarray_template,LOC_PLACEHOLDER,,,,1,1,PowerArray,,PowerArray,1,1,1,1 / 1,1,1
wep_repeaterventilation_template,LOC_PLACEHOLDER,,,,1,1,Ventilation,,Ventilation,1,1,1,1 / 1,1,1
wep_ventilation_template,LOC_PLACEHOLDER,,,,1,1,Ventilation,,Ventilation,1,1,1,1 / 1,1,1
behr_binoculars_01_collector01,item_Namebehr_binoculars_01_collector01,item_Namebehr_binoculars_01_collector01_short,item_Descbehr_binoculars_01_collector01,BEHR,1,1,Gadget,,Gadget,1,1,1,8 / 16,1,1
behr_binoculars_01_tint01,item_Namebehr_binoculars_01_tint01,item_Namebehr_binoculars_01_tint01_short,item_Descbehr_binoculars_01_tint01,BEHR,1,1,Gadget,,Gadget,1,1,1,8 / 16,1,1
behr_binoculars_01_tint02,item_Namebehr_binoculars_01_tint02,item_Namebehr_binoculars_01_tint02_short,item_Descbehr_binoculars_01_tint02,BEHR,1,1,Gadget,,Gadget,1,1,1,8 / 16,1,1
behr_binoculars_01_tint03,item_Namebehr_binoculars_01_tint03,item_Namebehr_binoculars_01_tint03_short,item_Descbehr_binoculars_01_tint03,BEHR,1,1,Gadget,,Gadget,1,1,1,8 / 16,1,1
behr_binoculars_01,item_Namebehr_binoculars_01,item_Namebehr_binoculars_01_short,item_Descbehr_binoculars_01,BEHR,1,1,Gadget,,Gadget,1,1,1,8 / 16,1,1
arma_barrel_comp_s1_02,item_Namearma_barrel_comp_s1_02,,item_Descarma_barrel_comp_s1_02,ARMA,1,1,Barrel,,Barrel,1,1,1,1 / 1,1.2,1
arma_barrel_comp_s1_03,item_Namearma_barrel_comp_s1_03,,item_Descarma_barrel_comp_s1_03,ARMA,1,1,Barrel,,Barrel,1,1,1,1 / 1,1.15,1.2
arma_barrel_comp_s1_04,item_Namearma_barrel_comp_s1_04,,item_Descarma_barrel_comp_s1_04,ARMA,1,1,Barrel,,Barrel,1.175,1,1,1 / 1,1,1
arma_barrel_comp_s1_contestedzonereward,item_namarma_barrel_comp_s1_contestedzonereward,,item_descarma_barrel_comp_s1_contestedzonereward,ARMA,1,1,Barrel,,Barrel,1,1,1,1 / 1,1,1
arma_barrel_comp_s1,item_Namearma_barrel_comp_s1,,item_Descarma_barrel_comp_s1,ARMA,1,1,Barrel,,Barrel,1,1,1,1 / 1,1,1.2
arma_barrel_comp_s2_02,item_Namearma_barrel_comp_s2_02,,item_Descarma_barrel_comp_s2_02,ARMA,2,1,Barrel,,Barrel,1,1,1,1 / 1,1,1
arma_barrel_comp_s2_03,item_Namearma_barrel_comp_s2_03,,item_Descarma_barrel_comp_s2_03,ARMA,2,1,Barrel,,Barrel,1.05,1.35,1,1 / 1,1.15,1
arma_barrel_comp_s2_04,item_Namearma_barrel_comp_s2_04,,item_Descarma_barrel_comp_s2_04,ARMA,2,1,Barrel,,Barrel,1,1,1,1 / 1,1.075,1
arma_barrel_comp_s2_contestedzonereward,item_namearma_barrel_comp_s2_contestedzonereward,,item_descarma_barrel_comp_s2_contestedzonereward,ARMA,2,1,Barrel,,Barrel,0.9,1,1,1 / 1,1.25,1.2
arma_barrel_comp_s2_firerats01,item_Namearma_barrel_comp_s2_firerats01,item_Namearma_barrel_comp_s2_firerats01_short,item_Descarma_barrel_comp_s2_firerats01,ARMA,2,1,Barrel,,Barrel,0.9,0.875,1,1 / 1,1,1.2
arma_barrel_comp_s2,item_Namearma_barrel_comp_s2,,item_Descarma_barrel_comp_s2,ARMA,2,1,Barrel,,Barrel,1,1,1,1 / 1,1,1.2
arma_barrel_comp_s3_02,item_Namearma_barrel_comp_s3_02,,item_Descarma_barrel_comp_s3_02,ARMA,3,1,Barrel,,Barrel,1,0.85,1,1 / 1,0.65,1
arma_barrel_comp_s3_03,item_Namearma_barrel_comp_s3_03,,item_Descarma_barrel_comp_s3_03,ARMA,3,1,Barrel,,Barrel,1,1,1,1 / 1,1,1.2
arma_barrel_comp_s3_04,item_Namearma_barrel_comp_s3_04,,item_Descarma_barrel_comp_s3_04,ARMA,3,1,Barrel,,Barrel,1.075,1.075,1,1 / 1,1,1.2
arma_barrel_comp_s3,item_Namearma_barrel_comp_s3,,item_Descarma_barrel_comp_s3,ARMA,3,1,Barrel,,Barrel,1,1,1,1 / 1,1,1.2
arma_barrel_flhd_s1,item_Namearma_barrel_flhd_s1,,item_Descarma_barrel_flhd_s1,ARMA,1,1,Barrel,,Barrel,1,1,1,1 / 1,1,1
arma_barrel_flhd_s2,item_Namearma_barrel_flhd_s2,,item_Descarma_barrel_flhd_s2,ARMA,2,1,Barrel,,Barrel,1,1,1,1 / 1,1,1
arma_barrel_flhd_s3,item_Namearma_barrel_flhd_s3,,item_Descarma_barrel_flhd_s3,ARMA,3,1,Barrel,,Barrel,1,1,1,1 / 1,1,1
arma_barrel_stab_s1_02,item_Namearma_barrel_stab_s1_02,,item_Descarma_barrel_stab_s1_02,ARMA,1,1,Barrel,,Barrel,0.9,1,1,1 / 1,1,1
arma_barrel_stab_s1_firerats01,item_Namearma_barrel_stab_s1_firerats01,item_Namearma_barrel_stab_s1_firerats01_short,item_Descarma_barrel_stab_s1_firerats01,ARMA,1,1,Barrel,,Barrel,1,0.875,1,1 / 1,1,1.2
arma_barrel_stab_s1,item_Namearma_barrel_stab_s1,,item_Descarma_barrel_stab_s1,ARMA,1,1,Barrel,,Barrel,1,1,1,1 / 1,1,1.2
arma_barrel_stab_s2_02,item_Namearma_barrel_stab_s2_02,,item_Descarma_barrel_stab_s2_02,ARMA,2,1,Barrel,,Barrel,0.95,1,1,1 / 1,1,1.2
arma_barrel_stab_s2_contestedzonereward,item_namearma_barrel_stab_s2_contestedzonereward,,item_descarma_barrel_stab_s2_contestedzonereward,ARMA,2,1,Barrel,,Barrel,1.125,1,0.2,1 / 1,1,1.2
arma_barrel_stab_s2,item_Namearma_barrel_stab_s2,,item_Descarma_barrel_stab_s2,ARMA,2,1,Barrel,,Barrel,1,1,1,1 / 1,1,1.2
arma_barrel_stab_s3_02,item_Namearma_barrel_stab_s3_02,,item_Descarma_barrel_stab_s3_02,ARMA,3,1,Barrel,,Barrel,1.1,1,1,1 / 1,1,1
arma_barrel_stab_s3,item_Namearma_barrel_stab_s3,,item_Descarma_barrel_stab_s3,ARMA,3,1,Barrel,,Barrel,1,1,1,1 / 1,1,1.2
arma_barrel_supp_s1_02,item_Namearma_barrel_supp_s1_02,,item_Descarma_barrel_supp_s1_02,ARMA,1,1,Barrel,,Barrel,1,1,1.1,1 / 1,1,0.66
arma_barrel_supp_s1_03,item_Namearma_barrel_supp_s1_03,,item_Descarma_barrel_supp_s1_03,ARMA,1,1,Barrel,,Barrel,1,1,1,1 / 1,1,0.66
arma_barrel_supp_s1,item_Namearma_barrel_supp_s1,,item_Descarma_barrel_supp_s1,ARMA,1,1,Barrel,,Barrel,0.92,1,1,1 / 1,1,0.66
arma_barrel_supp_s2_02,item_Namearma_barrel_supp_s2_02,,item_Descarma_barrel_supp_s2_02,ARMA,2,1,Barrel,,Barrel,1,1,0.75,1 / 1,1,0.66
arma_barrel_supp_s2_03,item_Namearma_barrel_supp_s2_03,,item_Descarma_barrel_supp_s2_03,ARMA,2,1,Barrel,,Barrel,1,1,1,1 / 1,1.125,0.66
arma_barrel_supp_s2,item_Namearma_barrel_supp_s2,,item_Descarma_barrel_supp_s2,ARMA,2,1,Barrel,,Barrel,0.92,1,1,1 / 1,1,0.4
arma_barrel_supp_s3_02,item_Namearma_barrel_supp_s3_02,,item_Descarma_barrel_supp_s3_02,ARMA,3,1,Barrel,,Barrel,1,1,1,1 / 1,1,0.66
arma_barrel_supp_s3_03,item_Namearma_barrel_supp_s3_03,,item_Descarma_barrel_supp_s3_03,ARMA,3,1,Barrel,,Barrel,1,1,1,1 / 1,0.9,0.66
arma_barrel_supp_s3,item_Namearma_barrel_supp_s3,,item_Descarma_barrel_supp_s3,ARMA,3,1,Barrel,,Barrel,0.92,1,1,1 / 1,1,0.4
barrel_attachment,LOC_PLACEHOLDER,,,,0,1,Barrel,,Barrel,1,1,1,1 / 1,1,1
behr_binoculars_01_fakeoptic_collector,item_Namebehr_optics_tsco_x16_s3,,item_Descbehr_optics_tsco_x16_s3,BEHR,1,1,IronSight,,IronSight,1,1,1,10 / 12,1,1
behr_binoculars_01_fakeoptic,item_Namebehr_optics_tsco_x16_s3,,item_Descbehr_optics_tsco_x16_s3,BEHR,1,1,IronSight,,IronSight,1,1,1,10 / 12,1,1
behr_optics_holo_x1_s1,item_Namebehr_optics_holo_x1_s1,,item_Descbehr_optics_holo_x1_s1,BEHR,1,1,IronSight,,IronSight,1,1,1,1 / 2,1.15,1
behr_optics_holo_x2_s1,item_Namebehr_optics_holo_x2_s1,,item_Descbehr_optics_holo_x2_s1,BEHR,1,1,IronSight,,IronSight,1,1,1,2 / 3,1.15,1
behr_optics_holo_x3_s1_tint01,item_Namebehr_optics_holo_x3_s1_tint01,,item_Descbehr_optics_holo_X3_s1_tint01,BEHR,1,1,IronSight,,IronSight,1,1,1,3 / 4,1.15,1
behr_optics_holo_x3_s1,item_Namebehr_optics_holo_x3_s1,,item_Descbehr_optics_holo_x3_s1,BEHR,1,1,IronSight,,IronSight,1,1,1,3 / 4,1.15,1
behr_optics_rdot_x1_s1,item_Namebehr_optics_rdot_x1_s1,,item_Descbehr_optics_rdot_x1_s1,BEHR,1,1,IronSight,,IronSight,1,1,1,1 / 1,1.15,1
behr_optics_tsco_x16_s3,item_Namebehr_optics_tsco_x16_s3,,item_Descbehr_optics_tsco_x16_s3,BEHR,3,1,IronSight,,IronSight,1,1,1,16 / 1,1,1
behr_optics_tsco_x4_s2,item_Namebehr_optics_tsco_x4_s2,,item_Descbehr_optics_tsco_x4_s2,BEHR,2,1,IronSight,,IronSight,1,1,1,4 / 6,1.25,1
behr_optics_tsco_x8_s3,item_Namebehr_optics_tsco_x8_s3,,item_Descbehr_optics_tsco_x8_s3,BEHR,3,1,IronSight,,IronSight,1,1,1,8 / 1,1,1
gmni_optics_tsco_x4_s2_firerats01,item_Namegmni_optics_tsco_x4_s2_firerats02,item_Namegmni_optics_tsco_x4_s2_firerats02_short,item_Descgmni_optics_tsco_x4_s2_firerats02,GMNI,2,1,IronSight,,IronSight,1,1,1,4 / 2.5,1.05,1
gmni_optics_tsco_x4_s2,item_Namegmni_optics_tsco_x4_s2,,item_Descgmni_optics_tsco_x4_s2,GMNI,2,1,IronSight,,IronSight,1,1,1,4 / 1,1.25,1
gmni_optics_tsco_x8_s3_firerats01,item_Namegmni_optics_tsco_x8_s3_firerats01,item_Namegmni_optics_tsco_x8_s3_firerats01_short,item_Descgmni_optics_tsco_x8_s3_firerats01,GMNI,3,1,IronSight,,IronSight,1,1,1,8 / 4,1,1
gmni_optics_tsco_x8_s3_store01,item_Namegmni_optics_tsco_x8_s3_store01,item_Namegmni_optics_tsco_x8_s3_store01_short,item_Descgmni_optics_tsco_x8_s3_store01,GMNI,3,1,IronSight,,IronSight,1,1,1,8 / 1,1,1
gmni_optics_tsco_x8_s3,item_Namegmni_optics_tsco_x8_s3,,item_Descgmni_optics_tsco_x8_s3,GMNI,3,1,IronSight,,IronSight,1,1,1,8 / 1,1,1
grin_multitool_01_cutter,item_Namegrin_multitool_01_cutter,,item_Descgrin_multitool_01_cutter,GRIN,1,1,Utility,,Utility,1,1,1,1 / 1,1,1
grin_multitool_01_healing,item_Namegrin_multitool_01_healing,,item_Descgrin_multitool_01_healing,GRIN,1,1,Utility,,Utility,1,1,1,1 / 1,1,1
grin_multitool_01_mining,item_Namegrin_multitool_01_mining,,item_Descgrin_multitool_01_mining,GRIN,1,1,Utility,,Utility,1,1,1,1 / 1,1,1
grin_multitool_01_salvage_repair,item_Namegrin_multitool_01_salvage,item_Namegrin_multitool_01_salvage,item_Descgrin_multitool_01_salvage,GRIN,1,1,Utility,,Utility,1,1,1,1 / 1,1,1
grin_multitool_01_tractorbeam,item_Namegrin_multitool_01_tractorbeam,item_Namegrin_multitool_01_tractorbeam,item_Descgrin_multitool_01_tractorbeam,GRIN,1,1,Utility,,Utility,1,1,1,1 / 1,1,1
klwe_optics_disp_x8_s3,item_Nameklwe_optics_disp_x8_s3,,item_Descklwe_optics_disp_x8_s3,KLWE,3,1,IronSight,,IronSight,1,1,1,8 / 1,1,1
klwe_optics_holo_x1_5_s1,item_Nameklwe_optics_holo_x1_5_s1,,item_descklwe_optics_holo_x1_5_s1,KLWE,1,1,IronSight,,IronSight,1,1,1,1.5 / 3,1.05,1
klwe_optics_holo_x2_s1,item_Nameklwe_optics_holo_x2_s1,,item_descklwe_optics_holo_x2_s1,KLWE,1,1,IronSight,,IronSight,1,1,1,2 / 4,1.05,1
klwe_optics_holo_x3_s1,item_Nameklwe_optics_holo_x3_s1,,item_descklwe_optics_holo_x3_s1,KLWE,1,1,IronSight,,IronSight,1,1,1,3 / 4.5,1.05,1
klwe_optics_rdot_x1_s1,item_Nameklwe_optics_rdot_x1_s1,,item_descklwe_optics_rdot_x1_s1,KLWE,1,1,IronSight,,IronSight,1,1,1,1 / 3,1.05,1
klwe_optics_tsco_2_5x_s2,item_Nameklwe_optics_tsco_2_5x_s2,,item_descklwe_optics_tsco_2_5x_s2,KLWE,2,1,IronSight,,IronSight,1,1,1,2 / 5,1.05,1
klwe_optics_tsco_3_5x_s2,item_Nameklwe_optics_tsco_3_5x_s2,,item_descklwe_optics_tsco_3_5x_s2,KLWE,2,1,IronSight,,IronSight,1,1,1,3 / 5.5,1.05,1
klwe_ubarrel_flsh_s1,item_Nameklwe_ubarrel_flsh_s1,item_Nameklwe_ubarrel_flsh_s1_short,item_Descklwe_ubarrel_flsh_s1,NVTC,1,1,BottomAttachment,,BottomAttachment,1,1,1,1 / 1,1,1
klwe_ubarrel_lasr_s1_02,item_Nameklwe_ubarrel_lasr_s1_02,item_Nameklwe_ubarrel_lasr_s1_02_short,item_Descklwe_ubarrel_lasr_s1_02,NVTC,1,1,BottomAttachment,,BottomAttachment,1,1,1,1 / 1,1,1
klwe_ubarrel_lasr_s1,item_Nameklwe_ubarrel_lasr_s1,item_Nameklwe_ubarrel_lasr_s1_short,item_Descklwe_ubarrel_lasr_s1,NVTC,1,1,BottomAttachment,,BottomAttachment,1,1,1,1 / 1,1,1
ksar_optics_tsco_x8_s3,item_Nameksar_optics_tsco_x8_s3,,item_Descksar_optics_tsco_x8_s3,KSAR,3,1,IronSight,,IronSight,1,1,1,8 / 1,1,1
lbco_optics_tsco_x16_s3_acid01,item_Namelbco_optics_tsco_x16_s3,,item_Desclbco_optics_tsco_x16_s3,LBCO,3,1,IronSight,,IronSight,1,1,1,16 / 1,0.75,1
lbco_optics_tsco_x16_s3_chromic01,item_Namelbco_optics_tsco_x16_s3,,item_Desclbco_optics_tsco_x16_s3,LBCO,3,1,IronSight,,IronSight,1,1,1,16 / 1,0.75,1
lbco_optics_tsco_x16_s3_imp01,item_Namelbco_optics_tsco_x16_s3,,item_Desclbco_optics_tsco_x16_s3,LBCO,3,1,IronSight,,IronSight,1,1,1,16 / 1,0.75,1
lbco_optics_tsco_x16_s3_sunset01,item_Namelbco_optics_tsco_x16_s3,,item_Desclbco_optics_tsco_x16_s3,LBCO,3,1,IronSight,,IronSight,1,1,1,16 / 1,0.75,1
lbco_optics_tsco_x16_s3,item_Namelbco_optics_tsco_x16_s3,,item_Desclbco_optics_tsco_x16_s3,LBCO,3,1,IronSight,,IronSight,1,1,1,16 / 1,0.75,1
multitool_attachment,LOC_PLACEHOLDER,,,GRIN,0,1,Utility,,Utility,1,1,1,1 / 1,1,1
nvtc_optics_holo_x1_s1_lamp,Item_Namenvtc_optics_holo_x1_s1_LAMP,,Item_Descnvtc_optics_holo_x1_s1_LAMP,NVTC,1,1,IronSight,,IronSight,1,1,1,1 / 1,1.15,1
nvtc_optics_holo_x1_s1_tint01,item_Namenvtc_optics_holo_x1_s1_tint01,,item_Descnvtc_optics_holo_x1_s1_tint01,NVTC,1,1,IronSight,,IronSight,1,1,1,1 / 1,1.15,1
nvtc_optics_holo_x1_s1,item_Namenvtc_optics_holo_x1_s1,,item_Descnvtc_optics_holo_x1_s1,NVTC,1,1,IronSight,,IronSight,1,1,1,1 / 1,1.15,1
nvtc_optics_holo_x2_s1_lamp,Item_Namenvtc_optics_holo_x2_s1_LAMP,,Item_Descnvtc_optics_holo_x2_s1_LAMP,NVTC,1,1,IronSight,,IronSight,1,1,1,2 / 1,1.15,1
nvtc_optics_holo_x2_s1,item_Namenvtc_optics_holo_x2_s1,,item_Descnvtc_optics_holo_x2_s1,NVTC,1,1,IronSight,,IronSight,1,1,1,2 / 3,1.15,1
nvtc_optics_holo_x3_s1_lamp,Item_Namenvtc_optics_holo_x3_s1_LAMP,,Item_Descnvtc_optics_holo_x3_s1_LAMP,NVTC,1,1,IronSight,,IronSight,1,1,1,3 / 1,1.15,1
nvtc_optics_holo_x3_s1_tint01,item_Namenvtc_optics_holo_x3_s1_tint01,,item_Descnvtc_optics_holo_x3_s1_tint01,NVTC,1,1,IronSight,,IronSight,1,1,1,3 / 3,1.15,1
nvtc_optics_holo_x3_s1,item_Namenvtc_optics_holo_x3_s1,,item_Descnvtc_optics_holo_x3_s1,NVTC,1,1,IronSight,,IronSight,1,1,1,3 / 3,1.15,1
nvtc_optics_rdot_x1_s1_firerats01,item_Namenvtc_optics_rdot_x1_s1_firerats01,item_Namenvtc_optics_rdot_x1_s1_firerats01_short,item_Descnvtc_optics_rdot_x1_s1_firerats01,NVTC,1,1,IronSight,,IronSight,1,1,1,1 / 3,1.025,1
nvtc_optics_rdot_x1_s1_lamp,Item_Namenvtc_optics_rdot_x1_s1_LAMP,,Item_Descnvtc_optics_rdot_x1_s1_LAMP,NVTC,1,1,IronSight,,IronSight,1,1,1,1 / 1,1.15,1
nvtc_optics_rdot_x1_s1,item_Namenvtc_optics_rdot_x1_s1,,item_Descnvtc_optics_rdot_x1_s1,NVTC,1,1,IronSight,,IronSight,1,1,1,1 / 1,1.15,1
nvtc_optics_tsco_x4_s2_firerats01,item_Namenvtc_optics_tsco_x4_s2_firerats01,item_Namenvtc_optics_tsco_x4_s2_firerats01_short,item_Descnvtc_optics_tsco_x4_s2_firerats01,NVTC,2,1,IronSight,,IronSight,1,1,1,4 / 2,1.05,1
nvtc_optics_tsco_x4_s2_lamp,Item_Namenvtc_optics_tsco_x4_s2_LAMP,,Item_Descnvtc_optics_tsco_x4_s2_LAMP,NVTC,2,1,IronSight,,IronSight,1,1,1,4 / 6,1.25,1
nvtc_optics_tsco_x4_s2,item_Namenvtc_optics_tsco_x4_s2,,item_Descnvtc_optics_tsco_x4_s2,NVTC,2,1,IronSight,,IronSight,1,1,1,4 / 6,1.25,1
nvtc_optics_tsco_x8_s3_lamp,Item_Namenvtc_optics_tsco_x8_s3_LAMP,,Item_Descnvtc_optics_tsco_x8_s3_LAMP,NVTC,3,1,IronSight,,IronSight,1,1,1,6 / 1,1,1
nvtc_optics_tsco_x8_s3,item_Namenvtc_optics_tsco_x8_s3,,item_Descnvtc_optics_tsco_x8_s3,NVTC,3,1,IronSight,,IronSight,1,1,1,6 / 10,1,1
nvtc_ubarrel_flsh_s1_02,item_Namenvtc_ubarrel_flsh_s1_02,,item_Descnvtc_ubarrel_flsh_s1_02,NVTC,1,1,BottomAttachment,,BottomAttachment,1,1,1,1 / 1,1,1
nvtc_ubarrel_flsh_s1_03,item_Namenvtc_ubarrel_flsh_s1_03,,item_Descnvtc_ubarrel_flsh_s1_03,NVTC,1,1,BottomAttachment,,BottomAttachment,1,1,1,1 / 1,1,1
nvtc_ubarrel_flsh_s1_04,item_Namenvtc_ubarrel_flsh_s1_04,,item_Descnvtc_ubarrel_flsh_s1_04,NVTC,1,1,BottomAttachment,,BottomAttachment,1,1,1,1 / 1,1,1
nvtc_ubarrel_flsh_s1_firerats01,item_Namenvtc_ubarrel_flsh_s1_firerats01,item_Namenvtc_ubarrel_flsh_s1_firerats01_short,item_Descnvtc_ubarrel_flsh_s1_firerats01,NVTC,1,1,BottomAttachment,,BottomAttachment,1,1,1,1 / 1,1,1
nvtc_ubarrel_flsh_s1,item_Namenvtc_ubarrel_flsh_s1,,item_Descnvtc_ubarrel_flsh_s1,NVTC,1,1,BottomAttachment,,BottomAttachment,1,1,1,1 / 1,1,1
nvtc_ubarrel_lasr_s1,item_Namenvtc_ubarrel_lasr_s1,,item_Descnvtc_ubarrel_lasr_s1,NVTC,1,1,BottomAttachment,,BottomAttachment,1,1,1,1 / 1,1,1
optics_template,LOC_PLACEHOLDER,,,,0,1,IronSight,,IronSight,1,1,1,1 / 1,1,1
underbarrel_template,LOC_PLACEHOLDER,,,,0,1,BottomAttachment,,BottomAttachment,1,1,1,1 / 1,1,1
volt_optics_holo_x1_s1,item_Namevolt_optics_holo_x1_s1,,item_Descvolt_optics_holo_x1_s1,VOLT,1,1,IronSight,,IronSight,1,1,1,1 / 1,1.08,1
volt_optics_holo_x2_s1,item_Namevolt_optics_holo_x2_s1,,item_Descvolt_optics_holo_x2_s1,VOLT,1,1,IronSight,,IronSight,1,1,1,2 / 1,1.08,1
volt_optics_holo_x3_s1,item_Namevolt_optics_holo_x3_s1,,item_Descvolt_optics_holo_x3_s1,VOLT,1,1,IronSight,,IronSight,1,1,1,3 / 1,1.08,1
volt_optics_tsco_x8_s3_collector01,item_Namevolt_optics_tsco_x8_s3_collector01,item_Namevolt_optics_tsco_x8_s3_collector01,item_Descvolt_optics_tsco_x8_s3_collector01,LBCO,3,1,IronSight,,IronSight,1,1,1,4 / 8,1,1
volt_optics_tsco_x8_s3_store01,item_Namevolt_optics_tsco_x8_s3_store01,item_Namevolt_optics_tsco_x8_s3_store01,item_Descvolt_optics_tsco_x8_s3_store01,LBCO,3,1,IronSight,,IronSight,1,1,1,4 / 8,1,1
volt_optics_tsco_x8_s3_tint01,item_Namevolt_optics_tsco_x8_s3_tint01,item_Namevolt_optics_tsco_x8_s3_tint01,item_Descvolt_optics_tsco_x8_s3_tint01,LBCO,3,1,IronSight,,IronSight,1,1,1,4 / 8,1,1
volt_optics_tsco_x8_s3_tint02,item_Namevolt_optics_tsco_x8_s3_tint02,item_Namevolt_optics_tsco_x8_s3_tint02,item_Descvolt_optics_tsco_x8_s3_tint02,LBCO,3,1,IronSight,,IronSight,1,1,1,4 / 8,1,1
volt_optics_tsco_x8_s3_tint03,item_Namevolt_optics_tsco_x8_s3_tint03,item_Namevolt_optics_tsco_x8_s3_tint03,item_Descvolt_optics_tsco_x8_s3_tint03,LBCO,3,1,IronSight,,IronSight,1,1,1,4 / 8,1,1
volt_optics_tsco_x8_s3,item_Namevolt_optics_tsco_x8_s3_base,item_Namevolt_optics_tsco_x8_s3_base,item_Descvolt_optics_tsco_x8_s3_base,LBCO,3,1,IronSight,,IronSight,1,1,1,4 / 8,1,1
volt_ubarrel_flsh_s1,item_Namevolt_ubarrel_flsh_s1,item_Namevolt_ubarrel_flsh_s1,item_Descvolt_ubarrel_flsh_s1,NVTC,1,1,BottomAttachment,,BottomAttachment,1,1,1,1 / 1,1,1
weaponmount_nvtc_optics_holo_x1_s1,item_Namenvtc_optics_holo_x1_s1,,item_Descnvtc_optics_holo_x1_s1,NVTC,4,1,IronSight,,IronSight,1,1,1,1 / 1,1,1
gats_ballisticgatling_mounted_barrel_s1_fakehologram,LOC_PLACEHOLDER,,,GATS,1,1,Barrel,,Barrel,1,1,1,1 / 1,1,1
gats_ballisticgatling_mounted_barrel_s1,LOC_PLACEHOLDER,,,GATS,1,1,Barrel,,Barrel,1,1,1,1 / 1,1,1
gats_ballisticgatling_mounted_firingmechanism_s1,LOC_PLACEHOLDER,,,GATS,1,1,FiringMechanism,,FiringMechanism,1,1,1,1 / 1,1,1
gats_ballisticgatling_mounted_powerarray_s1,LOC_PLACEHOLDER,,,GATS,1,1,PowerArray,,PowerArray,1,1,1,1 / 1,1,1
gats_ballisticgatling_mounted_ventilation_s1,LOC_PLACEHOLDER,,,GATS,1,1,Ventilation,,Ventilation,1,1,1,1 / 1,1,1
